ply
format ascii 1.0
element vertex 5190
property float x
property float y
property float z
property float intensity
end_header
0.360798001289367676 0.22651199996471405 0.147262006998062134 100
0.362794995307922363 0.226427003741264343 0.147998005151748657 100
0.364791005849838257 0.22631700336933136 0.148736998438835144 100
0.365795999765396118 0.225066006183624268 0.149026006460189819 100
0.367792993783950806 0.224914997816085815 0.149770006537437439 100
0.369789987802505493 0.224736005067825317 0.150515004992485046 100
0.370795011520385742 0.223451003432273865 0.150812998414039612 100
0.37279200553894043 0.223229005932807922 0.151562005281448364 100
0.374788999557495117 0.222978994250297546 0.152312994003295898 100
0.37579500675201416 0.221653997898101807 0.152618005871772766 100
0.377792000770568848 0.221357002854347229 0.153372004628181458 100
0.380782008171081543 0.222055003046989441 0.154574006795883179 100
0.382779985666275024 0.221689000725746155 0.155330002307891846 100
0.38576999306678772 0.222294002771377563 0.156532004475593567 100
0.387768000364303589 0.221856996417045593 0.157288998365402222 100
0.390758991241455078 0.222370997071266174 0.158491998910903931 100
0.392758011817932129 0.221863001585006714 0.159251004457473755 100
0.395749002695083618 0.222284004092216492 0.160453006625175476 100
0.397747993469238281 0.221706002950668335 0.161212995648384094 100
0.399747014045715332 0.221097007393836975 0.161974996328353882 100
0.402738988399505615 0.221384003758430481 0.163176998496055603 100
0.404738008975982666 0.220703005790710449 0.163939997553825378 100
0.407730996608734131 0.22089800238609314 0.165142998099327087 100
0.410723000764846802 0.221039995551109314 0.166345998644828796 100
0.413715988397598267 0.221130996942520142 0.167548000812530518 100
0.415717005729675293 0.220295995473861694 0.168311998248100281 100
0.417717009782791138 0.219429999589920044 0.169076994061470032 100
0.421703994274139404 0.220240995287895203 0.170717000961303711 100
0.423705011606216431 0.219291999936103821 0.171481996774673462 100
0.426699012517929077 0.219145998358726501 0.172684997320175171 100
0.429693013429641724 0.218948006629943848 0.17388799786567688 100
0.432687997817993164 0.218698993325233459 0.175090000033378601 100
0.434689998626708984 0.217595994472503662 0.17585599422454834 100
0.437685012817382812 0.217253997921943665 0.177058994770050049 100
0.442667990922927856 0.218427002429962158 0.179131001234054565 100
0.446657001972198486 0.218734994530677795 0.1807669997215271 100
0.451640993356704712 0.219735994935035706 0.182835996150970459 100
0.454636991024017334 0.219139993190765381 0.184036999940872192 100
0.457634001970291138 0.218492001295089722 0.185237005352973938 100
0.461625009775161743 0.21852700412273407 0.186871007084846497 100
0.464623004198074341 0.217767998576164246 0.188070997595787048 100
0.468614012002944946 0.217672005295753479 0.189703002572059631 100
0.472606003284454346 0.217504993081092834 0.191334992647171021 100
0.476599007844924927 0.217268005013465881 0.192966997623443604 100
0.479597002267837524 0.216276004910469055 0.194166004657745361 100
0.482596009969711304 0.215233996510505676 0.195365995168685913 100
0.485594987869262695 0.214140996336936951 0.196565002202987671 100
0.494560986757278442 0.216930001974105835 0.200349003076553345 100
0.50054401159286499 0.217614993453025818 0.202839002013206482 100
0.503543972969055176 0.21628299355506897 0.204036995768547058 100
0.508533000946044922 0.216154992580413818 0.20609399676322937 100
0.513522982597351074 0.215937003493309021 0.208150997757911682 100
0.52945399284362793 0.222313001751899719 0.21492999792098999 100
0.53345102071762085 0.221215993165969849 0.216554000973701477 100
0.524518013000488281 0.212402001023292542 0.212603002786636353 100
0.536472022533416748 0.215920999646186829 0.21765899658203125 100
0.541463971138000488 0.215233996510505676 0.219712004065513611 100
0.545463025569915771 0.213899999856948853 0.221337005496025085 100
0.360810011625289917 0.226333007216453552 0.14528299868106842 100
0.362807005643844604 0.226252004504203796 0.146005004644393921 100
0.36480298638343811 0.226144999265670776 0.146729007363319397 100
0.365808010101318359 0.224898993968963623 0.147012993693351746 100
0.367805004119873047 0.224750995635986328 0.147741004824638367 100
0.369801998138427734 0.224575996398925781 0.148471996188163757 100
0.371798992156982422 0.224373996257781982 0.14920400083065033 100
0.372803986072540283 0.223076000809669495 0.149498999118804932 100
0.373809009790420532 0.221772000193595886 0.149795994162559509 100
0.37679898738861084 0.222551003098487854 0.150970995426177979 100
0.377804011106491089 0.221211999654769897 0.151272997260093689 100
0.37980198860168457 0.220889002084732056 0.152013003826141357 100
0.382791996002197266 0.221546992659568787 0.153189003467559814 100
0.384790003299713135 0.221154004335403442 0.153931006789207458 100
0.387780994176864624 0.221719995141029358 0.155108004808425903 100
0.390772014856338501 0.222234994173049927 0.156285002827644348 100
0.392769992351531982 0.221728995442390442 0.15702800452709198 100
0.394769012928009033 0.221193999052047729 0.1577720046043396 100
0.397760987281799316 0.22157500684261322 0.158949002623558044 100
0.399760007858276367 0.220967993140220642 0.15969499945640564 100
0.40175899863243103 0.220329999923706055 0.160440996289253235 100
0.404751986265182495 0.220577001571655273 0.161618992686271667 100
0.406751006841659546 0.219868004322052002 0.162366002798080444 100
0.409743994474411011 0.220021992921829224 0.163543999195098877 100
0.412737011909484863 0.220124006271362305 0.164720997214317322 100
0.41473698616027832 0.219301000237464905 0.165469005703926086 100
0.417730987071990967 0.219310998916625977 0.166647002100944519 100
0.419730991125106812 0.218415006995201111 0.167395994067192078 100
0.422724992036819458 0.218331992626190186 0.168574005365371704 100
0.425720006227493286 0.21819700300693512 0.169751003384590149 100
0.428714007139205933 0.218009993433952332 0.170928999781608582 100
0.431708991527557373 0.217772006988525391 0.172105997800827026 100
0.434704005718231201 0.217482000589370728 0.173282995820045471 100
0.436706006526947021 0.216349005699157715 0.174033999443054199 100
0.440694987773895264 0.216748997569084167 0.175635993480682373 100
0.444685012102127075 0.21707800030708313 0.177238002419471741 100
0.449669003486633301 0.218098998069763184 0.179263994097709656 100
0.453658998012542725 0.218275994062423706 0.180862993001937866 100
0.456656008958816528 0.217639997601509094 0.182037994265556335 100
0.459652990102767944 0.216951996088027954 0.183213993906974792 100
0.463645011186599731 0.216936007142066956 0.184811994433403015 100
0.467637002468109131 0.216850996017456055 0.186409994959831238 100
0.47162899374961853 0.216693997383117676 0.188006997108459473 100
0.475621014833450317 0.216466993093490601 0.189603999257087708 100
0.477625995874404907 0.214801996946334839 0.190356001257896423 100
0.48261299729347229 0.215129002928733826 0.192374005913734436 100
0.485612004995346069 0.214037001132965088 0.193547993898391724 100
0.489605993032455444 0.213549003005027771 0.195143997669219971 100
0.495588988065719604 0.214283004403114319 0.197580993175506592 100
0.503561973571777344 0.216178998351097107 0.200858995318412781 100
0.508552014827728271 0.216050997376441956 0.202871993184089661 100
0.511552989482879639 0.214600995182991028 0.204043999314308167 100
0.515549004077911377 0.213707998394966125 0.205636993050575256 100
0.520539999008178711 0.213342994451522827 0.207649007439613342 100
0.527521014213562012 0.214065000414848328 0.210500001907348633 100
0.530523002147674561 0.212347999215126038 0.211671993136405945 100
0.539494991302490234 0.213994994759559631 0.215358003973960876 100
0.543492972850799561 0.212679997086524963 0.216949000954627991 100
0.548485994338989258 0.211845993995666504 0.218958005309104919 100
0.360821992158889771 0.226160004734992981 0.14330899715423584 100
0.361826986074447632 0.224946007132530212 0.143582999706268311 100
0.364814996719360352 0.225979000329971313 0.144724994897842407 100
0.364827990531921387 0.223625004291534424 0.144573003053665161 100
0.366825014352798462 0.22349199652671814 0.145287007093429565 100
0.368822008371353149 0.22333100438117981 0.146002992987632751 100
0.370819002389907837 0.223142996430397034 0.146721005439758301 100
0.372815996408462524 0.222926005721092224 0.147439002990722656 100
0.374814003705978394 0.222681000828742981 0.148159995675086975 100
0.375818997621536255 0.221362993121147156 0.148453995585441589 100
0.377815991640090942 0.221071004867553711 0.149176999926567078 100
0.380807012319564819 0.221772000193595886 0.150327995419502258 100
0.382804989814758301 0.221410006284713745 0.151052996516227722 100
0.38480299711227417 0.221018999814987183 0.151778995990753174 100
0.387793987989425659 0.22158600389957428 0.152930006384849548 100
0.389791995286941528 0.221123993396759033 0.153658002614974976 100
0.392782986164093018 0.221598997712135315 0.154808998107910156 100
0.394782006740570068 0.22106499969959259 0.155537992715835571 100
0.396780997514724731 0.22050100564956665 0.15626700222492218 100
0.399773001670837402 0.22084200382232666 0.157418996095657349 100
0.400779008865356445 0.219281002879142761 0.157728001475334167 100
0.40377199649810791 0.219539999961853027 0.158879995346069336 100
0.406765013933181763 0.219747006893157959 0.160033002495765686 100
0.409758001565933228 0.219901993870735168 0.161184996366500854 100
0.412750989198684692 0.220005005598068237 0.162337005138397217 100
0.414750993251800537 0.219183996319770813 0.163068994879722595 100
0.417744994163513184 0.219193994998931885 0.164221003651618958 100
0.419744998216629028 0.218299999833106995 0.164954006671905518 100
0.422740012407302856 0.218217000365257263 0.166106000542640686 100
0.425734013319015503 0.218082994222640991 0.167257994413375854 100
0.428728997707366943 0.217897996306419373 0.168410003185272217 100
0.431724011898040771 0.217660993337631226 0.169561997056007385 100
0.434718996286392212 0.217372000217437744 0.17071300745010376 100
0.436720997095108032 0.216240003705024719 0.171448007225990295 100
0.440710008144378662 0.21664099395275116 0.173014998435974121 100
0.444700002670288086 0.216969996690750122 0.174582004547119141 100
0.44868999719619751 0.217228993773460388 0.176147997379302979 100
0.452681005001068115 0.217416003346443176 0.177713006734848022 100
0.456672012805938721 0.217533007264137268 0.179277002811431885 100
0.459668993949890137 0.216846004128456116 0.180426999926567078 100
0.462666988372802734 0.216107994318008423 0.181575998663902283 100
0.466659009456634521 0.216032996773719788 0.183139994740486145 100
0.469657003879547119 0.21518300473690033 0.18428899347782135 100
0.475638002157211304 0.216363996267318726 0.1866769939661026 100
0.478637009859085083 0.215382993221282959 0.187825992703437805 100
0.480641990900039673 0.213679000735282898 0.188562005758285522 100
0.485630005598068237 0.213936001062393188 0.190536007285118103 100
0.489623993635177612 0.213449001312255859 0.19209599494934082 100
0.495606988668441772 0.214182004332542419 0.194480001926422119 100
0.499601989984512329 0.213535994291305542 0.196039006114006042 100
0.504592001438140869 0.213446006178855896 0.198009997606277466 100
0.508587002754211426 0.212651997804641724 0.199568003416061401 100
0.512583017349243164 0.211787998676300049 0.201126992702484131 100
0.520557999610900879 0.213244006037712097 0.204327002167701721 100
0.527540028095245361 0.213965997099876404 0.207113996148109436 100
0.533527016639709473 0.21398499608039856 0.209490999579429626 100
0.537524998188018799 0.212758004665374756 0.211046993732452393 100
0.540527999401092529 0.21090400218963623 0.212192997336387634 100
0.545521020889282227 0.210098996758460999 0.214158996939659119 100
0.549520015716552734 0.208665996789932251 0.215715005993843079 100
0.359842002391815186 0.224843993782997131 0.140916004776954651 100
0.361838012933731079 0.224783003330230713 0.14160899817943573 100
0.363835006952285767 0.224694997072219849 0.142304003238677979 100
0.364840000867843628 0.223469004034996033 0.142579004168510437 100
0.366836994886398315 0.223339006304740906 0.143278002738952637 100
0.368833988904953003 0.223180994391441345 0.143978998064994812 100
0.370831012725830078 0.222995996475219727 0.144681006669998169 100
0.371836006641387939 0.221716001629829407 0.144966006278991699 100
0.373833000659942627 0.221484005451202393 0.145670995116233826 100
0.375831007957458496 0.221223995089530945 0.146377995610237122 100
0.377828985452651978 0.220934003591537476 0.147085994482040405 100
0.379826009273529053 0.220614999532699585 0.147793993353843689 100
0.381823986768722534 0.220266997814178467 0.148504003882408142 100
0.384815007448196411 0.22088700532913208 0.149630993604660034 100
0.3878059983253479 0.221457004547119141 0.150756999850273132 100
0.389804989099502563 0.220996007323265076 0.151467993855476379 100
0.39279600977897644 0.221471995115280151 0.152594998478889465 100
0.393801987171173096 0.219983994960784912 0.152894005179405212 100
0.396793991327285767 0.220377996563911438 0.154020994901657104 100
0.398793011903762817 0.219785004854202271 0.154734998941421509 100
0.400792986154556274 0.219161003828048706 0.155450001358985901 100
0.403784990310668945 0.21942099928855896 0.156577005982398987 100
0.406778007745742798 0.219629004597663879 0.157703995704650879 100
0.409770995378494263 0.219785004854202271 0.158830001950263977 100
0.411770999431610107 0.219006001949310303 0.159546002745628357 100
0.413771986961364746 0.218196004629135132 0.160263001918792725 100
0.416765004396438599 0.218217998743057251 0.161390006542205811 100
0.419759005308151245 0.218188002705574036 0.162516996264457703 100
0.421759992837905884 0.217263996601104736 0.16323399543762207 100
0.424755007028579712 0.217141002416610718 0.164361000061035156 100
0.427749991416931152 0.216966003179550171 0.165487006306648254 100
0.43074500560760498 0.216739997267723083 0.166613996028900146 100
0.433739989995956421 0.216462999582290649 0.167740002274513245 100
0.436735987663269043 0.216132998466491699 0.168865993618965149 100
0.439731001853942871 0.21575300395488739 0.169991999864578247 100
0.443720996379852295 0.216093003749847412 0.171524003148078918 100
0.4477120041847229 0.21636199951171875 0.173054993152618408 100
0.452695995569229126 0.217310994863510132 0.174990996718406677 100
0.455693989992141724 0.21668599545955658 0.1761150062084198 100
0.458691000938415527 0.216010004281997681 0.177239000797271729 100
0.462682992219924927 0.216005995869636536 0.178767994046211243 100
0.466675013303756714 0.2159309983253479 0.180296003818511963 100
0.469673007726669312 0.21508200466632843 0.181419998407363892 100
0.473666012287139893 0.214875996112823486 0.18294699490070343 100
0.476664990186691284 0.213916003704071045 0.184071004390716553 100
0.479663997888565063 0.212906002998352051 0.185194000601768494 100
0.483657985925674438 0.21250799298286438 0.186720997095108032 100
0.488646000623703003 0.212696000933647156 0.188649997115135193 100
0.495624005794525146 0.214083001017570496 0.191383004188537598 100
0.498625010251998901 0.212803006172180176 0.192505002021789551 100
0.504610002040863037 0.213348999619483948 0.194832995533943176 100
0.507610976696014404 0.211939007043838501 0.195954993367195129 100
0.514590978622436523 0.212905004620552063 0.198682993650436401 100
0.521571993827819824 0.213743999600410461 0.201409995555877686 100
0.52656400203704834 0.213282003998756409 0.203333005309104919 100
0.531556010246276855 0.212732002139091492 0.205255001783370972 100
0.538538992404937744 0.213230997323989868 0.207977995276451111 100
0.542537987232208252 0.21192699670791626 0.209499001502990723 100
0.547531008720397949 0.211104005575180054 0.211419999599456787 100
0.359852999448776245 0.224682003259658813 0.138961002230644226 100
0.361849993467330933 0.224623993039131165 0.139639005064964294 100
0.36384698748588562 0.224539995193481445 0.140319004654884338 100
0.364852011203765869 0.223316997289657593 0.140588998794555664 100
0.366849005222320557 0.223189994692802429 0.141273006796836853 100
0.368845999240875244 0.223034992814064026 0.141958996653556824 100
0.370842993259429932 0.222852006554603577 0.142645999789237976 100
0.371847987174987793 0.221576005220413208 0.142924994230270386 100
0.373845010995864868 0.221347004175186157 0.143615007400512695 100
0.37584298849105835 0.221089005470275879 0.144306004047393799 100
0.377840995788574219 0.220801994204521179 0.14499799907207489 100
0.379839003086090088 0.220485001802444458 0.145691007375717163 100
0.381837010383605957 0.220137998461723328 0.146385997533798218 100
0.384826987981796265 0.220760002732276917 0.14748699963092804 100
0.386826008558273315 0.220341995358467102 0.148182004690170288 100
0.389816999435424805 0.220871999859809875 0.14928300678730011 100
0.391815990209579468 0.220383003354072571 0.149978995323181152 100
0.393815010786056519 0.219862997531890869 0.150676995515823364 100
0.396806985139846802 0.220257997512817383 0.151777997612953186 100
0.398806005716323853 0.219667002558708191 0.152475997805595398 100
0.400806009769439697 0.219044998288154602 0.153174996376037598 100
0.40280500054359436 0.21839199960231781 0.153874993324279785 100
0.405797988176345825 0.218611001968383789 0.154975995421409607 100
0.408791005611419678 0.21877799928188324 0.156077995896339417 100
0.410791009664535522 0.218011006712913513 0.156779006123542786 100
0.413785010576248169 0.218086004257202148 0.157879993319511414 100
0.415785998106002808 0.217245995998382568 0.158581003546714783 100
0.418779999017715454 0.217226997017860413 0.159683004021644592 100
0.420780986547470093 0.216315001249313354 0.160384997725486755 100
0.423774987459182739 0.216202005743980408 0.161485999822616577 100
0.426770001649856567 0.216039001941680908 0.162587001919746399 100
0.429764986038208008 0.215822994709014893 0.163688004016876221 100
0.432761013507843018 0.215556994080543518 0.164789006114006042 100
0.43575701117515564 0.215238004922866821 0.16588999330997467 100
0.43875199556350708 0.214868992567062378 0.166990995407104492 100
0.442743003368377686 0.215219005942344666 0.168487995862960815 100
0.446732997894287109 0.215498000383377075 0.169983997941017151 100
0.450724005699157715 0.215706005692481995 0.171480000019073486 100
0.45471501350402832 0.215844005346298218 0.172975003719329834 100
0.457713007926940918 0.215177997946739197 0.174073994159698486 100
0.461703985929489136 0.215184003114700317 0.175567999482154846 100
0.465696990489959717 0.215119004249572754 0.177062004804611206 100
0.468695014715194702 0.214280992746353149 0.178159996867179871 100
0.472687989473342896 0.214084997773170471 0.179653003811836243 100
0.476680994033813477 0.213818997144699097 0.181144997477531433 100
0.47968098521232605 0.212808996438980103 0.182243004441261292 100
0.483675003051757812 0.212412998080253601 0.183734998106956482 100
0.488662987947463989 0.212599992752075195 0.18561999499797821 100
0.493652999401092529 0.212697997689247131 0.187502995133399963 100
0.497648000717163086 0.212072998285293579 0.188993006944656372 100
0.500648975372314453 0.210751995444297791 0.190090999007225037 100
0.504644989967346191 0.209996998310089111 0.191580995917320251 100
0.509635984897613525 0.20977899432182312 0.193461999297142029 100
0.518606007099151611 0.211859002709388733 0.196911007165908813 100
0.523598015308380127 0.211426004767417908 0.198790997266769409 100
0.530580997467041016 0.212060004472732544 0.20145300030708313 100
0.536568999290466309 0.212000995874404907 0.203722000122070312 100
0.544547021389007568 0.212952002882957458 0.206772997975349426 100
0.548546016216278076 0.211560994386672974 0.208258002996444702 100
0.359865009784698486 0.224525004625320435 0.137011006474494934 100
0.361862003803253174 0.224471002817153931 0.137674003839492798 100
0.363858014345169067 0.224389001727104187 0.138338997960090637 100
0.364863008260726929 0.223170995712280273 0.138604000210762024 100
0.36586800217628479 0.221947997808456421 0.138870999217033386 100
0.367864996194839478 0.221807003021240234 0.139541998505592346 100
0.369861990213394165 0.221637994050979614 0.140213996171951294 100
0.371859997510910034 0.22144000232219696 0.140888005495071411 100
0.372864991426467896 0.220159992575645447 0.14116300642490387 100
0.374862998723983765 0.219915002584457397 0.141839995980262756 100
0.376859992742538452 0.219641000032424927 0.142517000436782837 100
0.378858000040054321 0.219337001442909241 0.143195003271102905 100
0.381848990917205811 0.22001299262046814 0.144271001219749451 100
0.38384699821472168 0.219638004899024963 0.144950002431869507 100
0.386837989091873169 0.220219999551773071 0.146026000380516052 100
0.38883700966835022 0.219773992896080017 0.146705999970436096 100
0.391829013824462891 0.220264002680778503 0.147781997919082642 100
0.393828004598617554 0.219745993614196777 0.148462995886802673 100
0.395826995372772217 0.219197005033493042 0.149145007133483887 100
0.398818999528884888 0.219551995396614075 0.15022200345993042 100
0.400819003582000732 0.218931004405021667 0.150903999805450439 100
0.403811007738113403 0.219192996621131897 0.151979997754096985 100
0.405811011791229248 0.218500003218650818 0.152664005756378174 100
0.408805012702941895 0.218667998909950256 0.153740003705024719 100
0.410804986953735352 0.217903003096580505 0.154424995183944702 100
0.413798987865447998 0.217978000640869141 0.155500993132591248 100
0.415798991918563843 0.217139005661010742 0.156185999512672424 100
0.418794006109237671 0.217121005058288574 0.15726199746131897 100
0.42079499363899231 0.21620999276638031 0.157948002219200134 100
0.423788994550704956 0.216098994016647339 0.159023001790046692 100
0.426784008741378784 0.215936005115509033 0.160098999738693237 100
0.429780006408691406 0.215720996260643005 0.161173999309539795 100
0.433768987655639648 0.216255992650985718 0.162637993693351746 100
0.435770988464355469 0.21513800323009491 0.163324996829032898 100
0.438766986131668091 0.21476900577545166 0.164399996399879456 100
0.442757010459899902 0.215120002627372742 0.165861994028091431 100
0.44674798846244812 0.215398997068405151 0.167322993278503418 100
0.449744999408721924 0.214855998754501343 0.168396994471549988 100
0.453736007213592529 0.215003997087478638 0.169857993721961975 100
0.457727998495101929 0.215081006288528442 0.171317994594573975 100
0.460725992918014526 0.214365005493164062 0.172390997409820557 100
0.464718014001846313 0.214310005307197571 0.173849999904632568 100
0.467716991901397705 0.21348300576210022 0.17492300271987915 100
0.471709996461868286 0.213296994566917419 0.176381006836891174 100
0.476698011159896851 0.213724002242088318 0.178222998976707458 100
0.479696989059448242 0.212714999914169312 0.179296001791954041 100
0.483691006898880005 0.21231900155544281 0.180752992630004883 100
0.488680988550186157 0.212506994605064392 0.182593002915382385 100
0.49267500638961792 0.21196100115776062 0.18404899537563324 100
0.496670991182327271 0.21134600043296814 0.185505002737045288 100
0.500666022300720215 0.210660994052886963 0.186959996819496155 100
0.505657017230987549 0.210521996021270752 0.188797995448112488 100
0.509653985500335693 0.209687992930412292 0.190252006053924561 100
0.515640020370483398 0.209977999329566956 0.192471995949745178 100
0.52162700891494751 0.210161000490188599 0.194691002368927002 100
0.527615010738372803 0.210236996412277222 0.196907997131347656 100
0.532607972621917725 0.209637001156806946 0.198743000626564026 100
0.538596987724304199 0.209509000182151794 0.200958997011184692 100
0.542595982551574707 0.208175003528594971 0.202411994338035583 100
0.35888400673866272 0.223229005932807922 0.134671002626419067 100
0.360881000757217407 0.223188996315002441 0.135319992899894714 100
0.363869994878768921 0.224243000149726868 0.136362999677658081 100
0.363882988691329956 0.221919000148773193 0.136230006814002991 100
0.365880012512207031 0.22180899977684021 0.136885002255439758 100
0.367877006530761719 0.221671000123023987 0.137539997696876526 100
0.369874000549316406 0.221504002809524536 0.138197004795074463 100
0.371872007846832275 0.221309006214141846 0.138854995369911194 100
0.372877001762390137 0.220030993223190308 0.139125004410743713 100
0.374873995780944824 0.219788998365402222 0.139785006642341614 100
0.376872003078460693 0.219516992568969727 0.14044700562953949 100
0.378870010375976562 0.21921500563621521 0.141109004616737366 100
0.380867987871170044 0.21888299286365509 0.141772001981735229 100
0.382867008447647095 0.218520000576972961 0.142435997724533081 100
0.385857999324798584 0.219115003943443298 0.143487006425857544 100
0.388848990201950073 0.219657003879547119 0.144538000226020813 100
0.391840994358062744 0.220147997140884399 0.145587995648384094 100
0.392847001552581787 0.218676000833511353 0.145869001746177673 100
0.395839989185333252 0.219083994626998901 0.146919995546340942 100
0.397839009761810303 0.218507006764411926 0.147587001323699951 100
0.400831997394561768 0.218821004033088684 0.148636996746063232 100
0.402830988168716431 0.218171000480651855 0.149305000901222229 100
0.405824989080429077 0.21839199960231781 0.15035499632358551 100
0.407824993133544922 0.217668995261192322 0.151023998856544495 100
0.410818010568618774 0.217796996235847473 0.152073994278907776 100
0.412818998098373413 0.217001006007194519 0.15274299681186676 100
0.414819002151489258 0.216174006462097168 0.153412997722625732 100
0.417813986539840698 0.21616700291633606 0.154462993144989014 100
0.420807987451553345 0.216107994318008423 0.155514001846313477 100
0.422809988260269165 0.215167000889778137 0.156184002757072449 100
0.426798999309539795 0.215836003422737122 0.157613992691040039 100
0.429794013500213623 0.215621992945671082 0.158664003014564514 100
0.432790011167526245 0.215357005596160889 0.159713000059127808 100
0.435786008834838867 0.215039998292922974 0.160762995481491089 100
0.438782006502151489 0.214671999216079712 0.161812007427215576 100
0.442772001028060913 0.215022996068000793 0.163239002227783203 100
0.446763008832931519 0.215303003787994385 0.16466599702835083 100
0.449759989976882935 0.214761003851890564 0.165713995695114136 100
0.453752011060714722 0.214909002184867859 0.167140007019042969 100
0.456750005483627319 0.214255005121231079 0.168188005685806274 100
0.460741996765136719 0.214270994067192078 0.169612005352973938 100
0.463739991188049316 0.213504999876022339 0.170660004019737244 100
0.467732995748519897 0.213389992713928223 0.172084003686904907 100
0.470732003450393677 0.212512999773025513 0.173132002353668213 100
0.475719988346099854 0.212948992848396301 0.174930006265640259 100
0.478718996047973633 0.211951002478599548 0.175977006554603577 100
0.482713997364044189 0.211565002799034119 0.177398994565010071 100
0.487702995538711548 0.211761996150016785 0.179196000099182129 100
0.492693006992340088 0.21187099814414978 0.180992007255554199 100
0.49768298864364624 0.211889997124671936 0.1827860027551651 100
0.501679003238677979 0.211196005344390869 0.1842070072889328 100
0.505675017833709717 0.210433006286621094 0.185626998543739319 100
0.509671986103057861 0.209600001573562622 0.187046006321907043 100
0.516653001308441162 0.210485994815826416 0.18958599865436554 100
0.520650982856750488 0.209485992789268494 0.191005006432533264 100
0.526638984680175781 0.209571003913879395 0.193168997764587402 100
0.532626986503601074 0.209549993276596069 0.195333003997802734 100
0.538616001605987549 0.20942099392414093 0.197495996952056885 100
0.543610990047454834 0.208636999130249023 0.199285998940467834 100
0.54960101842880249 0.208305001258850098 0.201447993516921997 100
0.358895987272262573 0.223082005977630615 0.13273899257183075 100
0.360891997814178467 0.223045006394386292 0.13337300717830658 100
0.362888991832733154 0.222982004284858704 0.134008005261421204 100
0.363893985748291016 0.221781998872756958 0.134262993931770325 100
0.365891009569168091 0.22167399525642395 0.134902000427246094 100
0.367888987064361572 0.221538007259368896 0.135542005300521851 100
0.369886010885238647 0.221374005079269409 0.136182993650436401 100
0.371883004903793335 0.221181005239486694 0.136824995279312134 100
0.372889012098312378 0.219907000660896301 0.137088999152183533 100
0.374886006116867065 0.219666004180908203 0.137733995914459229 100
0.376884013414382935 0.219395995140075684 0.138380005955696106 100
0.378881990909576416 0.219095006585121155 0.139026999473571777 100
0.380881011486053467 0.218765005469322205 0.139673992991447449 100
0.382878988981246948 0.218404993414878845 0.140321999788284302 100
0.385870009660720825 0.218999996781349182 0.141348004341125488 100
0.388862013816833496 0.219543993473052979 0.142372995615005493 100
0.390861004590988159 0.219070002436637878 0.143022000789642334 100
0.392859995365142822 0.218566000461578369 0.143672004342079163 100
0.394858986139297485 0.218031004071235657 0.144323006272315979 100
0.397852003574371338 0.218398004770278931 0.145347997546195984 100
0.399850994348526001 0.217791005969047546 0.145999997854232788 100
0.402844011783599854 0.218064993619918823 0.147025004029273987 100
0.404843986034393311 0.217384994029998779 0.147677004337310791 100
0.407837986946105957 0.217565000057220459 0.148701995611190796 100
0.409837990999221802 0.216812998056411743 0.149354994297027588 100
0.412831991910934448 0.21690000593662262 0.150380000472068787 100
0.414833009243011475 0.216074004769325256 0.151032999157905579 100
0.416833996772766113 0.215216994285583496 0.151686996221542358 100
0.419829010963439941 0.215168997645378113 0.152713000774383545 100
0.422823995351791382 0.215068995952606201 0.153736993670463562 100
0.42581900954246521 0.214918002486228943 0.154761999845504761 100
0.429807990789413452 0.215525001287460327 0.156156003475189209 100
0.432803988456726074 0.215260997414588928 0.157180994749069214 100
0.435799986124038696 0.214945003390312195 0.158204004168510437 100
0.4387969970703125 0.214577004313468933 0.159227997064590454 100
0.441792994737625122 0.214157998561859131 0.160252004861831665 100
0.444790005683898926 0.213688001036643982 0.161275997757911682 100
0.447786986827850342 0.213166996836662292 0.162299007177352905 100
0.452773004770278931 0.214074999094009399 0.164057999849319458 100
0.455770999193191528 0.213431999087333679 0.165080994367599487 100
0.458768993616104126 0.212736994028091431 0.166103005409240723 100
0.462761998176574707 0.212703004479408264 0.167493000626564026 100
0.466755002737045288 0.21259799599647522 0.168881997466087341 100
0.470748007297515869 0.212422996759414673 0.170270994305610657 100
0.474741995334625244 0.212176993489265442 0.171658992767333984 100
0.478736013174057007 0.211861997842788696 0.173045992851257324 100
0.482730001211166382 0.211475998163223267 0.174434006214141846 100
0.486725002527236938 0.211021006107330322 0.175821006298065186 100
0.490720003843307495 0.2104949951171875 0.177206993103027344 100
0.496706008911132812 0.211168006062507629 0.17932400107383728 100
0.501695990562438965 0.211108997464179993 0.181073993444442749 100
0.505693018436431885 0.210345998406410217 0.182458996772766113 100
0.508695006370544434 0.208908006548881531 0.183479994535446167 100
0.513687014579772949 0.208610996603965759 0.185229003429412842 100
0.519674003124237061 0.208812996745109558 0.187341004610061646 100
0.525662004947662354 0.208908006548881531 0.189453005790710449 100
0.531651020050048828 0.20889599621295929 0.191563993692398071 100
0.537639975547790527 0.20877799391746521 0.193673998117446899 100
0.542635023593902588 0.208003997802734375 0.195419996976852417 100
0.548624992370605469 0.207681000232696533 0.197529003024101257 100
0.358907014131546021 0.222940996289253235 0.130811005830764771 100
0.360904008150100708 0.222907006740570068 0.131430000066757202 100
0.362901002168655396 0.222846001386642456 0.132049992680549622 100
0.363905996084213257 0.221649006009101868 0.13229900598526001 100
0.365902990102767944 0.221543997526168823 0.132921993732452393 100
0.36790001392364502 0.221410006284713745 0.133546993136405945 100
0.369897991418838501 0.221248000860214233 0.134173005819320679 100
0.371894985437393188 0.221056997776031494 0.134799003601074219 100
0.372900009155273438 0.219785004854202271 0.135058000683784485 100
0.374897986650466919 0.219547003507614136 0.135686993598937988 100
0.376895993947982788 0.219277992844581604 0.136316999793052673 100
0.378894001245498657 0.218979999423027039 0.136948004364967346 100
0.38089299201965332 0.218650996685028076 0.137578994035720825 100
0.382890999317169189 0.218291997909545898 0.138211995363235474 100
0.384889990091323853 0.217903003096580505 0.138844996690750122 100
0.387881010770797729 0.218457996845245361 0.139844998717308044 100
0.390872985124588013 0.218961998820304871 0.140845000743865967 100
0.392872989177703857 0.218458995223045349 0.141479000449180603 100
0.394872009754180908 0.217924997210502625 0.142113000154495239 100
0.397864997386932373 0.218293994665145874 0.143113002181053162 100
0.399863988161087036 0.21768699586391449 0.143748998641967773 100
0.402857005596160889 0.217961996793746948 0.144748002290725708 100
0.404857993125915527 0.217282995581626892 0.14538399875164032 100
0.406857997179031372 0.216572999954223633 0.146020993590354919 100
0.409851998090744019 0.216712996363639832 0.147020995616912842 100
0.412845999002456665 0.216801002621650696 0.148019999265670776 100
0.413852989673614502 0.215115994215011597 0.148295000195503235 100
0.41684800386428833 0.215120002627372742 0.149295002222061157 100
0.419842004776000977 0.215073004364967346 0.15029500424861908 100
0.422838002443313599 0.214974001049995422 0.15129399299621582 100
0.425832986831665039 0.21482299268245697 0.152292996644973755 100
0.428829014301300049 0.214621007442474365 0.153292000293731689 100
0.432817995548248291 0.215167000889778137 0.15465100109577179 100
0.434821009635925293 0.214062005281448364 0.155289992690086365 100
0.437817007303237915 0.213705003261566162 0.156287997961044312 100
0.441807985305786133 0.214066997170448303 0.157646000385284424 100
0.444804996252059937 0.213596999645233154 0.158644005656242371 100
0.44780200719833374 0.213076993823051453 0.159641996026039124 100
0.45179399847984314 0.213245004415512085 0.16099800169467926 100
0.455785989761352539 0.213341996073722839 0.162352994084358215 100
0.458784013986587524 0.212648004293441772 0.163350000977516174 100
0.462776988744735718 0.2126149982213974 0.164704993367195129 100
0.465775996446609497 0.21180899441242218 0.165702000260353088 100
0.46977001428604126 0.211643993854522705 0.167055994272232056 100
0.474757999181747437 0.212090000510215759 0.168766006827354431 100
0.47775799036026001 0.211103007197380066 0.169762998819351196 100
0.481752008199691772 0.210727006196975708 0.171114996075630188 100
0.486741989850997925 0.210934996604919434 0.172823995351791382 100
0.490738004446029663 0.210409998893737793 0.174175992608070374 100
0.495727986097335815 0.210448995232582092 0.175882995128631592 100
0.500719010829925537 0.210400000214576721 0.177588999271392822 100
0.505711019039154053 0.21026100218296051 0.179295003414154053 100
0.508713006973266602 0.208823993802070618 0.18029099702835083 100
0.51171499490737915 0.207335993647575378 0.181286007165908813 100
0.516708016395568848 0.206971004605293274 0.182990998029708862 100
0.52170097827911377 0.206517994403839111 0.184695005416870117 100
0.52868497371673584 0.207111001014709473 0.18710799515247345 100
0.534673988819122314 0.207020998001098633 0.189164996147155762 100
0.538672983646392822 0.205726996064186096 0.19051399827003479 100
0.545659005641937256 0.205981001257896423 0.192923992872238159 100
0.35891801118850708 0.222803995013237 0.128886997699737549 100
0.360915005207061768 0.222772002220153809 0.129490002989768982 100
0.362911999225616455 0.222714006900787354 0.130095005035400391 100
0.363916993141174316 0.221520006656646729 0.130338996648788452 100
0.365913987159729004 0.221417993307113647 0.130946993827819824 100
0.367911994457244873 0.221286997199058533 0.131556004285812378 100
0.369908988475799561 0.22112700343132019 0.132165998220443726 100
0.37190699577331543 0.220937997102737427 0.132777005434036255 100
0.372911989688873291 0.219668000936508179 0.133028998970985413 100
0.37490999698638916 0.219430997967720032 0.133643001317977905 100
0.376908004283905029 0.219164997339248657 0.134257003664970398 100
0.378906011581420898 0.21886800229549408 0.134872004389762878 100
0.380905002355575562 0.218540996313095093 0.135488003492355347 100
0.382903009653091431 0.218183994293212891 0.136104002594947815 100
0.384902000427246094 0.217795997858047485 0.136721998453140259 100
0.387894004583358765 0.218352004885673523 0.137695997953414917 100
0.389892995357513428 0.217892006039619446 0.138313993811607361 100
0.392884999513626099 0.218355000019073486 0.139287993311882019 100
0.394883990287780762 0.217822998762130737 0.139907002449035645 100
0.396883994340896606 0.217259004712104797 0.140525996685028076 100
0.399877011775970459 0.217586994171142578 0.141500994563102722 100
0.401876986026763916 0.216950997710227966 0.142121002078056335 100
0.404870986938476562 0.21718500554561615 0.143095001578330994 100
0.406870990991592407 0.216475993394851685 0.143714994192123413 100
0.409864991903305054 0.216616004705429077 0.144688993692398071 100
0.41186600923538208 0.215835005044937134 0.14531099796295166 100
0.414860010147094727 0.215881004929542542 0.146284997463226318 100
0.416860997676849365 0.215027004480361938 0.146906003355979919 100
0.419856011867523193 0.214980006217956543 0.147880002856254578 100
0.422850996255874634 0.214882001280784607 0.148854002356529236 100
0.425846993923187256 0.214732006192207336 0.149827003479003906 100
0.428842991590499878 0.214530006051063538 0.150801002979278564 100
0.4318389892578125 0.214276999235153198 0.151774004101753235 100
0.434834986925125122 0.213972002267837524 0.152747005224227905 100
0.437831997871398926 0.21361599862575531 0.153720006346702576 100
0.440829008817672729 0.213208004832267761 0.154692992568016052 100
0.443825989961624146 0.212749004364013672 0.155664995312690735 100
0.447816997766494751 0.212989002466201782 0.156986996531486511 100
0.45180898904800415 0.213157996535301208 0.1583079993724823 100
0.455801993608474731 0.213256001472473145 0.159629002213478088 100
0.458799988031387329 0.212561994791030884 0.160601004958152771 100
0.461798995733261108 0.211817994713783264 0.161571994423866272 100
0.465792000293731689 0.211723998188972473 0.162891998887062073 100
0.468791007995605469 0.210868000984191895 0.163863003253936768 100
0.472784996032714844 0.210641995072364807 0.165181994438171387 100
0.477773994207382202 0.211018994450569153 0.16684800386428833 100
0.481768995523452759 0.210644006729125977 0.168165996670722961 100
0.485763996839523315 0.21019899845123291 0.169484004378318787 100
0.490754991769790649 0.210326999425888062 0.171147003769874573 100
0.495745003223419189 0.210365995764732361 0.172811001539230347 100
0.499742001295089722 0.209692999720573425 0.174126997590065002 100
0.505728006362915039 0.210179001092910767 0.176135003566741943 100
0.50873100757598877 0.208743005990982056 0.177104994654655457 100
0.513723015785217285 0.208446994423866272 0.178765997290611267 100
0.517720997333526611 0.207477003335952759 0.180080994963645935 100
0.521718978881835938 0.206437006592750549 0.181395992636680603 100
0.527707993984222412 0.206463992595672607 0.183402001857757568 100
0.533698022365570068 0.206383004784584045 0.185405999422073364 100
0.538693010807037354 0.205647006630897522 0.187065005302429199 100
0.544682979583740234 0.205363005399703979 0.189068004488945007 100
0.35892900824546814 0.222671002149581909 0.126965999603271484 100
0.360926002264022827 0.222643002867698669 0.127553999423980713 100
0.362924009561538696 0.22258700430393219 0.128143996000289917 100
0.363927990198135376 0.221395999193191528 0.128381997346878052 100
0.365925997495651245 0.221295997500419617 0.128974005579948425 100
0.367922991514205933 0.221166998147964478 0.129567995667457581 100
0.369920998811721802 0.221009001135826111 0.13016200065612793 100
0.371919006109237671 0.220822006464004517 0.130758002400398254 100
0.373916000127792358 0.220605000853538513 0.131354004144668579 100
0.374922007322311401 0.219319999217987061 0.131602004170417786 100
0.376920014619827271 0.219054996967315674 0.132200002670288086 100
0.378917992115020752 0.218759000301361084 0.132799997925758362 100
0.380917012691497803 0.218434005975723267 0.133399993181228638 100
0.382914990186691284 0.218078002333641052 0.134000003337860107 100
0.384914010763168335 0.217692002654075623 0.134600996971130371 100
0.386913001537322998 0.217274993658065796 0.135203003883361816 100
0.389905005693435669 0.217789992690086365 0.136151999235153198 100
0.391903996467590332 0.21730099618434906 0.136755004525184631 100
0.393904000520706177 0.216781005263328552 0.137357994914054871 100
0.396896988153457642 0.217160999774932861 0.138307005167007446 100
0.398896992206573486 0.2165679931640625 0.138910993933677673 100
0.401890009641647339 0.2168550044298172 0.139860004186630249 100
0.403890013694763184 0.216187998652458191 0.140463992953300476 100
0.40688401460647583 0.216381996870040894 0.141413003206253052 100
0.409877985715866089 0.216523006558418274 0.142361000180244446 100
0.411879003047943115 0.215742006897926331 0.142966002225875854 100
0.413879990577697754 0.21492999792098999 0.143572002649307251 100
0.416875004768371582 0.214936003088951111 0.144519999623298645 100
0.419869989156723022 0.214890003204345703 0.145468994975090027 100
0.421871006488800049 0.21396300196647644 0.146073997020721436 100
0.424867004156112671 0.213823005557060242 0.147023007273674011 100
0.427863001823425293 0.213632002472877502 0.147971004247665405 100
0.431852996349334717 0.214188992977142334 0.149259999394416809 100
0.433854997158050537 0.213095992803573608 0.149865999817848206 100
0.436852008104324341 0.21275000274181366 0.1508139967918396 100
0.439848989248275757 0.21235300600528717 0.151761993765830994 100
0.442846000194549561 0.211904004216194153 0.152709007263183594 100
0.44683799147605896 0.212154000997543335 0.153996005654335022 100
0.449835985898971558 0.211593002080917358 0.154943004250526428 100
0.453828006982803345 0.211711004376411438 0.156229004263877869 100
0.457821011543273926 0.211758002638816833 0.157515004277229309 100
0.461813986301422119 0.211734995245933533 0.158800005912780762 100
0.464812994003295898 0.210940003395080566 0.15974600613117218 100
0.468807011842727661 0.210785999894142151 0.161030992865562439 100
0.472800999879837036 0.210561007261276245 0.162314996123313904 100
0.476796001195907593 0.210265994071960449 0.163598999381065369 100
0.480791002511978149 0.209900006651878357 0.164882004261016846 100
0.484786003828048706 0.209464997053146362 0.166164994239807129 100
0.490772008895874023 0.210245996713638306 0.168123006820678711 100
0.494767993688583374 0.209653005003929138 0.169404998421669006 100
0.497768998146057129 0.208364993333816528 0.170349001884460449 100
0.50375598669052124 0.208869993686676025 0.172305002808570862 100
0.508747994899749756 0.208663001656532288 0.17392200231552124 100
0.513741016387939453 0.208368003368377686 0.175540000200271606 100
0.517738997936248779 0.207397997379302979 0.176819995045661926 100
0.521737992763519287 0.206358999013900757 0.178101003170013428 100
0.527727007865905762 0.206385999917984009 0.180052995681762695 100
0.532721996307373047 0.20574699342250824 0.181668996810913086 100
0.538712024688720703 0.205569997429847717 0.183618992567062378 100
0.54370802640914917 0.204747006297111511 0.185233995318412781 100
0.549699008464813232 0.204365998506546021 0.187184005975723267 100
0.358940988779067993 0.222543001174926758 0.125048995018005371 100
0.360938012599945068 0.222516998648643494 0.125622004270553589 100
0.362935006618499756 0.222463995218276978 0.126195996999740601 100
0.363940000534057617 0.221276000142097473 0.126427993178367615 100
0.365936994552612305 0.221177995204925537 0.127004995942115784 100
0.367935001850128174 0.221050992608070374 0.12758299708366394 100
0.369931995868682861 0.220895007252693176 0.128161996603012085 100
0.37193000316619873 0.220708996057510376 0.128741994500160217 100
0.372934997081756592 0.219445005059242249 0.128981992602348328 100
0.374933004379272461 0.219210997223854065 0.129564002156257629 100
0.376931995153427124 0.218948006629943848 0.130146995186805725 100
0.378930002450942993 0.218654006719589233 0.130730003118515015 100
0.379936009645462036 0.217324003577232361 0.130976006388664246 100
0.381933987140655518 0.216980993747711182 0.131560996174812317 100
0.384925991296768188 0.217591002583503723 0.132484003901481628 100
0.386925011873245239 0.217175006866455078 0.133070006966590881 100
0.389916986227035522 0.217692002654075623 0.133993998169898987 100
0.391916990280151367 0.217204004526138306 0.13458000123500824 100
0.393916010856628418 0.216683998703956604 0.13516700267791748 100
0.396908998489379883 0.217066004872322083 0.136090993881225586 100
0.398909002542495728 0.216473996639251709 0.136677995324134827 100
0.401903003454208374 0.216760993003845215 0.137602001428604126 100
0.403903007507324219 0.216095998883247375 0.138190001249313354 100
0.406897008419036865 0.216289997100830078 0.139112994074821472 100
0.408897995948791504 0.215552002191543579 0.139702007174491882 100
0.41189199686050415 0.215652003884315491 0.140625 100
0.413893014192581177 0.214840993285179138 0.141213998198509216 100
0.415894001722335815 0.213998004794120789 0.14180399477481842 100
0.418889999389648438 0.21396300196647644 0.142727002501487732 100
0.421885013580322266 0.213875994086265564 0.14364999532699585 100
0.424881011247634888 0.213736996054649353 0.144572004675865173 100
0.42787700891494751 0.213547006249427795 0.145494997501373291 100
0.430873006582260132 0.213304996490478516 0.146417006850242615 100
0.433869987726211548 0.213010996580123901 0.147339001297950745 100
0.435871988534927368 0.211887001991271973 0.147929996252059937 100
0.438868999481201172 0.211501002311706543 0.14885200560092926 100
0.442860990762710571 0.211822003126144409 0.150104999542236328 100
0.445858001708984375 0.211322993040084839 0.151026993989944458 100
0.449851006269454956 0.211511999368667603 0.152279004454612732 100
0.452849000692367554 0.210899993777275085 0.153200000524520874 100
0.456842005252838135 0.210957005620002747 0.154450997710227966 100
0.460835009813308716 0.210943996906280518 0.155701994895935059 100
0.463833987712860107 0.210159003734588623 0.156623005867004395 100
0.468822985887527466 0.210705995559692383 0.158202007412910461 100
0.472817003726959229 0.210481002926826477 0.159450992941856384 100
0.476812005043029785 0.210186004638671875 0.160699993371963501 100
0.480807006359100342 0.209821999073028564 0.161948993802070618 100
0.484802991151809692 0.209387004375457764 0.163196995854377747 100
0.488799005746841431 0.208883002400398254 0.164444997906684875 100
0.493790000677108765 0.208940997719764709 0.166020005941390991 100
0.497785985469818115 0.208287999033927917 0.167267993092536926 100
0.502779006958007812 0.208178997039794922 0.168842002749443054 100
0.508765995502471924 0.208586007356643677 0.170744001865386963 100
0.513759016990661621 0.208290994167327881 0.172316998243331909 100
0.517758011817932129 0.207322001457214355 0.173563003540039062 100
0.521755993366241455 0.206284001469612122 0.174808993935585022 100
0.527746021747589111 0.206310003995895386 0.176707997918128967 100
0.531745016574859619 0.205115005373954773 0.177953004837036133 100
0.538730978965759277 0.205494001507759094 0.180177003145217896 100
0.543726980686187744 0.204671993851661682 0.181748002767562866 100
0.359943985939025879 0.22356000542640686 0.123470000922679901 100
0.360949009656906128 0.222396001219749451 0.123692996799945831 100
0.362946003675460815 0.22234499454498291 0.124251000583171844 100
0.363950997591018677 0.221159994602203369 0.124477997422218323 100
0.365947991609573364 0.221063002943992615 0.125038996338844299 100
0.367945998907089233 0.220937997102737427 0.125602006912231445 100
0.369944006204605103 0.220783993601799011 0.126165002584457397 100
0.371942013502120972 0.220601007342338562 0.126728996634483337 100
0.373939990997314453 0.22038799524307251 0.127294003963470459 100
0.374945014715194702 0.219106003642082214 0.127528995275497437 100
0.377936005592346191 0.219871997833251953 0.128426000475883484 100
0.378942012786865234 0.218553006649017334 0.128664001822471619 100
0.380939990282058716 0.218229994177818298 0.129232004284858704 100
0.382939010858535767 0.217877000570297241 0.129801005125045776 100
0.38493800163269043 0.217492997646331787 0.130370005965232849 100
0.386936992406845093 0.217078998684883118 0.13094000518321991 100
0.388936012983322144 0.216634005308151245 0.13151000440120697 100
0.391929000616073608 0.217108994722366333 0.132407993078231812 100
0.393929004669189453 0.216591000556945801 0.132979005575180054 100
0.395929008722305298 0.216041997075080872 0.13355100154876709 100
0.398921996355056763 0.216381996870040894 0.134449005126953125 100
0.400922000408172607 0.215759992599487305 0.135021001100540161 100
0.403916001319885254 0.216006994247436523 0.135919004678726196 100
0.4069100022315979 0.21620100736618042 0.13681599497795105 100
0.408910989761352539 0.215463995933532715 0.137389004230499268 100
0.411904990673065186 0.215564996004104614 0.138285994529724121 100
0.413906991481781006 0.214754998683929443 0.138859003782272339 100
0.415908008813858032 0.213912993669509888 0.139432996511459351 100
0.418902993202209473 0.213878005743026733 0.140330001711845398 100
0.420904994010925293 0.212962999939918518 0.14090399444103241 100
0.423900991678237915 0.212834998965263367 0.141801998019218445 100
0.426896989345550537 0.212654992938041687 0.142699003219604492 100
0.429892987012863159 0.212423995137214661 0.143595993518829346 100
0.432889997959136963 0.2121410071849823 0.144492998719215393 100
0.435887008905410767 0.211805999279022217 0.145389005541801453 100
0.438883990049362183 0.211419999599456787 0.146285995841026306 100
0.441881000995635986 0.210982993245124817 0.147182002663612366 100
0.445872992277145386 0.211243003606796265 0.148399993777275085 100
0.448870986700057983 0.210693001747131348 0.149296000599861145 100
0.452863991260528564 0.210821002721786499 0.150512993335723877 100
0.456856995820999146 0.210878998041152954 0.151729002594947815 100
0.460851013660430908 0.210866004228591919 0.152944996953010559 100
0.4638499915599823 0.210081994533538818 0.153840005397796631 100
0.467844009399414062 0.209938004612922668 0.155055001378059387 100
0.471839010715484619 0.209722995758056641 0.156269997358322144 100
0.475834012031555176 0.20943799614906311 0.1574849933385849 100
0.479829013347625732 0.209084004163742065 0.158699005842208862 100
0.484818994998931885 0.209310993552207947 0.16023099422454834 100
0.488815009593963623 0.208807006478309631 0.161445006728172302 100
0.493806988000869751 0.208866000175476074 0.162975996732711792 100
0.497803986072540283 0.208213001489639282 0.164188995957374573 100
0.502795994281768799 0.208103999495506287 0.165720000863075256 100
0.506793975830078125 0.207302004098892212 0.166932001709938049 100
0.512781977653503418 0.207620993256568909 0.168779000639915466 100
0.517776012420654297 0.207248002290725708 0.170309007167816162 100
0.520779013633728027 0.205633997917175293 0.171202003955841064 100
0.527764022350311279 0.206236004829406738 0.173365995287895203 100
0.532760024070739746 0.205598995089530945 0.174894005060195923 100
0.538751006126403809 0.205421000719070435 0.176739007234573364 100
0.543747007846832275 0.204598993062973022 0.178266003727912903 100
0.54973900318145752 0.204218998551368713 0.180109992623329163 100
0.3589630126953125 0.22229999303817749 0.12122499942779541 100
0.360960006713867188 0.222278997302055359 0.121766999363899231 100
0.362957000732421875 0.222230002284049988 0.12230999767780304 100
0.363961994647979736 0.221046999096870422 0.122530996799468994 100
0.365960001945495605 0.220953002572059631 0.123075999319553375 100
0.367958009243011475 0.220829993486404419 0.123622998595237732 100
0.369955003261566162 0.220678001642227173 0.124171003699302673 100
0.371953010559082031 0.220495998859405518 0.124719001352787018 100
0.372958987951278687 0.219235002994537354 0.124946996569633484 100
0.375950008630752563 0.220043003559112549 0.125817999243736267 100
0.377947986125946045 0.219771996140480042 0.126368999481201172 100
0.378953993320465088 0.21845400333404541 0.126599997282028198 100
0.380952000617980957 0.218133002519607544 0.127151995897293091 100
0.38295099139213562 0.217781007289886475 0.127704992890357971 100
0.384950011968612671 0.217399001121520996 0.128258004784584045 100
0.386949002742767334 0.216986000537872314 0.128812000155448914 100
0.388949006795883179 0.21654200553894043 0.12936699390411377 100
0.391941994428634644 0.217017993330955505 0.130238994956016541 100
0.393940985202789307 0.216500997543334961 0.13079400360584259 100
0.395940989255905151 0.215953007340431213 0.131348997354507446 100
0.398934990167617798 0.216294005513191223 0.132221996784210205 100
0.400934994220733643 0.215672999620437622 0.132778003811836243 100
0.403928995132446289 0.215920001268386841 0.133650004863739014 100
0.406922996044158936 0.216114997863769531 0.134522005915641785 100
0.408924013376235962 0.215378999710083008 0.135078996419906616 100
0.411918997764587402 0.215479999780654907 0.135950997471809387 100
0.413919985294342041 0.214671000838279724 0.136507004499435425 100
0.415921002626419067 0.213829994201660156 0.137064993381500244 100
0.418917000293731689 0.21379600465297699 0.137936994433403015 100
0.421912014484405518 0.213709995150566101 0.138807997107505798 100
0.42391398549079895 0.212753996253013611 0.139366000890731812 100
0.426910996437072754 0.212575003504753113 0.140238001942634583 100
0.429906994104385376 0.212344005703926086 0.141109004616737366 100
0.43290400505065918 0.21206200122833252 0.141980007290840149 100
0.434906989336013794 0.21094900369644165 0.142538994550704956 100
0.437904000282287598 0.21057400107383728 0.143409997224807739 100
0.441895991563796997 0.210905000567436218 0.144593000411987305 100
0.444893985986709595 0.210417002439498901 0.145464003086090088 100
0.448886007070541382 0.210616007447242737 0.146647006273269653 100
0.451885014772415161 0.210015997290611267 0.147516995668411255 100
0.455877989530563354 0.210082992911338806 0.148699000477790833 100
0.459872007369995117 0.210079997777938843 0.149880006909370422 100
0.463865995407104492 0.210006996989250183 0.151060998439788818 100
0.467860013246536255 0.209863007068634033 0.15224100649356842 100
0.471855014562606812 0.209647998213768005 0.153420999646186829 100
0.47584998607635498 0.209363996982574463 0.154600992798805237 100
0.479844987392425537 0.209010004997253418 0.155780002474784851 100
0.483841001987457275 0.208584994077682495 0.156958997249603271 100
0.488831996917724609 0.208733007311820984 0.158447995781898499 100
0.493824005126953125 0.208792001008987427 0.15993499755859375 100
0.497821003198623657 0.208140000700950623 0.161112993955612183 100
0.501818001270294189 0.207417994737625122 0.162291005253791809 100
0.506811022758483887 0.20723000168800354 0.163776993751525879 100
0.51180499792098999 0.206954002380371094 0.165262997150421143 100
0.517794013023376465 0.207175001502037048 0.167058005928993225 100
0.521793007850646973 0.206137999892234802 0.168234005570411682 100
0.52579200267791748 0.205032005906105042 0.169411003589630127 100
0.530788004398345947 0.204412996768951416 0.170894995331764221 100
0.537774026393890381 0.204803004860877991 0.172995001077651978 100
0.542770028114318848 0.203989997506141663 0.174478992819786072 100
0.549758017063140869 0.204147994518280029 0.17657800018787384 100
0.35897400975227356 0.222185000777244568 0.119317002594470978 100
0.360971003770828247 0.222166001796722412 0.119843997061252594 100
0.362969011068344116 0.222119003534317017 0.120370998978614807 100
0.363972991704940796 0.220938995480537415 0.120586000382900238 100
0.365970999002456665 0.220845997333526611 0.121115997433662415 100
0.367969006299972534 0.220724999904632568 0.121647998690605164 100
0.369967013597488403 0.22057400643825531 0.122179001569747925 100
0.371964991092681885 0.22039400041103363 0.122712001204490662 100
0.373962998390197754 0.220183998346328735 0.123245000839233398 100
0.375961005687713623 0.219944998621940613 0.123779997229576111 100
0.376967012882232666 0.218648001551628113 0.124003000557422638 100
0.378966003656387329 0.218358993530273438 0.124539002776145935 100
0.380964010953903198 0.218039005994796753 0.125074997544288635 100
0.382963001728057861 0.217688992619514465 0.125612005591392517 100
0.384961992502212524 0.217307999730110168 0.126149997115135193 100
0.386961996555328369 0.216895997524261475 0.126687005162239075 100
0.38995400071144104 0.217414006590843201 0.127534002065658569 100
0.391954004764556885 0.216930001974105835 0.128073006868362427 100
0.392960011959075928 0.215472996234893799 0.128304004669189453 100
0.395954012870788574 0.215866997838020325 0.129151001572608948 100
0.397953987121582031 0.21528799831867218 0.129690006375312805 100
0.400947988033294678 0.215588003396987915 0.1305370032787323 100
0.403941988945007324 0.215836003422737122 0.131384000182151794 100
0.405941992998123169 0.215142995119094849 0.13192400336265564 100
0.408937007188796997 0.215296000242233276 0.132771000266075134 100
0.411931991577148438 0.215397998690605164 0.133616998791694641 100
0.413933008909225464 0.214589998126029968 0.134158000349998474 100
0.415935009717941284 0.213750004768371582 0.134699001908302307 100
0.418929994106292725 0.213716998696327209 0.135545000433921814 100
0.420931994915008545 0.212803006172180176 0.136087000370025635 100
0.423927992582321167 0.212676003575325012 0.136932998895645142 100
0.426923990249633789 0.212497994303703308 0.137778997421264648 100
0.428927004337310791 0.211468994617462158 0.138320997357368469 100
0.431923985481262207 0.211197003722190857 0.139166995882987976 100
0.434920996427536011 0.210874006152153015 0.140012994408607483 100
0.437918007373809814 0.210498005151748657 0.14085899293422699 100
0.440916001796722412 0.210071995854377747 0.141703993082046509 100
0.444907993078231812 0.210342004895210266 0.142851993441581726 100
0.447907000780105591 0.209803000092506409 0.143698006868362427 100
0.451900005340576172 0.20994199812412262 0.144844993948936462 100
0.455893009901046753 0.21001000702381134 0.145991995930671692 100
0.459886997938156128 0.210006996989250183 0.147137999534606934 100
0.462886005640029907 0.209233999252319336 0.147982999682426453 100
0.466881006956100464 0.209099993109703064 0.149129003286361694 100
0.471870988607406616 0.209575995802879333 0.150574997067451477 100
0.475865989923477173 0.209291994571685791 0.151720002293586731 100
0.479862004518508911 0.208938002586364746 0.152864992618560791 100
0.484852999448776245 0.209165006875991821 0.15431000292301178 100
0.48785400390625 0.208020001649856567 0.155153006315231323 100
0.492846012115478516 0.208088994026184082 0.15659700334072113 100
0.496843010187149048 0.207445994019508362 0.157739996910095215 100
0.501836001873016357 0.207347005605697632 0.159183993935585022 100
0.505833983421325684 0.206556007266044617 0.160326004028320312 100
0.510827004909515381 0.206290006637573242 0.161769002676010132 100
0.516816973686218262 0.206520006060600281 0.163509994745254517 100
0.521811008453369141 0.206068992614746094 0.164951995015144348 100
0.52581101655960083 0.204962998628616333 0.166093006730079651 100
0.530806005001068115 0.204345002770423889 0.167533993721008301 100
0.535802006721496582 0.203639000654220581 0.168974995613098145 100
0.541794002056121826 0.203383997082710266 0.170714005827903748 100
0.549777984619140625 0.204079002141952515 0.173050001263618469 100
0.358985006809234619 0.222073003649711609 0.117412999272346497 100
0.361975014209747314 0.223184004426002502 0.118229001760482788 100
0.362980008125305176 0.222011998295783997 0.118436001241207123 100
0.363985002040863037 0.220834001898765564 0.118644997477531433 100
0.365981996059417725 0.220743998885154724 0.119158998131752014 100
0.367980003356933594 0.220623999834060669 0.119675002992153168 100
0.369978010654449463 0.220475003123283386 0.120191000401973724 100
0.371975988149642944 0.220295995473861694 0.120708003640174866 100
0.373975008726119995 0.220088005065917969 0.12122499942779541 100
0.375972986221313477 0.219850003719329834 0.121743001043796539 100
0.37697899341583252 0.21855500340461731 0.121960997581481934 100
0.378977000713348389 0.218266993761062622 0.122481003403663635 100
0.380975991487503052 0.217949002981185913 0.12300100177526474 100
0.382975012063980103 0.217599004507064819 0.123521998524665833 100
0.385967999696731567 0.218201994895935059 0.12434300035238266 100
0.38796699047088623 0.217781007289886475 0.124865002930164337 100
0.389966011047363281 0.217327997088432312 0.12538599967956543 100
0.391965985298156738 0.21684400737285614 0.125909000635147095 100
0.393965989351272583 0.216330006718635559 0.12643200159072876 100
0.395965993404388428 0.215782999992370605 0.126955002546310425 100
0.398959994316101074 0.216125994920730591 0.127775996923446655 100
0.400959998369216919 0.215506002306938171 0.128299996256828308 100
0.403955012559890747 0.215755000710487366 0.129121005535125732 100
0.405954986810684204 0.215062007308006287 0.129645004868507385 100
0.408950001001358032 0.215216994285583496 0.130465999245643616 100
0.410950988531112671 0.214451000094413757 0.130989998579025269 100
0.413946002721786499 0.21451200544834137 0.131810992956161499 100
0.415948003530502319 0.213672995567321777 0.132336005568504333 100
0.418944001197814941 0.213640004396438599 0.133156999945640564 100
0.420946002006530762 0.212726995348930359 0.133681997656822205 100
0.423941999673843384 0.212601006031036377 0.134503006935119629 100
0.425944000482559204 0.211614996194839478 0.13502800464630127 100
0.428941011428833008 0.211394995450973511 0.1358489990234375 100
0.431937992572784424 0.211123004555702209 0.136668995022773743 100
0.434935003519058228 0.210800006985664368 0.137490004301071167 100
0.437932997941970825 0.210425004363059998 0.13831000030040741 100
0.441924989223480225 0.210757002234458923 0.139422997832298279 100
0.44492301344871521 0.210270002484321594 0.140242993831634521 100
0.448915988206863403 0.210470005869865417 0.141356006264686584 100
0.452908992767333984 0.210599005222320557 0.142468005418777466 100
0.455908000469207764 0.209938004612922668 0.143288001418113708 100
0.458907991647720337 0.209226995706558228 0.144106999039649963 100
0.4629020094871521 0.209162995219230652 0.145217999815940857 100
0.466897010803222656 0.209029003977775574 0.14632900059223175 100
0.471886992454528809 0.209506005048751831 0.147732004523277283 100
0.475881993770599365 0.209222003817558289 0.148842006921768188 100
0.47888299822807312 0.208206996321678162 0.149660006165504456 100
0.483873993158340454 0.208443999290466309 0.151061996817588806 100
0.487870991230010986 0.207950994372367859 0.152171000838279724 100
0.491867989301681519 0.207387998700141907 0.153280004858970642 100
0.495864987373352051 0.206754997372627258 0.154388993978500366 100
0.500858008861541748 0.206665992736816406 0.155788004398345947 100
0.50585097074508667 0.206487998366355896 0.157186999917030334 100
0.509850025177001953 0.205627992749214172 0.158296003937721252 100
0.515838980674743652 0.205868005752563477 0.159983992576599121 100
0.519838988780975342 0.204850003123283386 0.161091998219490051 100
0.52383798360824585 0.203764006495475769 0.162199005484580994 100
0.529829978942871094 0.203721001744270325 0.163886994123458862 100
0.533829987049102783 0.202478006482124329 0.164994001388549805 100
0.540817975997924805 0.202778995037078857 0.166969999670982361 100
0.548802018165588379 0.203483998775482178 0.169235005974769592 100
0.358996003866195679 0.221965998411178589 0.115511000156402588 100
0.360992997884750366 0.221952006220817566 0.116006001830101013 100
0.362991005182266235 0.221908003091812134 0.116503000259399414 100
0.363995999097824097 0.220733001828193665 0.116705998778343201 100
0.365994006395339966 0.220643997192382812 0.117205001413822174 100
0.367992013692855835 0.220525994896888733 0.117703996598720551 100
0.369989991188049316 0.220378994941711426 0.118205003440380096 100
0.371987998485565186 0.220201998949050903 0.118706002831459045 100
0.372992992401123047 0.218946993350982666 0.118914999067783356 100
0.375984996557235718 0.219758003950119019 0.119709998369216919 100
0.376989990472793579 0.21846500039100647 0.119920998811721802 100
0.37898901104927063 0.218178004026412964 0.120425000786781311 100
0.380988001823425293 0.217860996723175049 0.12092900276184082 100
0.382986992597579956 0.217512995004653931 0.121434003114700317 100
0.384986013174057007 0.217133998870849609 0.121940001845359802 100
0.387979000806808472 0.217695996165275574 0.122735001146793365 100
0.389979004859924316 0.217244997620582581 0.12324099987745285 100
0.391977995634078979 0.216762006282806396 0.123746998608112335 100
0.393977999687194824 0.216248005628585815 0.124254003167152405 100
0.395978003740310669 0.215702995657920837 0.124761000275611877 100
0.398972004652023315 0.216046005487442017 0.125557005405426025 100
0.400972992181777954 0.215426996350288391 0.126064002513885498 100
0.403966993093490601 0.215675994753837585 0.126859992742538452 100
0.405968010425567627 0.214984998106956482 0.127368003129959106 100
0.408962994813919067 0.215139999985694885 0.128162994980812073 100
0.410964012145996094 0.214375004172325134 0.128671005368232727 100
0.413960009813308716 0.214435994625091553 0.129466995596885681 100
0.415960997343063354 0.213597998023033142 0.129975005984306335 100
0.417962998151779175 0.212727993726730347 0.130483999848365784 100
0.420958995819091797 0.212652996182441711 0.131280004978179932 100
0.422960996627807617 0.21171000599861145 0.13178899884223938 100
0.425958007574081421 0.211541995406150818 0.13258400559425354 100
0.428954988718032837 0.211322993040084839 0.133378997445106506 100
0.431951999664306641 0.211052000522613525 0.134174004197120667 100
0.434949010610580444 0.210729002952575684 0.134968996047973633 100
0.437947005033493042 0.210354998707771301 0.135763004422187805 100
0.44094499945640564 0.209929004311561584 0.136557996273040771 100
0.443942993879318237 0.209452003240585327 0.137352004647254944 100
0.448931008577346802 0.210400000214576721 0.138714998960494995 100
0.452924013137817383 0.21052899956703186 0.139791995286941528 100
0.455922991037368774 0.20986899733543396 0.140586003661155701 100
0.459917992353439331 0.209867000579833984 0.141662999987602234 100
0.46291700005531311 0.209095001220703125 0.142455995082855225 100
0.465916991233825684 0.208271995186805725 0.143249005079269409 100
0.470907986164093018 0.208757996559143066 0.144608005881309509 100
0.474902987480163574 0.208483994007110596 0.145684003829956055 100
0.478899002075195312 0.208140000700950623 0.1467600017786026 100
0.482896000146865845 0.207726001739501953 0.147835001349449158 100
0.487886995077133179 0.20788399875164032 0.149192005395889282 100
0.492879986763000488 0.207953006029129028 0.150547996163368225 100
0.496877014636993408 0.207311004400253296 0.151621997356414795 100
0.500874996185302734 0.206599995493888855 0.152695998549461365 100
0.505868971347808838 0.206422001123428345 0.154051005840301514 100
0.509867012500762939 0.205561995506286621 0.155125007033348083 100
0.51585698127746582 0.205801993608474731 0.15676000714302063 100
0.520852029323577881 0.205359995365142822 0.158114001154899597 100
0.524851977825164795 0.204264998435974121 0.159187003970146179 100
0.528852999210357666 0.203099995851516724 0.160260006785392761 100
0.533849000930786133 0.202414005994796753 0.161614000797271729 100
0.539840996265411377 0.202177003026008606 0.163247004151344299 100
0.549817025661468506 0.2039480060338974 0.166002005338668823 100
0.359007000923156738 0.221863001585006714 0.11361200362443924 100
0.361003994941711426 0.221849992871284485 0.11409199982881546 100
0.363002002239227295 0.22180899977684021 0.114573001861572266 100
0.364006996154785156 0.220635995268821716 0.114770002663135529 100
0.366005003452301025 0.220549002289772034 0.11525300145149231 100
0.368003010749816895 0.220431998372077942 0.115736998617649078 100
0.370000988245010376 0.220285996794700623 0.116221003234386444 100
0.371998995542526245 0.220110997557640076 0.116706997156143188 100
0.373005002737045288 0.218858003616333008 0.116910003125667572 100
0.375003010034561157 0.218632996082305908 0.117395997047424316 100
0.37700200080871582 0.218378007411956787 0.11788400262594223 100
0.379000991582870483 0.218092992901802063 0.118372000753879547 100
0.381000012159347534 0.21777699887752533 0.118859998881816864 100
0.382999002933502197 0.217429995536804199 0.119349002838134766 100
0.38499799370765686 0.217051997780799866 0.11983799934387207 100
0.386997997760772705 0.216643005609512329 0.12032800167798996 100
0.38999098539352417 0.217163994908332825 0.121097996830940247 100
0.391990989446640015 0.216682001948356628 0.121587999165058136 100
0.393990993499755859 0.216168999671936035 0.122078999876976013 100
0.396984994411468506 0.216554999351501465 0.122849002480506897 100
0.398984998464584351 0.215967997908592224 0.123340003192424774 100
0.400985985994338989 0.215351000428199768 0.123830996453762054 100
0.403979986906051636 0.215599998831748962 0.124600999057292938 100
0.405981004238128662 0.214910000562667847 0.125092998147010803 100
0.408975988626480103 0.21506500244140625 0.125863000750541687 100
0.410977005958557129 0.214301005005836487 0.126355007290840149 100
0.413973003625869751 0.214362993836402893 0.127124994993209839 100
0.415975004434585571 0.213524997234344482 0.127617001533508301 100
0.418971002101898193 0.213493004441261292 0.128387004137039185 100
0.420973002910614014 0.212582007050514221 0.12887999415397644 100
0.423969000577926636 0.212457001209259033 0.129648998379707336 100
0.425972014665603638 0.211472004652023315 0.130142003297805786 100
0.428968995809555054 0.211253002285957336 0.13091200590133667 100
0.431966006755828857 0.210982993245124817 0.131680995225906372 100
0.434962987899780273 0.210659995675086975 0.132449999451637268 100
0.437961012125015259 0.210287004709243774 0.133219003677368164 100
0.440959006547927856 0.209860995411872864 0.133987993001937866 100
0.444952011108398438 0.210133001208305359 0.135031998157501221 100
0.447950989007949829 0.209594994783401489 0.135801002383232117 100
0.451945006847381592 0.2097339928150177 0.13684399425983429 100
0.455938994884490967 0.209803000092506409 0.137886002659797668 100
0.458938002586364746 0.209092006087303162 0.138655006885528564 100
0.461937993764877319 0.208330005407333374 0.139422997832298279 100
0.465932995080947876 0.208205997943878174 0.140463992953300476 100
0.470923006534576416 0.208691999316215515 0.141779005527496338 100
0.474918991327285767 0.208418995141983032 0.142820000648498535 100
0.477919995784759521 0.207414001226425171 0.143588006496429443 100
0.482912003993988037 0.20766100287437439 0.144902005791664124 100
0.487904012203216553 0.207818999886512756 0.146215006709098816 100
0.491901010274887085 0.207257002592086792 0.147255003452301025 100
0.495898991823196411 0.206624999642372131 0.148294001817703247 100
0.499897003173828125 0.205923005938529968 0.149333998560905457 100
0.5058860182762146 0.206358000636100769 0.150918006896972656 100
0.509885013103485107 0.205498993396759033 0.151957005262374878 100
0.513884007930755615 0.204569995403289795 0.152995005249977112 100
0.519874989986419678 0.204722002148628235 0.15457800030708313 100
0.524870991706848145 0.204201996326446533 0.155888006091117859 100
0.528870999813079834 0.203038007020950317 0.156926006078720093 100
0.533868014812469482 0.202352002263069153 0.158235996961593628 100
0.539860010147094727 0.202114999294281006 0.15981699526309967 100
0.54684901237487793 0.202300995588302612 0.16166900098323822 100
0.359017997980117798 0.22176399827003479 0.11171499639749527 100
0.361014991998672485 0.22175300121307373 0.11218000203371048 100
0.363012999296188354 0.221713006496429443 0.112645000219345093 100
0.364017993211746216 0.220542997121810913 0.112836003303527832 100
0.366016000509262085 0.220457002520561218 0.113303996622562408 100
0.368014007806777954 0.220341995358467102 0.113771997392177582 100
0.370011985301971436 0.220197007060050964 0.114239998161792755 100
0.372011005878448486 0.220023006200790405 0.114710003137588501 100
0.373015999794006348 0.218771994113922119 0.114905998110771179 100
0.375014990568161011 0.218548998236656189 0.115377001464366913 100
0.37701299786567688 0.218294993042945862 0.115849003195762634 100
0.379011988639831543 0.218009993433952332 0.116320997476577759 100
0.381011009216308594 0.217694997787475586 0.11679299920797348 100
0.383011013269424438 0.217348992824554443 0.117265999317169189 100
0.385010004043579102 0.216973006725311279 0.117738999426364899 100
0.388002991676330566 0.217536002397537231 0.118483997881412506 100
0.390002995729446411 0.217086002230644226 0.118956997990608215 100
0.392996996641159058 0.217555999755859375 0.119701996445655823 100
0.394003003835678101 0.216093003749847412 0.119906000792980194 100
0.396997004747390747 0.216479003429412842 0.120650000870227814 100
0.398997008800506592 0.215893998742103577 0.121124997735023499 100
0.40099799633026123 0.215277001261711121 0.12160000205039978 100
0.403993010520935059 0.215526998043060303 0.122345000505447388 100
0.405993998050689697 0.214836999773979187 0.122819997370243073 100
0.408989012241363525 0.214993000030517578 0.123565003275871277 100
0.410989999771118164 0.214230000972747803 0.124040998518466949 100
0.413985997438430786 0.214292004704475403 0.124784998595714569 100
0.415987998247146606 0.21345500648021698 0.125260993838310242 100
0.418983995914459229 0.213423997163772583 0.126004993915557861 100
0.420985996723175049 0.212512999773025513 0.126481994986534119 100
0.423983007669448853 0.212387993931770325 0.127225995063781738 100
0.425985008478164673 0.211404994130134583 0.127702996134757996 100
0.428981989622116089 0.211186006665229797 0.128446996212005615 100
0.431980013847351074 0.210915997624397278 0.129190996289253235 100
0.434978008270263672 0.210593998432159424 0.129933997988700867 100
0.436980992555618286 0.209453001618385315 0.130411997437477112 100
0.440973997116088867 0.2097959965467453 0.131420999765396118 100
0.443971991539001465 0.209319993853569031 0.132164999842643738 100
0.447966009378433228 0.209529995918273926 0.133173003792762756 100
0.450964987277984619 0.208940997719764709 0.133916005492210388 100
0.455953985452651978 0.209738001227378845 0.1351889967918396 100
0.458952993154525757 0.209028005599975586 0.135931998491287231 100
0.461953014135360718 0.208266004920005798 0.136675000190734863 100
0.465948998928070068 0.208142995834350586 0.137682005763053894 100
0.469944000244140625 0.207948997616767883 0.138688996434211731 100
0.473940014839172363 0.207684993743896484 0.139695003628730774 100
0.477935999631881714 0.207351997494697571 0.140700995922088623 100
0.482928007841110229 0.20759899914264679 0.141971006989479065 100
0.486925005912780762 0.207115992903709412 0.142976999282836914 100
0.491917997598648071 0.207194998860359192 0.144245997071266174 100
0.494920998811721802 0.205939993262290955 0.144987002015113831 100
0.498919010162353516 0.205247998237609863 0.145991995930671692 100
0.50490802526473999 0.20569300651550293 0.147523999214172363 100
0.508907020092010498 0.204843997955322266 0.148527994751930237 100
0.513902008533477783 0.204509004950523376 0.149794995784759521 100
0.51889801025390625 0.204086005687713623 0.151061996817588806 100
0.524888992309570312 0.204141005873680115 0.152592003345489502 100
0.528890013694763184 0.202978000044822693 0.153595000505447388 100
0.53388601541519165 0.202291995286941528 0.154862001538276672 100
0.537887990474700928 0.200981006026268005 0.155864998698234558 100
0.544876992702484131 0.20118500292301178 0.157655000686645508 100
0.359028995037078857 0.221669003367424011 0.109820999205112457 100
0.360033005475997925 0.220533996820449829 0.1100040003657341 100
0.363023996353149414 0.221622005105018616 0.11072000116109848 100
0.363036006689071655 0.219350993633270264 0.110638998448848724 100
0.365034013986587524 0.219277992844581604 0.111091002821922302 100
0.367031991481781006 0.219174996018409729 0.111543998122215271 100
0.370023995637893677 0.220111995935440063 0.112262003123760223 100
0.371028989553451538 0.218880996108055115 0.11245100200176239 100
0.373026996850967407 0.218688994646072388 0.112906001508235931 100
0.37502598762512207 0.218466997146606445 0.113360002636909485 100
0.377025008201599121 0.2182140052318573 0.113816000521183014 100
0.379023998975753784 0.217931002378463745 0.114271998405456543 100
0.381022989749908447 0.217617005109786987 0.114727996289730072 100
0.38202899694442749 0.216279998421669006 0.114923000335693359 100
0.385022014379501343 0.216895997524261475 0.1156420037150383 100
0.3870219886302948 0.216489002108573914 0.116099998354911804 100
0.390015006065368652 0.217011004686355591 0.116819001734256744 100
0.392015010118484497 0.216532006859779358 0.117276996374130249 100
0.394015014171600342 0.216020002961158752 0.117734998464584351 100
0.397008985280990601 0.21640700101852417 0.118454001843929291 100
0.399010002613067627 0.215821996331214905 0.11891300231218338 100
0.401010990142822266 0.215205997228622437 0.119372002780437469 100
0.404006004333496094 0.2154570072889328 0.120090998709201813 100
0.406006991863250732 0.214768007397651672 0.120549999177455902 100
0.409002006053924561 0.21492399275302887 0.121269002556800842 100
0.411002993583679199 0.214160993695259094 0.121729001402854919 100
0.413998991250991821 0.214223995804786682 0.122446998953819275 100
0.416000992059707642 0.213387995958328247 0.122906997799873352 100
0.418002992868423462 0.212520003318786621 0.123368002474308014 100
0.421000003814697266 0.212447002530097961 0.124086000025272369 100
0.423996001482009888 0.212321996688842773 0.12480500340461731 100
0.425998985767364502 0.211338996887207031 0.125265002250671387 100
0.428995996713638306 0.21112099289894104 0.12598399817943573 100
0.431993991136550903 0.210850998759269714 0.126701995730400085 100
0.434991985559463501 0.210529997944831848 0.127419993281364441 100
0.436994999647140503 0.209389999508857727 0.127882003784179688 100
0.440988004207611084 0.209732994437217712 0.128856003284454346 100
0.443987011909484863 0.209257006645202637 0.129574000835418701 100
0.447979986667633057 0.209466993808746338 0.130548000335693359 100
0.450980007648468018 0.208878993988037109 0.131265997886657715 100
0.454973995685577393 0.20895799994468689 0.132238999009132385 100
0.457973986864089966 0.208257004618644714 0.132955998182296753 100
0.461968988180160522 0.208204999566078186 0.133928999304771423 100
0.465963989496231079 0.20808100700378418 0.134901002049446106 100
0.469960004091262817 0.207888007164001465 0.135874003171920776 100
0.473955988883972168 0.207625001668930054 0.136844992637634277 100
0.4779529869556427 0.207291007041931152 0.13781699538230896 100
0.481949001550674438 0.206888005137443542 0.138787999749183655 100
0.486941993236541748 0.207055002450942993 0.140013992786407471 100
0.491935014724731445 0.20713399350643158 0.141239002346992493 100
0.495932996273040771 0.206503003835678101 0.142210006713867188 100
0.498935997486114502 0.20518900454044342 0.142925992608070374 100
0.504926025867462158 0.205633997917175293 0.144403994083404541 100
0.507929027080535889 0.204190999269485474 0.145120993256568909 100
0.513920009136199951 0.20444999635219574 0.146597996354103088 100
0.518916010856628418 0.204027995467185974 0.147820994257926941 100
0.525902986526489258 0.204648002982139587 0.14955100417137146 100
0.529904007911682129 0.203474998474121094 0.150519996881484985 100
0.534901022911071777 0.202779993414878845 0.151742994785308838 100
0.538902997970581055 0.201460003852844238 0.152712002396583557 100
0.545892000198364258 0.201655000448226929 0.154440000653266907 100
0.358047008514404297 0.220440998673439026 0.107672996819019318 100
0.360044002532958984 0.220445007085800171 0.10810600221157074 100
0.362042009830474854 0.220420002937316895 0.108540996909141541 100
0.363047003746032715 0.219264999032020569 0.108719997107982635 100
0.365045011043548584 0.219192996621131897 0.109155997633934021 100
0.367042988538742065 0.219091996550559998 0.109592996537685394 100
0.369042009115219116 0.218961000442504883 0.110030002892017365 100
0.371039986610412598 0.218801006674766541 0.110468000173568726 100
0.373039007186889648 0.218610003590583801 0.110907003283500671 100
0.375037997961044312 0.218389004468917847 0.11134599894285202 100
0.377036988735198975 0.218136996030807495 0.111785002052783966 100
0.379036009311676025 0.217855006456375122 0.1122250035405159 100
0.381035000085830688 0.217541992664337158 0.112664997577667236 100
0.382041007280349731 0.216205999255180359 0.112853996455669403 100
0.385033994913101196 0.216822996735572815 0.113546997308731079 100
0.387033998966217041 0.216416999697685242 0.113989003002643585 100
0.390026986598968506 0.216939002275466919 0.114681996405124664 100
0.392026990652084351 0.216460004448890686 0.11512400209903717 100
0.394028007984161377 0.215949997305870056 0.11556600034236908 100
0.397022008895874023 0.216336995363235474 0.116259999573230743 100
0.399022012948989868 0.21575300395488739 0.116701997816562653 100
0.401023000478744507 0.21513800323009491 0.117145001888275146 100
0.404018014669418335 0.21538899838924408 0.117838002741336823 100
0.406019002199172974 0.214699998497962952 0.118281997740268707 100
0.408021003007888794 0.213980004191398621 0.118725001811981201 100
0.411015987396240234 0.214094996452331543 0.119418002665042877 100
0.413017988204956055 0.213302001357078552 0.119861997663974762 100
0.416013985872268677 0.213322997093200684 0.120554998517036438 100
0.418015986680984497 0.212456002831459045 0.120999999344348907 100
0.421012997627258301 0.212383002042770386 0.121693000197410583 100
0.423016011714935303 0.211441993713378906 0.122137002646923065 100
0.426012992858886719 0.211275994777679443 0.122830003499984741 100
0.429010003805160522 0.211059004068374634 0.12352299690246582 100
0.43200799822807312 0.210788995027542114 0.124215997755527496 100
0.435005992650985718 0.210467994213104248 0.124908000230789185 100
0.43700900673866272 0.209328994154930115 0.125352993607521057 100
0.441002011299133301 0.209672003984451294 0.126293003559112549 100
0.444000989198684692 0.209196001291275024 0.126985996961593628 100
0.447995007038116455 0.209407001733779907 0.127924993634223938 100
0.450994014739990234 0.208819001913070679 0.128617003560066223 100
0.454988986253738403 0.208897992968559265 0.129556000232696533 100
0.45898398756980896 0.208905994892120361 0.130493998527526855 100
0.461984008550643921 0.208144992589950562 0.131185993552207947 100
0.465979993343353271 0.208021998405456543 0.132122993469238281 100
0.46997600793838501 0.207828998565673828 0.133061006665229797 100
0.474967002868652344 0.208235993981361389 0.134243994951248169 100
0.477968990802764893 0.207232996821403503 0.134935006499290466 100
0.481965988874435425 0.206828996539115906 0.135872006416320801 100
0.486959010362625122 0.206997007131576538 0.137053996324539185 100
0.490956008434295654 0.206444993615150452 0.137989997863769531 100
0.49495398998260498 0.205823004245758057 0.138925999402999878 100
0.498953014612197876 0.205131992697715759 0.139862000942230225 100
0.503947973251342773 0.204973995685577393 0.141043007373809814 100
0.507947027683258057 0.204134002327919006 0.141977995634078979 100
0.512942016124725342 0.203808993101119995 0.143158003687858582 100
0.517938017845153809 0.203396007418632507 0.14433799684047699 100
0.52492600679397583 0.204025998711585999 0.146006003022193909 100
0.529923021793365479 0.203418999910354614 0.147185996174812317 100
0.534919977188110352 0.202723994851112366 0.14836399257183075 100
0.539918005466461182 0.201940998435020447 0.149543002247810364 100
0.546908020973205566 0.202126994729042053 0.151208996772766113 100
0.358056992292404175 0.220354005694389343 0.105792999267578125 100
0.360054999589920044 0.220358997583389282 0.106210999190807343 100
0.362053006887435913 0.220336005091667175 0.106629997491836548 100
0.363058000802993774 0.219181999564170837 0.106802999973297119 100
0.365056008100509644 0.219111993908882141 0.107222996652126312 100
0.367053985595703125 0.219012007117271423 0.10764399915933609 100
0.369053006172180176 0.21888299286365509 0.108066000044345856 100
0.371051013469696045 0.218722999095916748 0.108488000929355621 100
0.373050004243850708 0.218532994389533997 0.108910001814365387 100
0.375048995018005371 0.21831299364566803 0.10933300107717514 100
0.377047985792160034 0.218062996864318848 0.109756998717784882 100
0.379047006368637085 0.217781007289886475 0.110179997980594635 100
0.38104701042175293 0.217469006776809692 0.110605001449584961 100
0.382052004337310791 0.216134995222091675 0.110785998404026031 100
0.385046005249023438 0.216751992702484131 0.111454002559185028 100
0.387046009302139282 0.216346994042396545 0.111879996955394745 100
0.390038996934890747 0.21686999499797821 0.112548001110553741 100
0.392039000988006592 0.216391995549201965 0.11297299712896347 100
0.39403998851776123 0.215882003307342529 0.113399997353553772 100
0.397033989429473877 0.216269999742507935 0.114067003130912781 100
0.399035006761550903 0.215687006711959839 0.114494003355503082 100
0.401035994291305542 0.215072005987167358 0.114921003580093384 100
0.40403100848197937 0.215323999524116516 0.115588001906871796 100
0.406031996011734009 0.214635998010635376 0.116015002131462097 100
0.408033996820449829 0.213916003704071045 0.116443000733852386 100
0.410035014152526855 0.213165000081062317 0.116870000958442688 100
0.413031011819839478 0.213238999247550964 0.117537997663021088 100
0.415033012628555298 0.212413996458053589 0.117966003715991974 100
0.418029993772506714 0.212393999099731445 0.118634000420570374 100
0.421025991439819336 0.212321996688842773 0.119300998747348785 100
0.423029005527496338 0.211382001638412476 0.119728997349739075 100
0.426025986671447754 0.211216002702713013 0.120397001504898071 100
0.429024010896682739 0.210997998714447021 0.121063999831676483 100
0.432022005319595337 0.210729002952575684 0.121730998158454895 100
0.435019999742507935 0.210409000515937805 0.122397996485233307 100
0.437023013830184937 0.209270000457763672 0.122827000916004181 100
0.440021991729736328 0.208856001496315002 0.123493999242782593 100
0.444016009569168091 0.209138005971908569 0.124398998916149139 100
0.447014987468719482 0.208610996603965759 0.125065997242927551 100
0.451009005308151245 0.208761006593704224 0.125970005989074707 100
0.455004006624221802 0.20883999764919281 0.126873999834060669 100
0.458003997802734375 0.20814099907875061 0.127541005611419678 100
0.461998999118804932 0.208087995648384094 0.128444001078605652 100
0.46599501371383667 0.207965001463890076 0.129346996545791626 100
0.469990998506546021 0.207773000001907349 0.130250006914138794 100
0.474983006715774536 0.208178997039794922 0.131389006972312927 100
0.477984994649887085 0.207175999879837036 0.132054999470710754 100
0.482977002859115601 0.207423999905586243 0.133193999528884888 100
0.486975014209747314 0.206940993666648865 0.134095996618270874 100
0.490972995758056641 0.206388995051383972 0.134996995329856873 100
0.495967000722885132 0.206388995051383972 0.136134997010231018 100
0.49996599555015564 0.205688998103141785 0.137035995721817017 100
0.503965020179748535 0.204918995499610901 0.137936994433403015 100
0.50896000862121582 0.204671993851661682 0.139073997735977173 100
0.511964023113250732 0.203170999884605408 0.139739006757736206 100
0.516960024833679199 0.20276699960231781 0.14087599515914917 100
0.521956980228424072 0.20227600634098053 0.14201200008392334 100
0.528945028781890869 0.202807992696762085 0.143618002533912659 100
0.534938991069793701 0.202668994665145874 0.144988000392913818 100
0.539937019348144531 0.201886996626853943 0.146123006939888 100
0.546926975250244141 0.202072992920875549 0.147727996110916138 100
0.359061002731323242 0.221404999494552612 0.104153998196125031 100
0.360065996646881104 0.220276996493339539 0.104318000376224518 100
0.362064003944396973 0.220255002379417419 0.104721002280712128 100
0.363068997859954834 0.219102993607521057 0.104887999594211578 100
0.365067005157470703 0.219034001231193542 0.105291999876499176 100
0.367065012454986572 0.218935996294021606 0.105696998536586761 100
0.369064003229141235 0.218806996941566467 0.106103003025054932 100
0.371062994003295898 0.218648999929428101 0.106509000062942505 100
0.373061001300811768 0.218459993600845337 0.106914997100830078 100
0.375059992074966431 0.218241006135940552 0.107321999967098236 100
0.377059012651443481 0.217990994453430176 0.107730001211166382 100
0.379058986902236938 0.217711001634597778 0.108138002455234528 100
0.381058007478713989 0.217399999499320984 0.108546003699302673 100
0.383058011531829834 0.217058002948760986 0.108955003321170807 100
0.384063988924026489 0.215703994035720825 0.109130002558231354 100
0.387057006359100342 0.216279998421669006 0.109773002564907074 100
0.390051007270812988 0.216803997755050659 0.110414996743202209 100
0.392051994800567627 0.216325998306274414 0.110825002193450928 100
0.394051998853683472 0.215817004442214966 0.111235000193119049 100
0.3970470130443573 0.216205000877380371 0.111877001821994781 100
0.399046987295150757 0.215623006224632263 0.112286999821662903 100
0.401048004627227783 0.215009003877639771 0.112698003649711609 100
0.403048992156982422 0.214364007115364075 0.113109000027179718 100
0.406044989824295044 0.214573994278907776 0.11375100165605545 100
0.40804600715637207 0.213854998350143433 0.11416199803352356 100
0.410048007965087891 0.213103994727134705 0.114573001861572266 100
0.413044005632400513 0.213177993893623352 0.115216001868247986 100
0.415046006441116333 0.212354004383087158 0.115626998245716095 100
0.418042987585067749 0.212334007024765015 0.116268999874591827 100
0.420044988393783569 0.211437001824378967 0.116681002080440521 100
0.423043012619018555 0.211322993040084839 0.117323003709316254 100
0.426039993762969971 0.211158007383346558 0.117964997887611389 100
0.429037988185882568 0.210941001772880554 0.118606999516487122 100
0.432036012411117554 0.210672006011009216 0.119249001145362854 100
0.435034006834030151 0.210352003574371338 0.119889996945858002 100
0.438032001256942749 0.209979996085166931 0.120531998574733734 100
0.441031008958816528 0.20955599844455719 0.121173001825809479 100
0.44402998685836792 0.20908200740814209 0.121815003454685211 100
0.447028994560241699 0.208555996417999268 0.122455999255180359 100
0.451023995876312256 0.20870499312877655 0.123326003551483154 100
0.455018997192382812 0.208784997463226318 0.124195002019405365 100
0.458018988370895386 0.208085000514984131 0.124835997819900513 100
0.463010013103485107 0.208730995655059814 0.125933006405830383 100
0.465014994144439697 0.207221999764442444 0.126346006989479065 100
0.470007002353668213 0.207717999815940857 0.127442002296447754 100
0.474999010562896729 0.20812399685382843 0.128536999225616455 100
0.478996008634567261 0.207782000303268433 0.129405006766319275 100
0.482993990182876587 0.207368999719619751 0.130272001028060913 100
0.486990988254547119 0.206887006759643555 0.131139993667602539 100
0.490990012884140015 0.206334993243217468 0.132007002830505371 100
0.495983988046646118 0.20633600652217865 0.133101001381874084 100
0.498986989259719849 0.205023005604743958 0.133741006255149841 100
0.504978001117706299 0.20546799898147583 0.135060995817184448 100
0.507982015609741211 0.204025998711585999 0.135701000690460205 100
0.5119820237159729 0.203117996454238892 0.136566996574401855 100
0.516978025436401367 0.202714994549751282 0.137659996747970581 100
0.522970974445343018 0.202788993716239929 0.138979002833366394 100
0.529959976673126221 0.203310996294021606 0.140523001551628113 100
0.534956991672515869 0.20261700451374054 0.141615003347396851 100
0.539955973625183105 0.201835006475448608 0.142706006765365601 100
0.544954001903533936 0.200966000556945801 0.143797993659973145 100
0.359071999788284302 0.221324995160102844 0.102268002927303314 100
0.361070007085800171 0.221322000026702881 0.102655000984668732 100
0.362075001001358032 0.220177993178367615 0.102813996374607086 100
0.364073008298873901 0.220127999782562256 0.103202000260353088 100
0.365078002214431763 0.218960002064704895 0.103362999856472015 100
0.367076992988586426 0.218861997127532959 0.103752002120018005 100
0.369075000286102295 0.218734994530677795 0.104142002761363983 100
0.371073991060256958 0.218577995896339417 0.104532003402709961 100
0.373073011636734009 0.218390002846717834 0.104923002421855927 100
0.375072002410888672 0.218171998858451843 0.105314001441001892 100
0.377070993185043335 0.217923000454902649 0.105705000460147858 100
0.379070013761520386 0.217644006013870239 0.106096997857093811 100
0.381069988012313843 0.217333003878593445 0.106489002704620361 100
0.383069008588790894 0.216992005705833435 0.106881998479366302 100
0.385069012641906738 0.216618999838829041 0.107274003326892853 100
0.387068986892700195 0.216215997934341431 0.107667997479438782 100
0.38906899094581604 0.21578100323677063 0.10806100070476532 100
0.392064005136489868 0.216262996196746826 0.108677998185157776 100
0.394064009189605713 0.215755000710487366 0.109071999788284302 100
0.397058993577957153 0.216142997145652771 0.10968799889087677 100
0.39906001091003418 0.215562000870704651 0.110082998871803284 100
0.401060998439788818 0.214948996901512146 0.11047700047492981 100
0.403061985969543457 0.21430400013923645 0.110872000455856323 100
0.406058013439178467 0.214514002203941345 0.111487999558448792 100
0.408059000968933105 0.21379600465297699 0.111882999539375305 100
0.410061001777648926 0.21304599940776825 0.112277999520301819 100
0.413056999444961548 0.213119998574256897 0.112894997000694275 100
0.415059000253677368 0.212297007441520691 0.113291002810001373 100
0.418056011199951172 0.212276995182037354 0.113907001912593842 100
0.420058995485305786 0.2113800048828125 0.114303000271320343 100
0.42305600643157959 0.211266994476318359 0.114918999373912811 100
0.426054000854492188 0.211101993918418884 0.115535996854305267 100
0.429051011800765991 0.210885003209114075 0.116152003407478333 100
0.432049006223678589 0.210617005825042725 0.116768002510070801 100
0.435048013925552368 0.210297003388404846 0.117384001612663269 100
0.438046008348464966 0.209924995899200439 0.118000000715255737 100
0.441044986248016357 0.209501996636390686 0.118615999817848206 100
0.444045007228851318 0.209028005599975586 0.119231998920440674 100
0.44704398512840271 0.208501994609832764 0.119847998023033142 100
0.451038986444473267 0.208652004599571228 0.120682999491691589 100
0.455033987760543823 0.208730995655059814 0.121518000960350037 100
0.45902898907661438 0.208739995956420898 0.122351996600627899 100
0.463025003671646118 0.208678007125854492 0.123185999691486359 100
0.467020988464355469 0.208545997738838196 0.124020002782344818 100
0.470023006200790405 0.207664996385574341 0.124635003507137299 100
0.475015014410018921 0.208072006702423096 0.125687003135681152 100
0.479012012481689453 0.207728996872901917 0.12651999294757843 100
0.483009994029998779 0.207316994667053223 0.127352997660636902 100
0.487008005380630493 0.206835001707077026 0.128186002373695374 100
0.491005986928939819 0.206284001469612122 0.129017993807792664 100
0.495005011558532715 0.205662995576858521 0.129850998520851135 100
0.5 0.205584004521369934 0.130900993943214417 100
0.503998994827270508 0.20481400191783905 0.1317330002784729 100
0.508994996547698975 0.204567998647689819 0.132781997323036194 100
0.512995004653930664 0.203650996088981628 0.133614003658294678 100
0.515999972820281982 0.202089995145797729 0.134229004383087158 100
0.520996987819671631 0.201609000563621521 0.135278001427650452 100
0.526989996433258057 0.201594993472099304 0.136544004082679749 100
0.533980011940002441 0.202020004391670227 0.138025999069213867 100
0.538977980613708496 0.201248005032539368 0.139074996113777161 100
0.544973015785217285 0.200916007161140442 0.140339002013206482 100
0.359082013368606567 0.221248000860214233 0.100385002791881561 100
0.361079990863800049 0.221246004104614258 0.100755997002124786 100
0.3630790114402771 0.221215993165969849 0.101126998662948608 100
0.364084005355834961 0.220054998993873596 0.101281002163887024 100
0.36608201265335083 0.219978004693984985 0.101653002202510834 100
0.367087990045547485 0.218792006373405457 0.101809002459049225 100
0.369085997343063354 0.218666002154350281 0.10218299925327301 100
0.372078001499176025 0.219565004110336304 0.102773003280162811 100
0.373084008693695068 0.218323007225990295 0.102931998670101166 100
0.375082999467849731 0.218106001615524292 0.103307001292705536 100
0.377081990242004395 0.217858001589775085 0.103681996464729309 100
0.379081994295120239 0.217579007148742676 0.104057997465133667 100
0.38108101487159729 0.217270001769065857 0.104433998465538025 100
0.383080989122390747 0.216929003596305847 0.104809999465942383 100
0.385080993175506592 0.21655699610710144 0.105186998844146729 100
0.387080997228622437 0.216154992580413818 0.105563998222351074 100
0.389081001281738281 0.215719997882843018 0.10594099760055542 100
0.392075985670089722 0.216203004121780396 0.106532998383045197 100
0.394075989723205566 0.215696007013320923 0.106909997761249542 100
0.397071003913879395 0.216084003448486328 0.107501998543739319 100
0.398077994585037231 0.214586004614830017 0.107666000723838806 100
0.40107300877571106 0.214891001582145691 0.108258001506328583 100
0.40307500958442688 0.214247003197669983 0.108635999262332916 100
0.40606999397277832 0.214457005262374878 0.109227001667022705 100
0.408071994781494141 0.21374000608921051 0.109605997800827026 100
0.410073995590209961 0.21299000084400177 0.109985001385211945 100
0.413069993257522583 0.213064998388290405 0.110575996339321136 100
0.415073007345199585 0.212242007255554199 0.110954999923706055 100
0.418069005012512207 0.21222299337387085 0.111547000706195831 100
0.420071989297866821 0.211326003074645996 0.111925996840000153 100
0.423069000244140625 0.211212992668151855 0.112516999244689941 100
0.426066994667053223 0.211048007011413574 0.11310800164937973 100
0.42906498908996582 0.210831999778747559 0.113698996603488922 100
0.432063013315200806 0.210564002394676208 0.114289000630378723 100
0.435061991214752197 0.21024399995803833 0.114880003035068512 100
0.438060998916625977 0.209873005747795105 0.115470997989177704 100
0.441060006618499756 0.209450006484985352 0.116061002016067505 100
0.444059014320373535 0.208976000547409058 0.116651996970176697 100
0.447057992219924927 0.208450004458427429 0.117242000997066498 100
0.451052993535995483 0.208600997924804688 0.118041999638080597 100
0.456043988466262817 0.209397003054618835 0.119052000343799591 100
0.459044009447097778 0.208689004182815552 0.119641996920108795 100
0.463039994239807129 0.208627000451087952 0.120440997183322906 100
0.467036992311477661 0.208495005965232849 0.121241003274917603 100
0.471033990383148193 0.20829300582408905 0.122040003538131714 100
0.474034994840621948 0.207351997494697571 0.12262900173664093 100
0.479027986526489258 0.207679003477096558 0.123636998236179352 100
0.483025997877120972 0.207267001271247864 0.124435000121593475 100
0.487024009227752686 0.206786006689071655 0.12523399293422699 100
0.492018997669219971 0.206864997744560242 0.126240000128746033 100
0.496017992496490479 0.206233993172645569 0.127038002014160156 100
0.500016987323760986 0.205533996224403381 0.12783600389957428 100
0.505011975765228271 0.205366998910903931 0.128841996192932129 100
0.509012997150421143 0.204519003629684448 0.129639998078346252 100
0.512017011642456055 0.203018993139266968 0.130228996276855469 100
0.517014026641845703 0.202616006135940552 0.131235003471374512 100
0.521014988422393799 0.20156000554561615 0.132032006978988647 100
0.529000997543334961 0.202656999230384827 0.133661001920700073 100
0.534995019435882568 0.202518001198768616 0.134874001145362854 100
0.539994001388549805 0.201736003160476685 0.135878995060920715 100
0.544992983341217041 0.200867995619773865 0.136883005499839783 100
0.360085994005203247 0.222308993339538574 0.0987128987908363342 100
0.361090987920761108 0.221174001693725586 0.0988586992025375366 100
0.363090008497238159 0.221145004034042358 0.0992138013243675232 100
0.364095002412796021 0.219986006617546082 0.0993617027997970581 100
0.365099996328353882 0.218821004033088684 0.0995106995105743408 100
0.367098987102508545 0.218724995851516724 0.0998679995536804199 100
0.369096994400024414 0.218600004911422729 0.10022599995136261 100
0.371095985174179077 0.218445003032684326 0.1005840003490448 100
0.373095005750656128 0.21825900673866272 0.10094200074672699 100
0.375093996524810791 0.218042001128196716 0.101300999522209167 100
0.377094000577926636 0.217794999480247498 0.101660996675491333 100
0.379092991352081299 0.217517003417015076 0.102020002901554108 100
0.381092995405197144 0.217208996415138245 0.102380000054836273 100
0.383092999458312988 0.216868996620178223 0.102741003036499023 100
0.385093003511428833 0.216498002409934998 0.103101000189781189 100
0.387093007564544678 0.216095998883247375 0.103462003171443939 100
0.390087008476257324 0.216620996594429016 0.104028001427650452 100
0.392087996006011963 0.216144993901252747 0.104388996958732605 100
0.394088000059127808 0.215638995170593262 0.104750998318195343 100
0.396088987588882446 0.215100005269050598 0.105112001299858093 100
0.399084001779556274 0.215446993708610535 0.105677999556064606 100
0.401086002588272095 0.214835003018379211 0.106040000915527344 100
0.403086990118026733 0.214192003011703491 0.106402002274990082 100
0.405088990926742554 0.213516995310783386 0.106765002012252808 100
0.408084988594055176 0.213686004281044006 0.10733100026845932 100
0.410086989402770996 0.212936997413635254 0.107693001627922058 100
0.413082987070083618 0.213011994957923889 0.108258999884128571 100
0.41508600115776062 0.212189003825187683 0.108621999621391296 100
0.41708800196647644 0.21133500337600708 0.108984999358654022 100
0.420085012912750244 0.211273998022079468 0.109550997614860535 100
0.423083007335662842 0.211161002516746521 0.110115997493267059 100
0.426081001758575439 0.210997000336647034 0.110682003200054169 100
0.429078996181488037 0.210780993103981018 0.111247003078460693 100
0.432076990604400635 0.210512995719909668 0.111812002956867218 100
0.435075998306274414 0.210194006562232971 0.112377002835273743 100
0.438075006008148193 0.209822997450828552 0.112943001091480255 100
0.441074013710021973 0.209399998188018799 0.11350800096988678 100
0.444072991609573364 0.208926007151603699 0.114073000848293304 100
0.448067992925643921 0.209138005971908569 0.114837996661663055 100
0.451068013906478882 0.208551004528999329 0.11540299654006958 100
0.455063998699188232 0.208630993962287903 0.116167999804019928 100
0.459060013294219971 0.208639994263648987 0.116934001445770264 100
0.463055998086929321 0.208579003810882568 0.117697998881340027 100
0.46705201268196106 0.208446994423866272 0.118463002145290375 100
0.470054000616073608 0.207567006349563599 0.119027003645896912 100
0.474050998687744141 0.207304000854492188 0.119791999459266663 100
0.47904399037361145 0.207631006836891174 0.120756000280380249 100
0.483042001724243164 0.20721900463104248 0.121519997715950012 100
0.487040996551513672 0.206737995147705078 0.122282996773719788 100
0.49103999137878418 0.206186994910240173 0.123047001659870148 100
0.495038986206054688 0.205566003918647766 0.123810999095439911 100
0.499038010835647583 0.204875007271766663 0.124573998153209686 100
0.504033982753753662 0.20471799373626709 0.125536993145942688 100
0.509029984474182129 0.204472005367279053 0.126498997211456299 100
0.513031005859375 0.203555002808570862 0.127261996269226074 100
0.518028020858764648 0.203143000602722168 0.128224000334739685 100
0.521032989025115967 0.201514005661010742 0.128787994384765625 100
0.528023004531860352 0.202055007219314575 0.130147993564605713 100
0.534017026424407959 0.201925992965698242 0.131308004260063171 100
0.539016008377075195 0.201153993606567383 0.132268995046615601 100
0.544016003608703613 0.200294002890586853 0.133230999112129211 100
0.360096991062164307 0.222239002585411072 0.0968237966299057007 100
0.362094998359680176 0.222228005528450012 0.097162202000617981 100
0.363099992275238037 0.221076995134353638 0.0973026975989341736 100
0.36410599946975708 0.219919994473457336 0.0974443033337593079 100
0.366104006767272949 0.219843998551368713 0.0977848991751670837 100
0.367109000682830811 0.218661993741989136 0.0979283004999160767 100
0.370101988315582275 0.219603002071380615 0.0984674990177154541 100
0.371107012033462524 0.218382999300956726 0.0986123010516166687 100
0.373106002807617188 0.218198001384735107 0.0989549010992050171 100
0.375106006860733032 0.217981994152069092 0.0992977991700172424 100
0.377104997634887695 0.217736005783081055 0.0996410995721817017 100
0.37910500168800354 0.217458993196487427 0.0999846979975700378 100
0.381103992462158203 0.21715100109577179 0.100328996777534485 100
0.383103996515274048 0.216811999678611755 0.100672997534275055 100
0.385105013847351074 0.21644100546836853 0.101016998291015625 100
0.387104988098144531 0.216040000319480896 0.101361997425556183 100
0.390098989009857178 0.216564998030662537 0.101902000606060028 100
0.392100006341934204 0.216089993715286255 0.102246999740600586 100
0.394100993871688843 0.21558399498462677 0.102592997252941132 100
0.396100997924804688 0.215046003460884094 0.102937996387481689 100
0.39909699559211731 0.215394005179405212 0.103477999567985535 100
0.401098012924194336 0.214781999588012695 0.10382399708032608 100
0.403100013732910156 0.214138999581336975 0.104170002043247223 100
0.405101001262664795 0.213465005159378052 0.104516997933387756 100
0.408096998929977417 0.213633999228477478 0.105057001113891602 100
0.410098999738693237 0.212886005640029907 0.105402998626232147 100
0.413096010684967041 0.212961003184318542 0.105943001806735992 100
0.415098994970321655 0.21213899552822113 0.106289997696876526 100
0.417100995779037476 0.211284995079040527 0.106637001037597656 100
0.420098990201950073 0.211225003004074097 0.107176996767520905 100
0.423096001148223877 0.211111992597579956 0.10771699994802475 100
0.426093995571136475 0.210948005318641663 0.108257003128528595 100
0.429091989994049072 0.210731998085975647 0.108796998858451843 100
0.432090997695922852 0.210464000701904297 0.109337002038955688 100
0.435090005397796631 0.210144996643066406 0.109875999391078949 100
0.43808901309967041 0.209775000810623169 0.110416002571582794 100
0.441087990999221802 0.209352999925613403 0.110955998301506042 100
0.444088011980056763 0.208878993988037109 0.1114950031042099 100
0.448083013296127319 0.209089994430541992 0.112226001918315887 100
0.452078014612197876 0.209231004118919373 0.112957000732421875 100
0.455078989267349243 0.208583995699882507 0.113495998084545135 100
0.459075003862380981 0.208592996001243591 0.114226996898651123 100
0.463070988655090332 0.208532005548477173 0.114956997334957123 100
0.467067986726760864 0.208399996161460876 0.115686997771263123 100
0.470068991184234619 0.207519993185997009 0.11622600257396698 100
0.474067002534866333 0.20725800096988678 0.11695600301027298 100
0.478065013885498047 0.206926003098487854 0.117686003446578979 100
0.482062995433807373 0.206523999571800232 0.118414998054504395 100
0.486061990261077881 0.206052005290985107 0.119144998490810394 100
0.490060001611709595 0.205511003732681274 0.119874000549316406 100
0.49505499005317688 0.205520004034042358 0.120792999863624573 100
0.498059004545211792 0.204218998551368713 0.121331997215747833 100
0.503054976463317871 0.204071000218391418 0.122250996530056 100
0.50805199146270752 0.203834995627403259 0.123170003294944763 100
0.512051999568939209 0.202926993370056152 0.123898997902870178 100
0.517049014568328857 0.202525004744529724 0.124817997217178345 100
0.522046983242034912 0.20203399658203125 0.125735998153686523 100
0.527045011520385742 0.201455995440483093 0.126653999090194702 100
0.533039987087249756 0.201335996389389038 0.127762004733085632 100
0.539035022258758545 0.201109007000923157 0.128869995474815369 100
0.544035017490386963 0.200249999761581421 0.12978699803352356 100
0.360107988119125366 0.222173005342483521 0.0949362963438034058 100
0.362105995416641235 0.222163006663322449 0.0952590033411979675 100
0.363110989332199097 0.221012994647026062 0.0953932031989097595 100
0.364116013050079346 0.219857007265090942 0.0955286026000976562 100
0.366115003824234009 0.219782993197441101 0.0958532989025115967 100
0.36711999773979187 0.218601003289222717 0.095990300178527832 100
0.369118988513946533 0.218477994203567505 0.0963160991668701172 100
0.372112005949020386 0.219378992915153503 0.0968298986554145813 100
0.373118013143539429 0.218140006065368652 0.0969687998294830322 100
0.375117003917694092 0.217924997210502625 0.0972957015037536621 100
0.377117007970809937 0.217678993940353394 0.0976229012012481689 100
0.3791159987449646 0.217402994632720947 0.0979503989219665527 100
0.381116002798080444 0.217096000909805298 0.0982782021164894104 100
0.383116006851196289 0.216756999492645264 0.098606303334236145 100
0.385116010904312134 0.216388002038002014 0.0989347025752067566 100
0.387116998434066772 0.21598699688911438 0.0992633029818534851 100
0.390110999345779419 0.216511994600296021 0.0997779965400695801 100
0.392111986875534058 0.21603800356388092 0.100106999278068542 100
0.394113004207611084 0.215532004833221436 0.100436002016067505 100
0.396113991737365723 0.214994996786117554 0.10076499730348587 100
0.399109005928039551 0.215342998504638672 0.101279996335506439 100
0.400115996599197388 0.213826000690460205 0.101424999535083771 100
0.40311199426651001 0.214090004563331604 0.10193999856710434 100
0.40511399507522583 0.213414996862411499 0.10226999968290329 100
0.408109992742538452 0.213585004210472107 0.102784000337123871 100
0.410111993551254272 0.212836995720863342 0.103114999830722809 100
0.413109004497528076 0.212911993265151978 0.10362900048494339 100
0.41511198878288269 0.212090998888015747 0.103959999978542328 100
0.418108999729156494 0.212072998285293579 0.104474000632762909 100
0.420112013816833496 0.211177006363868713 0.104805000126361847 100
0.423110008239746094 0.211064994335174561 0.105319999158382416 100
0.426108002662658691 0.210901007056236267 0.105833999812602997 100
0.429105997085571289 0.210685998201370239 0.106348000466823578 100
0.432105004787445068 0.210418000817298889 0.106862999498844147 100
0.435104012489318848 0.210098996758460999 0.107377000153064728 100
0.438102990388870239 0.209729000926017761 0.107891000807285309 100
0.441101998090744019 0.209307000041007996 0.10840500146150589 100
0.445096999406814575 0.209580004215240479 0.109102003276348114 100
0.448096990585327148 0.209044992923736572 0.109615996479988098 100
0.451097995042800903 0.208460003137588501 0.110129997134208679 100
0.45509299635887146 0.208538994193077087 0.110826000571250916 100
0.459089994430541992 0.208548992872238159 0.111521996557712555 100
0.46308600902557373 0.208487004041671753 0.112217001616954803 100
0.466087996959686279 0.207668006420135498 0.112731002271175385 100
0.470084995031356812 0.207476004958152771 0.113426998257637024 100
0.474083006381988525 0.207213997840881348 0.114122003316879272 100
0.478080987930297852 0.206881999969482422 0.114817000925540924 100
0.482078999280929565 0.2064799964427948 0.115511998534202576 100
0.485082000494003296 0.205368995666503906 0.116025999188423157 100
0.490076988935470581 0.205467000603675842 0.116902001202106476 100
0.494076013565063477 0.204855993390083313 0.117596998810768127 100
0.499071985483169556 0.204787001013755798 0.118472002446651459 100
0.503072023391723633 0.204027995467185974 0.11916700005531311 100
0.508068978786468506 0.203792005777359009 0.120042003691196442 100
0.5110740065574646 0.2023019939661026 0.120555996894836426 100
0.516071021556854248 0.201908007264137268 0.121431000530719757 100
0.521068990230560303 0.201426997780799866 0.122305996716022491 100
0.528060019016265869 0.201967999339103699 0.123542003333568573 100
0.534054994583129883 0.20183899998664856 0.12459699809551239 100
0.539053976535797119 0.2010670006275177 0.125471994280815125 100
0.544053971767425537 0.200207993388175964 0.126346006989479065 100
0.360118001699447632 0.222110003232955933 0.0930505022406578064 100
0.361122995615005493 0.220979005098342896 0.09317769855260849 100
0.363121986389160156 0.220953002572059631 0.0934853032231330872 100
0.364127010107040405 0.219797998666763306 0.0936143025755882263 100
0.366126000881195068 0.219723999500274658 0.0939230993390083313 100
0.368124991655349731 0.219620004296302795 0.0942322984337806702 100
0.370124012231826782 0.219486996531486511 0.0945418030023574829 100
0.372123003005981445 0.219321995973587036 0.0948517993092536926 100
0.373129010200500488 0.218085005879402161 0.094984203577041626 100
0.375128000974655151 0.217870995402336121 0.0952949970960617065 100
0.377128005027770996 0.217626005411148071 0.0956061035394668579 100
0.379128009080886841 0.217350006103515625 0.0959175974130630493 100
0.381128013134002686 0.217042997479438782 0.0962292999029159546 100
0.383127987384796143 0.216704994440078735 0.0965413004159927368 100
0.385127991437911987 0.216335996985435486 0.096853502094745636 100
0.387127995491027832 0.215936005115509033 0.0971660017967224121 100
0.389129012823104858 0.215504005551338196 0.0974787026643753052 100
0.392123997211456299 0.215987995266914368 0.0979679003357887268 100
0.394125014543533325 0.215482994914054871 0.0982808992266654968 100
0.396126002073287964 0.21494700014591217 0.0985940992832183838 100
0.398126989603042603 0.214377999305725098 0.0989075005054473877 100
0.401122987270355225 0.214683994650840759 0.0993966013193130493 100
0.403124988079071045 0.214041993021965027 0.0997103005647659302 100
0.405126005411148071 0.213367998600006104 0.100023999810218811 100
0.408122986555099487 0.213538005948066711 0.100512996315956116 100
0.410124987363815308 0.212790995836257935 0.10082700103521347 100
0.413121998310089111 0.21286599338054657 0.101315997540950775 100
0.415125012397766113 0.212044999003410339 0.101631000638008118 100
0.418121993541717529 0.212026998400688171 0.102119997143745422 100
0.420125007629394531 0.211132004857063293 0.102434001863002777 100
0.423123002052307129 0.211019992828369141 0.102922998368740082 100
0.426120996475219727 0.210857003927230835 0.103412002325057983 100
0.429120004177093506 0.210640996694564819 0.103900998830795288 100
0.432119011878967285 0.210373997688293457 0.10439000278711319 100
0.435117989778518677 0.210056006908416748 0.104878999292850494 100
0.438116997480392456 0.209684997797012329 0.105366997420787811 100
0.441116988658905029 0.209263995289802551 0.105856001377105713 100
0.444115996360778809 0.208791002631187439 0.106344997882843018 100
0.448112010955810547 0.209002003073692322 0.107006996870040894 100
0.45111200213432312 0.208416998386383057 0.107495002448558807 100
0.455107986927032471 0.208497002720832825 0.108157001435756683 100
0.458108991384506226 0.207799002528190613 0.108644999563694 100
0.462105989456176758 0.207747995853424072 0.109306000173091888 100
0.46610298752784729 0.207626000046730042 0.109967999160289764 100
0.471096009016036987 0.208112001419067383 0.110800996422767639 100
0.474097996950149536 0.207172006368637085 0.111289002001285553 100
0.478096991777420044 0.206839993596076965 0.111950002610683441 100
0.482095003128051758 0.206438004970550537 0.112611003220081329 100
0.485098004341125488 0.205327004194259644 0.113099001348018646 100
0.490092992782592773 0.205425992608070374 0.113931000232696533 100
0.494093000888824463 0.204815000295639038 0.114592000842094421 100
0.498093008995056152 0.204135000705718994 0.115252003073692322 100
0.502093017101287842 0.203384995460510254 0.115911997854709625 100
0.507089972496032715 0.203158006072044373 0.116743996739387512 100
0.511090993881225586 0.202261000871658325 0.117403998970985413 100
0.516089022159576416 0.201867997646331787 0.1182359978556633 100
0.521086990833282471 0.201387003064155579 0.119066998362541199 100
0.528078019618988037 0.201928004622459412 0.120241999626159668 100
0.53507000207901001 0.202343001961708069 0.121416002511978149 100
0.540068984031677246 0.201562002301216125 0.122247003018856049 100
0.544072985649108887 0.200167000293731689 0.122906997799873352 100
0.360128998756408691 0.222049996256828308 0.0911661013960838318 100
0.362127006053924561 0.222041994333267212 0.0914570987224578857 100
0.363133013248443604 0.220895007252693176 0.0915787965059280396 100
0.364138007164001465 0.219742000102996826 0.0917015001177787781 100
0.366136997938156128 0.219668999314308167 0.0919943004846572876 100
0.368135988712310791 0.219566002488136292 0.092287503182888031 100
0.36914101243019104 0.218366995453834534 0.0924123004078865051 100
0.372134000062942505 0.219269007444381714 0.0928751006722450256 100
0.373140007257461548 0.218032002449035645 0.0930008962750434875 100
0.375138998031616211 0.217819005250930786 0.0932957008481025696 100
0.377139002084732056 0.217574998736381531 0.0935906991362571716 100
0.3791390061378479 0.217299997806549072 0.0938860997557640076 100
0.381139010190963745 0.216994002461433411 0.0941817015409469604 100
0.38313901424407959 0.216655999422073364 0.0944776013493537903 100
0.385140001773834229 0.216288000345230103 0.0947737023234367371 100
0.387140005826950073 0.215887993574142456 0.0950699970126152039 100
0.389140993356704712 0.2154570072889328 0.0953665971755981445 100
0.39213600754737854 0.215940997004508972 0.0958300977945327759 100
0.394136995077133179 0.215436995029449463 0.0961270034313201904 100
0.396138012409210205 0.214900001883506775 0.0964239984750747681 100
0.398138999938964844 0.21433199942111969 0.0967212021350860596 100
0.401134997606277466 0.214638993144035339 0.0971848964691162109 100
0.403136998414993286 0.213997006416320801 0.0974823012948036194 100
0.405138999223709106 0.213323995471000671 0.0977799966931343079 100
0.40813601016998291 0.213494002819061279 0.0982436016201972961 100
0.41013801097869873 0.212746992707252502 0.0985414981842041016 100
0.413134992122650146 0.212823003530502319 0.0990049988031387329 100
0.415138006210327148 0.212001994252204895 0.0993030965328216553 100
0.418134987354278564 0.211983993649482727 0.0997667014598846436 100
0.42113301157951355 0.211914002895355225 0.100230000913143158 100
0.423135995864868164 0.210978001356124878 0.100529000163078308 100
0.426135003566741943 0.210814997553825378 0.100992001593112946 100
0.429132997989654541 0.210599005222320557 0.101455003023147583 100
0.43213200569152832 0.210332006216049194 0.101919002830982208 100
0.435131996870040894 0.210014000535011292 0.102381996810436249 100
0.438131004571914673 0.209644004702568054 0.102844998240470886 100
0.442126005887985229 0.209977999329566956 0.103473000228404999 100
0.445125997066497803 0.209494993090629578 0.103936001658439636 100
0.448125988245010376 0.208960995078086853 0.104399003088474274 100
0.451126992702484131 0.208376005291938782 0.104861997067928314 100
0.455123007297515869 0.208455994725227356 0.105489000678062439 100
0.458124011754989624 0.207758992910385132 0.105952002108097076 100
0.462121009826660156 0.207708001136779785 0.106578998267650604 100
0.466118007898330688 0.207586005330085754 0.107205003499984741 100
0.470115989446640015 0.207394003868103027 0.107831999659538269 100
0.474114000797271729 0.207131996750831604 0.108457997441291809 100
0.477117002010345459 0.206141993403434753 0.108920998871326447 100
0.481115996837615967 0.205750003457069397 0.109546996653079987 100
0.485114991664886475 0.20528799295425415 0.110173001885414124 100
0.489113986492156982 0.204756006598472595 0.110798999667167664 100
0.494109988212585449 0.204776003956794739 0.111588001251220703 100
0.498109996318817139 0.204096004366874695 0.112213999032974243 100
0.502110004425048828 0.203345999121665955 0.112839996814727783 100
0.507107019424438477 0.203119993209838867 0.113628000020980835 100
0.511108994483947754 0.202222004532814026 0.114253997802734375 100
0.516107022762298584 0.201829001307487488 0.115042001008987427 100
0.521104991436004639 0.201348006725311279 0.115831002593040466 100
0.527100026607513428 0.201333999633789062 0.116780996322631836 100
0.533095002174377441 0.201214000582695007 0.117730997502803802 100
0.539092004299163818 0.20098799467086792 0.118681997060775757 100
0.545087993144989014 0.200655996799468994 0.119631998240947723 100
0.360139995813369751 0.221993997693061829 0.0892831012606620789 100
0.361144989728927612 0.220865994691848755 0.0893978998064994812 100
0.363142997026443481 0.220841005444526672 0.0896736979484558105 100
0.364149004220962524 0.21968899667263031 0.0897900015115737915 100
0.366147994995117188 0.21961599588394165 0.0900669023394584656 100
0.368146985769271851 0.219513997435569763 0.0903441011905670166 100
0.370146006345748901 0.219382002949714661 0.0906217023730278015 100
0.371152013540267944 0.218164995312690735 0.090740501880645752 100
0.373151004314422607 0.217983007431030273 0.0910189002752304077 100
0.375151008367538452 0.217769995331764221 0.0912975966930389404 100
0.377149999141693115 0.217527002096176147 0.091576598584651947 100
0.37915000319480896 0.217252001166343689 0.0918558984994888306 100
0.381150007247924805 0.216947004199028015 0.0921353995800018311 100
0.383150994777679443 0.216609999537467957 0.0924151018261909485 100
0.385150998830795288 0.216242000460624695 0.0926951020956039429 100
0.387151986360549927 0.21584300696849823 0.0929751992225646973 100
0.389151990413665771 0.21541200578212738 0.0932556018233299255 100
0.392147988080978394 0.21589699387550354 0.0936937034130096436 100
0.393153995275497437 0.21445600688457489 0.093817003071308136 100
0.396149992942810059 0.214856997132301331 0.094255201518535614 100
0.398151010274887085 0.214288994669914246 0.0945362001657485962 100
0.400153011083602905 0.213689997792243958 0.0948173999786376953 100
0.402155011892318726 0.213058993220329285 0.0950988978147506714 100
0.405151009559631348 0.213282003998756409 0.0955369994044303894 100
0.407153993844985962 0.212577000260353088 0.0958186015486717224 100
0.410151004791259766 0.21270500123500824 0.0962567999958992004 100
0.413147985935211182 0.212780997157096863 0.0966947972774505615 100
0.415151000022888184 0.21196100115776062 0.0969766974449157715 100
0.418148010969161987 0.211943000555038452 0.0974147990345954895 100
0.420150995254516602 0.211049005389213562 0.0976969003677368164 100
0.423150002956390381 0.210938006639480591 0.0981348976492881775 100
0.426147997379302979 0.210775002837181091 0.0985729023814201355 100
0.429147005081176758 0.210559993982315063 0.0990108028054237366 100
0.431151002645492554 0.209508001804351807 0.0992932990193367004 100
0.435144990682601929 0.209975004196166992 0.0998866036534309387 100
0.43814501166343689 0.209604993462562561 0.100323997437953949 100
0.441145002841949463 0.209184005856513977 0.100762002170085907 100
0.44514000415802002 0.209455996751785278 0.101355001330375671 100
0.448141008615493774 0.208922997117042542 0.101792998611927032 100
0.451140999794006348 0.20833800733089447 0.102229997515678406 100
0.45513799786567688 0.208417996764183044 0.10282299667596817 100
0.458139002323150635 0.20772099494934082 0.10326000303030014 100
0.462136000394821167 0.207669004797935486 0.103853002190589905 100
0.465137988328933716 0.206861004233360291 0.104290001094341278 100
0.470131993293762207 0.207356005907058716 0.105036996304988861 100
0.473134011030197144 0.206425994634628296 0.105474002659320831 100
0.477133005857467651 0.206103995442390442 0.106066003441810608 100
0.481132000684738159 0.205712005496025085 0.106657996773719788 100
0.485130995512008667 0.205249994993209839 0.107248999178409576 100
0.489129990339279175 0.204719007015228271 0.107840999960899353 100
0.494125992059707642 0.204738005995750427 0.10858599841594696 100
0.498127013444900513 0.204058006405830383 0.109177999198436737 100
0.503123998641967773 0.203911006450653076 0.109922997653484344 100
0.507125020027160645 0.203082993626594543 0.110514000058174133 100
0.512121975421905518 0.202767997980117798 0.111258998513221741 100
0.51612401008605957 0.201792001724243164 0.11185000091791153 100
0.521122992038726807 0.201311007142066956 0.112594999372959137 100
0.527118027210235596 0.201297000050544739 0.113493002951145172 100
0.533114016056060791 0.201177000999450684 0.11439099907875061 100
0.539110004901885986 0.200950995087623596 0.115289002656936646 100
0.544111013412475586 0.200092002749443054 0.116033002734184265 100
0.549112021923065186 0.199146002531051636 0.116778001189231873 100
0.360150009393692017 0.221940994262695312 0.0874013975262641907 100
0.361155003309249878 0.22081400454044342 0.0875099003314971924 100
0.363153994083404541 0.220789998769760132 0.0877699032425880432 100
0.364158987998962402 0.219639003276824951 0.0878797993063926697 100
0.366158008575439453 0.219567000865936279 0.0881406962871551514 100
0.367163985967636108 0.218390002846717834 0.0882520005106925964 100
0.370157003402709961 0.219334006309509277 0.0886635035276412964 100
0.372155994176864624 0.219172000885009766 0.0889253988862037659 100
0.373162001371383667 0.217936992645263672 0.0890380963683128357 100
0.375162005424499512 0.217724993824958801 0.0893007963895797729 100
0.377162009477615356 0.217482000589370728 0.0895636975765228271 100
0.379162013530731201 0.217207998037338257 0.0898267999291419983 100
0.381161987781524658 0.216903001070022583 0.0900902003049850464 100
0.383161991834640503 0.216565996408462524 0.0903538018465042114 100
0.385163009166717529 0.21619899570941925 0.0906175971031188965 100
0.387163013219833374 0.215800002217292786 0.0908816978335380554 100
0.389164000749588013 0.215369999408721924 0.0911459028720855713 100
0.391164988279342651 0.214908003807067871 0.0914103016257286072 100
0.393166005611419678 0.214414998888969421 0.09167490154504776 100
0.395168006420135498 0.213890001177787781 0.0919397026300430298 100
0.39816400408744812 0.214248999953269958 0.0923523977398872375 100
0.400164991617202759 0.21365000307559967 0.0926173999905586243 100
0.402166992425918579 0.213018998503684998 0.0928826034069061279 100
0.404168993234634399 0.212356999516487122 0.0931479036808013916 100
0.407166004180908203 0.212538003921508789 0.0935605987906455994 100
0.410162985324859619 0.21266600489616394 0.0939731970429420471 100
0.412165999412536621 0.21188800036907196 0.0942388996481895447 100
0.415163993835449219 0.211922004818916321 0.0946514979004859924 100
0.417167007923126221 0.211070999503135681 0.09491729736328125 100
0.420165002346038818 0.21101100742816925 0.0953299030661582947 100
0.423162996768951416 0.210899993777275085 0.0957425013184547424 100
0.426162004470825195 0.21073700487613678 0.0961550027132034302 100
0.42816498875617981 0.209728002548217773 0.0964211001992225647 100
0.431165009737014771 0.209471002221107483 0.0968336984515190125 100
0.434163987636566162 0.209162995219230652 0.0972461998462677002 100
0.437164008617401123 0.208802998065948486 0.0976587012410163879 100
0.44115900993347168 0.209147006273269653 0.0982170999050140381 100
0.444159001111984253 0.208673998713493347 0.0986294969916343689 100
0.448154985904693604 0.208885997533798218 0.0991875976324081421 100
0.451155990362167358 0.208300992846488953 0.0995998978614807129 100
0.454156994819641113 0.207664996385574341 0.100011996924877167 100
0.458153992891311646 0.207683995366096497 0.10057000070810318 100
0.461156010627746582 0.206937000155448914 0.100982002913951874 100
0.466149002313613892 0.207512006163597107 0.101685002446174622 100
0.46915099024772644 0.206643000245094299 0.102096997201442719 100
0.473150014877319336 0.206391006708145142 0.102655000984668732 100
0.477149009704589844 0.206068992614746094 0.10321199893951416 100
0.481148004531860352 0.205677002668380737 0.103768996894359589 100
0.485146999359130859 0.205215007066726685 0.104327000677585602 100
0.489147007465362549 0.204684004187583923 0.10488399863243103 100
0.494143009185791016 0.204703003168106079 0.10558599978685379 100
0.498144000768661499 0.204023003578186035 0.106142997741699219 100
0.50314098596572876 0.20387500524520874 0.106844000518321991 100
0.508138000965118408 0.203639000654220581 0.107546001672744751 100
0.511143982410430908 0.202150002121925354 0.107957996428012848 100
0.516142010688781738 0.201756998896598816 0.108659997582435608 100
0.522136986255645752 0.201839998364448547 0.109504997730255127 100
0.528132975101470947 0.20181700587272644 0.110351003706455231 100
0.534129023551940918 0.201688006520271301 0.111197002232074738 100
0.539129018783569336 0.200916007161140442 0.111897997558116913 100
0.544130027294158936 0.200057998299598694 0.112599000334739685 100
0.359167009592056274 0.220759004354476929 0.0853795036673545837 100
0.361166000366210938 0.220764994621276855 0.0856231972575187683 100
0.363164991140365601 0.220742002129554749 0.0858671963214874268 100
0.36417001485824585 0.219592005014419556 0.0859707966446876526 100
0.365175992250442505 0.218434005975723267 0.0860750004649162292 100
0.368167996406555176 0.219420000910758972 0.0864610001444816589 100
0.370168000459671021 0.219289004802703857 0.0867064967751502991 100
0.372166991233825684 0.219127997756004333 0.08695240318775177 100
0.373172998428344727 0.217893004417419434 0.0870584994554519653 100
0.376166999340057373 0.218713998794555664 0.0874449014663696289 100
0.377173006534576416 0.217438995838165283 0.087551899254322052 100
0.379173010587692261 0.217166006565093994 0.0877989009022712708 100
0.381173014640808105 0.216860994696617126 0.0880461037158966064 100
0.383174002170562744 0.216526001691818237 0.0882935971021652222 100
0.385174006223678589 0.216158002614974976 0.0885412991046905518 100
0.387174993753433228 0.215759992599487305 0.0887892022728919983 100
0.389176011085510254 0.215330004692077637 0.0890372022986412048 100
0.391176998615264893 0.214868992567062378 0.0892855003476142883 100
0.393177986145019531 0.214376002550125122 0.0895339027047157288 100
0.396174013614654541 0.214776992797851562 0.0899209007620811462 100
0.398176014423370361 0.214210003614425659 0.0901696011424064636 100
0.400177985429763794 0.213612005114555359 0.090418398380279541 100
0.402179986238479614 0.212981998920440674 0.0906673967838287354 100
0.405176013708114624 0.213204994797706604 0.0910544991493225098 100
0.407178997993469238 0.212501004338264465 0.091303698718547821 100
0.409180998802185059 0.211765006184577942 0.0915530025959014893 100
0.412178993225097656 0.211851999163627625 0.0919402018189430237 100
0.414182007312774658 0.211042001843452454 0.0921898037195205688 100
0.417180001735687256 0.211034998297691345 0.0925768986344337463 100
0.421173006296157837 0.211799994111061096 0.0931013971567153931 100
0.423175990581512451 0.21086399257183075 0.0933511033654212952 100
0.42617499828338623 0.210701003670692444 0.0937381982803344727 100
0.42917400598526001 0.210486993193626404 0.0941251963376998901 100
0.432173997163772583 0.210219994187355042 0.0945122018456459045 100
0.435173004865646362 0.209902003407478333 0.094899199903011322 100
0.438172996044158936 0.209533005952835083 0.0952861011028289795 100
0.441172987222671509 0.209112003445625305 0.095673099160194397 100
0.445169001817703247 0.209384992718696594 0.0961967036128044128 100
0.448170006275177002 0.208851993083953857 0.0965835973620414734 100
0.452165991067886353 0.208993002772331238 0.0971070006489753723 100
0.455168008804321289 0.20834699273109436 0.0974937975406646729 100
0.458169013261795044 0.20765000581741333 0.0978806987404823303 100
0.46216699481010437 0.20759899914264679 0.0984037965536117554 100
0.465169012546539307 0.206790998578071594 0.0987906977534294128 100
0.469166994094848633 0.206608995795249939 0.0993138030171394348 100
0.473165005445480347 0.206357002258300781 0.0998366996645927429 100
0.477164000272750854 0.206035003066062927 0.100359998643398285 100
0.481164008378982544 0.205642998218536377 0.100882001221179962 100
0.485163003206253052 0.205182000994682312 0.101405002176761627 100
0.489163011312484741 0.204649999737739563 0.101928003132343292 100
0.493164002895355225 0.204049006104469299 0.10245099663734436 100
0.498160004615783691 0.203989997506141663 0.103109002113342285 100
0.503157973289489746 0.203841999173164368 0.103767000138759613 100
0.507158994674682617 0.203014001250267029 0.104290001094341278 100
0.51116102933883667 0.202116996049880981 0.104812003672122955 100
0.516160011291503906 0.201723992824554443 0.105470001697540283 100
0.52215498685836792 0.201807007193565369 0.106264002621173859 100
0.528150975704193115 0.201783999800682068 0.107056997716426849 100
0.533150970935821533 0.201109007000923157 0.107715003192424774 100
0.538151025772094727 0.200348004698753357 0.108373001217842102 100
0.543151974678039551 0.199497997760772705 0.109030000865459442 100
0.549149990081787109 0.199079006910324097 0.10982300341129303 100
0.359178006649017334 0.220713004469871521 0.0835098028182983398 100
0.361176997423171997 0.220719993114471436 0.083737500011920929 100
0.363175004720687866 0.220697999000549316 0.083965696394443512 100
0.364181011915206909 0.219548001885414124 0.0840627998113632202 100
0.366180002689361572 0.219477996230125427 0.084291800856590271 100
0.368178993463516235 0.219377994537353516 0.0845210030674934387 100
0.37017899751663208 0.219246998429298401 0.0847506001591682434 100
0.372177988290786743 0.219087004661560059 0.084980398416519165 100
0.373183995485305786 0.217852994799613953 0.0850799009203910828 100
0.375183999538421631 0.21764199435710907 0.0853103995323181152 100
0.378178000450134277 0.21841999888420105 0.0856712982058525085 100
0.37918400764465332 0.217126995325088501 0.085772000253200531 100
0.381184995174407959 0.216822996735572815 0.0860031023621559143 100
0.383184999227523804 0.216487005352973938 0.0862343981862068176 100
0.385185986757278442 0.216121003031730652 0.0864659994840621948 100
0.387187004089355469 0.215722993016242981 0.086697697639465332 100
0.389187991619110107 0.215293005108833313 0.0869295969605445862 100
0.392183005809783936 0.215777993202209473 0.0872910022735595703 100
0.393189996480941772 0.214339002966880798 0.0873939022421836853 100
0.395191997289657593 0.213815003633499146 0.0876261964440345764 100
0.398187994956970215 0.214175000786781311 0.0879878029227256775 100
0.400189995765686035 0.213576003909111023 0.0882204025983810425 100
0.402191996574401855 0.212946996092796326 0.0884532034397125244 100
0.404193997383117676 0.21228499710559845 0.0886861011385917664 100
0.407191008329391479 0.212466001510620117 0.0890477970242500305 100
0.409193992614746094 0.211731001734733582 0.0892809033393859863 100
0.412191003561019897 0.211816996335983276 0.0896425023674964905 100
0.415188997983932495 0.211851999163627625 0.0900041982531547546 100
0.418188005685806274 0.211834996938705444 0.0903657004237174988 100
0.420190989971160889 0.210942000150680542 0.0905992016196250916 100
0.423189997673034668 0.210831001400947571 0.0909608006477355957 100
0.426189005374908447 0.210667997598648071 0.0913223996758460999 100
0.429188013076782227 0.210453003644943237 0.091683901846408844 100
0.432186990976333618 0.210187003016471863 0.0920455008745193481 100
0.434192001819610596 0.209095001220703125 0.0922793000936508179 100
0.437191992998123169 0.208736002445220947 0.092641003429889679 100
0.441186994314193726 0.20907999575138092 0.0931300967931747437 100
0.445183008909225464 0.209352001547813416 0.0936191007494926453 100
0.448184013366699219 0.208819001913070679 0.0939806997776031494 100
0.452181011438369751 0.208959996700286865 0.0944695025682449341 100
0.455181986093521118 0.208314999938011169 0.0948309972882270813 100
0.458184003829956055 0.207617998123168945 0.0951924994587898254 100
0.462181985378265381 0.207567006349563599 0.0956811010837554932 100
0.465184003114700317 0.206759005784988403 0.0960427001118659973 100
0.469182014465332031 0.206577003002166748 0.0965311974287033081 100
0.473181009292602539 0.206324994564056396 0.0970197021961212158 100
0.477180004119873047 0.206002995371818542 0.0975081995129585266 100
0.481180012226104736 0.205612003803253174 0.0979965031147003174 100
0.484183013439178467 0.204511001706123352 0.0983581990003585815 100
0.488182991743087769 0.203988999128341675 0.0988465026021003723 100
0.493180006742477417 0.204017996788024902 0.0994616001844406128 100
0.4971809983253479 0.20334799587726593 0.0999498963356018066 100
0.502178013324737549 0.203209996223449707 0.100565001368522644 100
0.507175981998443604 0.202983006834983826 0.101179003715515137 100
0.511178016662597656 0.202086001634597778 0.101668000221252441 100
0.516176998615264893 0.20169299840927124 0.102282002568244934 100
0.521176993846893311 0.20121300220489502 0.102897003293037415 100
0.528168976306915283 0.201753005385398865 0.103763997554779053 100
0.533168971538543701 0.20107799768447876 0.104378998279571533 100
0.53916698694229126 0.200852006673812866 0.105118997395038605 100
0.5431709885597229 0.199467003345489502 0.105607002973556519 100
0.548173010349273682 0.198531001806259155 0.106222003698348999 100
0.360181987285614014 0.221801996231079102 0.0817632973194122314 100
0.361187011003494263 0.220678001642227173 0.0818528980016708374 100
0.363186001777648926 0.220657005906105042 0.082065097987651825 100
0.364192008972167969 0.219508007168769836 0.0821558982133865356 100
0.366190999746322632 0.21943800151348114 0.082368798553943634 100
0.368189990520477295 0.219337999820709229 0.0825821012258529663 100
0.369195997714996338 0.218143999576568604 0.0826741978526115417 100
0.371194988489151001 0.217995002865791321 0.0828880965709686279 100
0.373194992542266846 0.217814996838569641 0.083102300763130188 100
0.37519499659538269 0.217603996396064758 0.0833166018128395081 100
0.377195000648498535 0.21736299991607666 0.0835312008857727051 100
0.379195988178253174 0.217089995741844177 0.083746001124382019 100
0.381195992231369019 0.216786995530128479 0.08396100252866745 100
0.383197009563446045 0.21645200252532959 0.0841761976480484009 100
0.38519701361656189 0.216085001826286316 0.0843916013836860657 100
0.387198001146316528 0.215688005089759827 0.0846071019768714905 100
0.389198988676071167 0.215259000658988953 0.0848227962851524353 100
0.391200989484786987 0.214798003435134888 0.085038699209690094 100
0.393202006816864014 0.214305996894836426 0.0852546989917755127 100
0.395204007625579834 0.213781997561454773 0.0854708999395370483 100
0.398200005292892456 0.214140996336936951 0.0858070030808448792 100
0.400202006101608276 0.21354299783706665 0.0860233977437019348 100
0.402204006910324097 0.212914004921913147 0.0862398967146873474 100
0.404206007719039917 0.212253004312515259 0.086456596851348877 100
0.407204002141952515 0.212433993816375732 0.0867926999926567078 100
0.409206002950668335 0.211698994040489197 0.0870096012949943542 100
0.412203997373580933 0.211786001920700073 0.0873458012938499451 100
0.41520199179649353 0.211820006370544434 0.087681896984577179 100
0.417205989360809326 0.210969001054763794 0.0878990963101387024 100
0.420204013586044312 0.210910007357597351 0.0882351994514465332 100
0.423202991485595703 0.210800006985664368 0.088571399450302124 100
0.426201999187469482 0.210637003183364868 0.0889075025916099548 100
0.428205996751785278 0.20962899923324585 0.0891249999403953552 100
0.432200998067855835 0.210157006978988647 0.0895797982811927795 100
0.434204995632171631 0.20906500518321991 0.0897973999381065369 100
0.437204986810684204 0.20870499312877655 0.0901335999369621277 100
0.440205991268157959 0.208294004201889038 0.0904697999358177185 100
0.444202005863189697 0.208577007055282593 0.0909243002533912659 100
0.448199003934860229 0.208789005875587463 0.0913787037134170532 100
0.45219498872756958 0.20893000066280365 0.0918330028653144836 100
0.455197006464004517 0.208285003900527954 0.0921690985560417175 100
0.458198994398117065 0.20758800208568573 0.0925052016973495483 100
0.462197005748748779 0.207536995410919189 0.0929593965411186218 100
0.465198993682861328 0.206728994846343994 0.0932955965399742126 100
0.469197988510131836 0.206547006964683533 0.093749701976776123 100
0.473197013139724731 0.206295996904373169 0.0942037031054496765 100
0.477196007966995239 0.205973997712135315 0.0946576967835426331 100
0.48019900918006897 0.204934000968933105 0.0949940010905265808 100
0.48519599437713623 0.2051209956407547 0.09556569904088974 100
0.488200008869171143 0.203960001468658447 0.0959020033478736877 100
0.493196994066238403 0.203988999128341675 0.09647350013256073 100
0.497197985649108887 0.203318998217582703 0.0969275012612342834 100
0.502195000648498535 0.203180000185966492 0.0974989011883735657 100
0.506196975708007812 0.202362000942230225 0.0979527980089187622 100
0.510199010372161865 0.201474994421005249 0.0984067991375923157 100
0.515197992324829102 0.201091006398200989 0.0989781022071838379 100
0.521193981170654297 0.201184004545211792 0.0996666997671127319 100
0.528186976909637451 0.201723992824554443 0.100472003221511841 100
0.534183979034423828 0.201593995094299316 0.101161003112792969 100
0.539184987545013428 0.200822994112968445 0.101732000708580017 100
0.54319000244140625 0.199438005685806274 0.102186001837253571 100
0.548192024230957031 0.198502004146575928 0.102756999433040619 100
0.360192000865936279 0.221762999892234802 0.0798859968781471252 100
0.361198008060455322 0.220640003681182861 0.0799693018198013306 100
0.363196998834609985 0.220617994666099548 0.0801654979586601257 100
0.364201992750167847 0.219469994306564331 0.0802498012781143188 100
0.366201013326644897 0.219401001930236816 0.0804468020796775818 100
0.367206990718841553 0.218226999044418335 0.0805319994688034058 100
0.369206994771957397 0.218108996748924255 0.0807295963168144226 100
0.37220001220703125 0.219013005495071411 0.0810391977429389954 100
0.373205989599227905 0.217779994010925293 0.0811254978179931641 100
0.37520599365234375 0.217570006847381592 0.0813238024711608887 100
0.377207010984420776 0.2173289954662323 0.0815223008394241333 100
0.379206985235214233 0.217057004570960999 0.0817209035158157349 100
0.381206989288330078 0.216753005981445312 0.0819197967648506165 100
0.383208006620407104 0.216418996453285217 0.0821188017725944519 100
0.385208994150161743 0.216052994132041931 0.0823180004954338074 100
0.388204008340835571 0.216621994972229004 0.082628302276134491 100
0.390206009149551392 0.216183006763458252 0.0828277021646499634 100
0.391212999820709229 0.214765995740890503 0.0829166024923324585 100
0.393213987350463867 0.214274004101753235 0.0831165015697479248 100
0.395215988159179688 0.21375100314617157 0.0833164975047111511 100
0.39821198582649231 0.214110001921653748 0.0836270004510879517 100
0.40021398663520813 0.213513001799583435 0.0838271975517272949 100
0.40221598744392395 0.212883993983268738 0.0840274989604949951 100
0.404219001531600952 0.21222299337387085 0.0842280015349388123 100
0.407216012477874756 0.212403997778892517 0.0845386013388633728 100
0.40921899676322937 0.211668998003005981 0.08473929762840271 100
0.412216991186141968 0.211756005883216858 0.0850498974323272705 100
0.415214985609054565 0.211790993809700012 0.085360601544380188 100
0.417217999696731567 0.210940003395080566 0.0855614989995956421 100
0.420217007398605347 0.21088099479675293 0.0858722031116485596 100
0.423215985298156738 0.210770994424819946 0.0861828997731208801 100
0.425220012664794922 0.209803998470306396 0.0863839983940124512 100
0.429215013980865479 0.210393995046615601 0.0868042036890983582 100
0.432215005159378052 0.210127994418144226 0.0871149003505706787 100
0.434219002723693848 0.209035992622375488 0.0873162969946861267 100
0.437218993902206421 0.208676993846893311 0.0876270979642868042 100
0.440219998359680176 0.208266004920005798 0.0879378989338874817 100
0.443221002817153931 0.207803994417190552 0.0882486999034881592 100
0.447216987609863281 0.208026006817817688 0.0886685997247695923 100
0.452210009098052979 0.20890200138092041 0.0891973972320556641 100
0.455211997032165527 0.208257004618644714 0.0895081982016563416 100
0.45920899510383606 0.208267003297805786 0.0899278968572616577 100
0.46221199631690979 0.207509994506835938 0.0902386009693145752 100
0.465214014053344727 0.206701993942260742 0.0905494987964630127 100
0.469213008880615234 0.206520006060600281 0.0909691005945205688 100
0.472216010093688965 0.205599993467330933 0.0912799984216690063 100
0.477212011814117432 0.205945998430252075 0.0918082967400550842 100
0.480215013027191162 0.204906001687049866 0.0921192020177841187 100
0.484216004610061646 0.204454004764556885 0.0925387963652610779 100
0.488216012716293335 0.203933000564575195 0.092958398163318634 100
0.493212997913360596 0.203961998224258423 0.0934865027666091919 100
0.497213989496231079 0.203290998935699463 0.0939060971140861511 100
0.501215994358062744 0.202552005648612976 0.0943256989121437073 100
0.506214022636413574 0.202335000038146973 0.0948536992073059082 100
0.511213004589080811 0.202030003070831299 0.0953816026449203491 100
0.516211986541748047 0.201636999845504761 0.0959094986319541931 100
0.522208988666534424 0.201719999313354492 0.0965457037091255188 100
0.528205990791320801 0.201695993542671204 0.0971817001700401306 100
0.533205986022949219 0.20102199912071228 0.0977096036076545715 100
0.538206994533538818 0.200259998440742493 0.0982374027371406555 100
0.542212009429931641 0.1988849937915802 0.0986571982502937317 100
0.548210978507995605 0.198475003242492676 0.0992932021617889404 100
0.360202997922897339 0.221726000308990479 0.0780095979571342468 100
0.3612079918384552 0.220604002475738525 0.0780865028500556946 100
0.363207012414932251 0.220583006739616394 0.0782667994499206543 100
0.364212989807128906 0.219436004757881165 0.0783445984125137329 100
0.365218013525009155 0.218281000852584839 0.0784230008721351624 100
0.367217987775802612 0.218193992972373962 0.0786043033003807068 100
0.369217991828918457 0.218076005578041077 0.0787857994437217712 100
0.371217012405395508 0.2179269939661026 0.0789676010608673096 100
0.373216986656188965 0.217748001217842102 0.0791495963931083679 100
0.37521699070930481 0.217537999153137207 0.0793317034840583801 100
0.377218008041381836 0.217297002673149109 0.0795141011476516724 100
0.379218012094497681 0.217025995254516602 0.0796966031193733215 100
0.381218999624252319 0.216722995042800903 0.0798794031143188477 100
0.383219987154006958 0.216388002038002014 0.0800622031092643738 100
0.385221004486083984 0.216022998094558716 0.0802453011274337769 100
0.387221992015838623 0.215626001358032227 0.0804285034537315369 100
0.390217006206512451 0.216153994202613831 0.0807131975889205933 100
0.392219007015228271 0.215682998299598694 0.0808966979384422302 100
0.393225997686386108 0.214245006442070007 0.0809789970517158508 100
0.39622199535369873 0.214646995067596436 0.0812638998031616211 100
0.397229999303817749 0.213166996836662292 0.0813466981053352356 100
0.400225996971130371 0.213485002517700195 0.0816316977143287659 100
0.402229011058807373 0.212855994701385498 0.0818158015608787537 100
0.405225992202758789 0.213079005479812622 0.0821008980274200439 100
0.407229006290435791 0.212375998497009277 0.0822852030396461487 100
0.410227000713348389 0.212504997849464417 0.082570299506187439 100
0.413224995136260986 0.212582007050514221 0.0828554034233093262 100
0.415228009223937988 0.21176399290561676 0.0830399990081787109 100
0.417230993509292603 0.210913002490997314 0.0832246989011764526 100
0.420230001211166382 0.210853993892669678 0.0835098996758460999 100
0.423229008913040161 0.210743993520736694 0.0837951004505157471 100
0.426229000091552734 0.210581004619598389 0.0840803980827331543 100
0.42823299765586853 0.20957300066947937 0.0842654034495353699 100
0.432227998971939087 0.210100993514060974 0.0846508964896202087 100
0.43522799015045166 0.209784001111984253 0.0849362015724182129 100
0.437233000993728638 0.20865100622177124 0.0851214006543159485 100
0.440234005451202393 0.208240002393722534 0.0854068025946617126 100
0.443235009908676147 0.207778006792068481 0.0856921970844268799 100
0.44723200798034668 0.208000004291534424 0.0860774964094161987 100
0.451229006052017212 0.208150997757911682 0.0864628031849861145 100
0.455226004123687744 0.20823100209236145 0.0868481025099754333 100
0.458229005336761475 0.207534998655319214 0.0871334969997406006 100
0.462226986885070801 0.207484006881713867 0.0875186994671821594 100
0.465229988098144531 0.206676006317138672 0.0878041982650756836 100
0.469227999448776245 0.206494003534317017 0.0881894007325172424 100
0.473228007555007935 0.206241995096206665 0.0885744988918304443 100
0.477227002382278442 0.205920994281768799 0.0889597013592720032 100
0.480230987071990967 0.204880997538566589 0.0892452970147132874 100
0.484232008457183838 0.204429000616073608 0.0896304994821548462 100
0.48823198676109314 0.203906998038291931 0.090015798807144165 100
0.493229985237121582 0.203935995697975159 0.0905003994703292847 100
0.497231006622314453 0.203265994787216187 0.0908856019377708435 100
0.50123298168182373 0.2025270015001297 0.0912709012627601624 100
0.506231009960174561 0.202309995889663696 0.091755501925945282 100
0.511231005191802979 0.202004998922348022 0.0922399982810020447 100
0.516229987144470215 0.201611995697021484 0.0927245989441871643 100
0.521229982376098633 0.201131001114845276 0.0932091996073722839 100
0.52722698450088501 0.201116994023323059 0.0937929004430770874 100
0.532227993011474609 0.20045199990272522 0.094277501106262207 100
0.538226008415222168 0.200234994292259216 0.0948612019419670105 100
0.54223102331161499 0.198860004544258118 0.0952467024326324463 100
0.547232985496520996 0.197933003306388855 0.0957313999533653259 100
0.359219014644622803 0.220561996102333069 0.0760402977466583252 100
0.36121898889541626 0.220571994781494141 0.0762043967843055725 100
0.363218009471893311 0.220550999045372009 0.0763688012957572937 100
0.364223003387451172 0.219404995441436768 0.0764402002096176147 100
0.365229010581970215 0.218251004815101624 0.0765120014548301697 100
0.368223011493682861 0.219237998127937317 0.076770298182964325 100
0.369228005409240723 0.218045994639396667 0.0768427997827529907 100
0.371228009462356567 0.217897996306419373 0.0770085006952285767 100
0.373228013515472412 0.217719003558158875 0.0771744027733802795 100
0.375227987766265869 0.217509001493453979 0.0773404017090797424 100
0.377229005098342896 0.217269003391265869 0.0775066986680030823 100
0.37922900915145874 0.216996997594833374 0.0776730999350547791 100
0.381229996681213379 0.216694995760917664 0.0778397023677825928 100
0.383231014013290405 0.216361001133918762 0.0780064016580581665 100
0.385232001543045044 0.215994998812675476 0.0781733021140098572 100
0.387232989072799683 0.215599000453948975 0.0783402994275093079 100
0.390228986740112305 0.216126993298530579 0.0785994976758956909 100
0.392230987548828125 0.215655997395515442 0.0787667036056518555 100
0.39323800802230835 0.214219003915786743 0.0788422003388404846 100
0.396234005689620972 0.214621007442474365 0.0791015997529029846 100
0.398236006498336792 0.214056000113487244 0.0792692005634307861 100
0.400238990783691406 0.213458999991416931 0.0794370025396347046 100
0.402240991592407227 0.212830007076263428 0.0796049013733863831 100
0.404242992401123047 0.21216900646686554 0.0797728970646858215 100
0.407240986824035645 0.212350994348526001 0.0800324976444244385 100
0.409244000911712646 0.211615994572639465 0.0802007019519805908 100
0.412241995334625244 0.21170400083065033 0.0804603993892669678 100
0.415241003036499023 0.211739003658294678 0.0807200968265533447 100
0.418240010738372803 0.211722001433372498 0.0809798017144203186 100
0.420242995023727417 0.210830003023147583 0.081148296594619751 100
0.42324298620223999 0.210719004273414612 0.0814080983400344849 100
0.42624199390411377 0.2105569988489151 0.0816679000854492188 100
0.42924201488494873 0.210343003273010254 0.0819277018308639526 100
0.431246012449264526 0.209292992949485779 0.0820965990424156189 100
0.434246987104415894 0.208985999226570129 0.0823564976453781128 100
0.437247008085250854 0.208627000451087952 0.0826164036989212036 100
0.440248012542724609 0.208215996623039246 0.0828763991594314575 100
0.443248987197875977 0.207754001021385193 0.0831364020705223083 100
0.447245985269546509 0.207975998520851135 0.0834871977567672729 100
0.451243013143539429 0.208127006888389587 0.0838380008935928345 100
0.454245001077651978 0.207490995526313782 0.0840979963541030884 100
0.458243012428283691 0.207510992884635925 0.0844487994909286499 100
0.461246013641357422 0.206763997673988342 0.0847088992595672607 100
0.46524500846862793 0.206652000546455383 0.0850597023963928223 100
0.46824800968170166 0.205792993307113647 0.0853198990225791931 100
0.472247004508972168 0.205550998449325562 0.0856707021594047546 100
0.477243006229400635 0.205897003412246704 0.086111903190612793 100
0.481243014335632324 0.205504998564720154 0.0864626988768577576 100
0.485244005918502808 0.205044001340866089 0.0868133977055549622 100
0.489244997501373291 0.204512998461723328 0.0871642008423805237 100
0.493245989084243774 0.203913003206253052 0.0875151008367538452 100
0.497247993946075439 0.20324300229549408 0.0878660008311271667 100
0.501250028610229492 0.202502995729446411 0.0882169008255004883 100
0.506249010562896729 0.202286005020141602 0.0886581018567085266 100
0.510250985622406006 0.201398998498916626 0.0890090987086296082 100
0.515250980854034424 0.20101599395275116 0.0894502997398376465 100
0.520250976085662842 0.200543999671936035 0.0898915976285934448 100
0.527244985103607178 0.201094001531600952 0.0905131027102470398 100
0.532245993614196777 0.200427994132041931 0.0909544005990028381 100
0.538245022296905518 0.200211003422737122 0.0914857983589172363 100
0.542249977588653564 0.198835998773574829 0.0918371006846427917 100
0.548249006271362305 0.198425993323326111 0.0923686027526855469 100
0.359230011701583862 0.220532998442649841 0.0741749033331871033 100
0.361229002475738525 0.220541998744010925 0.0743231028318405151 100
0.363227993249893188 0.22052299976348877 0.0744715034961700439 100
0.364234000444412231 0.219376996159553528 0.0745363980531692505 100
0.365240007638931274 0.218223005533218384 0.0746017992496490479 100
0.367238998413085938 0.218135997653007507 0.0747509971261024475 100
0.369239002466201782 0.218018993735313416 0.074900403618812561 100
0.371239006519317627 0.217870995402336121 0.0750499963760375977 100
0.373239010572433472 0.21769300103187561 0.0751997977495193481 100
0.37523999810218811 0.217482998967170715 0.0753497034311294556 100
0.377240002155303955 0.217243000864982605 0.075499899685382843 100
0.379240989685058594 0.216971993446350098 0.0756501033902168274 100
0.381240993738174438 0.216668993234634399 0.0758005976676940918 100
0.383242011070251465 0.216335996985435486 0.0759510993957519531 100
0.385244011878967285 0.2159699946641922 0.0761018991470336914 100
0.387244999408721924 0.215573996305465698 0.0762526988983154297 100
0.390240997076034546 0.216102004051208496 0.0764864012598991394 100
0.392242997884750366 0.215632006525993347 0.0766374021768569946 100
0.393249988555908203 0.214194998145103455 0.0767060965299606323 100
0.396245986223220825 0.214597001671791077 0.076939903199672699 100
0.398247987031936646 0.214031994342803955 0.0770914033055305481 100
0.400251001119613647 0.213434994220733643 0.0772429034113883972 100
0.402253001928329468 0.212806999683380127 0.0773945972323417664 100
0.404255986213684082 0.212145999073982239 0.0775464028120040894 100
0.407254010438919067 0.212328001856803894 0.077780500054359436 100
0.409256994724273682 0.211593002080917358 0.0779324993491172791 100
0.412254989147186279 0.211680993437767029 0.0781667008996009827 100
0.415253996849060059 0.211715996265411377 0.0784009024500846863 100
0.418253004550933838 0.211698994040489197 0.078635096549987793 100
0.420255988836288452 0.210806995630264282 0.0787874013185501099 100
0.423256009817123413 0.210696995258331299 0.0790216997265815735 100
0.426254987716674805 0.210534006357192993 0.079256102442741394 100
0.429255008697509766 0.210319995880126953 0.0794904977083206177 100
0.431259989738464355 0.20927099883556366 0.0796431005001068115 100
0.434260010719299316 0.20896400511264801 0.0798776000738143921 100
0.436264991760253906 0.207840994000434875 0.080030396580696106 100
0.440261989831924438 0.208194002509117126 0.0803467035293579102 100
0.443262994289398193 0.207732006907463074 0.0805812999606132507 100
0.446263998746871948 0.20721900463104248 0.0808158963918685913 100
0.450262010097503662 0.207379996776580811 0.0811322033405303955 100
0.454259991645812988 0.20746999979019165 0.0814485028386116028 100
0.458258002996444702 0.207488998770713806 0.0817648023366928101 100
0.461261004209518433 0.206742003560066223 0.0819995999336242676 100
0.46525999903678894 0.206631004810333252 0.0823158994317054749 100
0.468263000249862671 0.205771997570991516 0.0825506970286369324 100
0.47226300835609436 0.20553000271320343 0.0828671008348464966 100
0.476262986660003662 0.205218002200126648 0.0831834971904754639 100
0.480262994766235352 0.204835996031761169 0.0834999009966850281 100
0.484263986349105835 0.204383999109268188 0.0838162973523139954 100
0.488265007734298706 0.203861996531486511 0.0841327980160713196 100
0.493263006210327148 0.203890994191169739 0.0845305025577545166 100
0.497263997793197632 0.203220993280410767 0.0848470032215118408 100
0.50027000904083252 0.201881006360054016 0.0850823968648910522 100
0.505268990993499756 0.201673001050949097 0.0854803025722503662 100
0.510268986225128174 0.201378002762794495 0.0858780965209007263 100
0.515268981456756592 0.200993999838829041 0.0862760990858078003 100
0.52026897668838501 0.200523003935813904 0.0866739973425865173 100
0.526266992092132568 0.200517997145652771 0.0871530994772911072 100
0.532265007495880127 0.2004069983959198 0.087632201611995697 100
0.537266016006469727 0.199653998017311096 0.0880301967263221741 100
0.542268991470336914 0.198815003037452698 0.088428400456905365 100
0.548268020153045654 0.198404997587203979 0.0889075994491577148 100
0.360233992338180542 0.221636995673179626 0.0723846033215522766 100
0.361238986253738403 0.220515996217727661 0.0724423006176948547 100
0.363238990306854248 0.220496997237205505 0.0725748017430305481 100
0.364244997501373291 0.219350993633270264 0.0726331993937492371 100
0.365249991416931152 0.218198001384735107 0.0726921036839485168 100
0.367249995470046997 0.218112006783485413 0.0728252008557319641 100
0.369249999523162842 0.217995002865791321 0.0729586035013198853 100
0.371250003576278687 0.217847004532814026 0.0730921030044555664 100
0.373250007629394531 0.217668995261192322 0.0732258036732673645 100
0.37525099515914917 0.217460006475448608 0.0733596011996269226 100
0.377250999212265015 0.217219993472099304 0.0734935998916625977 100
0.379251986742019653 0.216949000954627991 0.0736277997493743896 100
0.38125300407409668 0.21664699912071228 0.0737620964646339417 100
0.383253991603851318 0.216313004493713379 0.0738964974880218506 100
0.38624998927116394 0.216924995183944702 0.07410450279712677 100
0.387255996465682983 0.215552002191543579 0.0741657018661499023 100
0.390253007411956787 0.216079995036125183 0.0743737965822219849 100
0.392253994941711426 0.215609997510910034 0.0745086967945098877 100
0.393260985612869263 0.214173004031181335 0.0745704993605613708 100
0.396257996559143066 0.214576005935668945 0.0747788026928901672 100
0.398261010646820068 0.214010998606681824 0.074914000928401947 100
0.400263011455535889 0.213413998484611511 0.0750494003295898438 100
0.402265012264251709 0.212786003947257996 0.0751847997307777405 100
0.405263006687164307 0.213008999824523926 0.0753934010863304138 100
0.407265990972518921 0.212307006120681763 0.0755290016531944275 100
0.410263985395431519 0.212436005473136902 0.0757376998662948608 100
0.413262993097305298 0.2125139981508255 0.0759463012218475342 100
0.4152660071849823 0.211695998907089233 0.0760821998119354248 100
0.418265998363494873 0.211678996682167053 0.0762910023331642151 100
0.421265006065368652 0.211610004305839539 0.0764997974038124084 100
0.423269003629684448 0.210676997900009155 0.076635897159576416 100
0.426268994808197021 0.210513994097709656 0.0768447965383529663 100
0.429268985986709595 0.21029999852180481 0.0770538002252578735 100
0.431273013353347778 0.209251001477241516 0.077190101146697998 100
0.434273988008499146 0.208943992853164673 0.0773992016911506653 100
0.4372749924659729 0.208584994077682495 0.0776083022356033325 100
0.439280003309249878 0.207420006394386292 0.077744998037815094 100
0.44327700138092041 0.207712993025779724 0.078026697039604187 100
0.446278989315032959 0.207200005650520325 0.0782359987497329712 100
0.450275987386703491 0.207359999418258667 0.0785178020596504211 100
0.454275012016296387 0.207450002431869507 0.0787995979189872742 100
0.457276999950408936 0.206763997673988342 0.0790089964866638184 100
0.461275994777679443 0.20672200620174408 0.0792907997965812683 100
0.465274989604949951 0.206610992550849915 0.0795726031064987183 100
0.469274014234542847 0.206429004669189453 0.0798545032739639282 100
0.472277998924255371 0.205510005354881287 0.0800641030073165894 100
0.476278007030487061 0.205198004841804504 0.0803461000323295593 100
0.480278998613357544 0.204815998673439026 0.0806280970573425293 100
0.484279990196228027 0.204364001750946045 0.0809101015329360962 100
0.488281011581420898 0.203842997550964355 0.0811922028660774231 100
0.492282986640930176 0.203252002596855164 0.08147440105676651 100
0.496284991502761841 0.202591001987457275 0.0817565992474555969 100
0.500286996364593506 0.20186200737953186 0.0820389017462730408 100
0.505285978317260742 0.201654002070426941 0.0823934003710746765 100
0.509289026260375977 0.200775995850563049 0.0826757997274398804 100
0.515286028385162354 0.200975000858306885 0.0831025019288063049 100
0.520286977291107178 0.20050300657749176 0.0834570974111557007 100
0.525287985801696777 0.199944004416465759 0.0838117972016334534 100
0.531286001205444336 0.19984300434589386 0.0842386037111282349 100
0.537284970283508301 0.19963499903678894 0.0846654027700424194 100
0.543283998966217041 0.199321001768112183 0.085092298686504364 100
0.547290980815887451 0.197868004441261292 0.0853753015398979187 100
0.360244005918502808 0.22161400318145752 0.0705107003450393677 100
0.361250013113021851 0.220493003726005554 0.0705621019005775452 100
0.362255007028579712 0.219365999102592468 0.0706138983368873596 100
0.364255011081695557 0.219328999519348145 0.0707305967807769775 100
0.365260988473892212 0.218176007270812988 0.0707828998565673828 100
0.367260992527008057 0.2180899977684021 0.0709000006318092346 100
0.369260996580123901 0.217972993850708008 0.0710173025727272034 100
0.371261000633239746 0.217825993895530701 0.0711347013711929321 100
0.373261004686355591 0.21764799952507019 0.0712523013353347778 100
0.375261992216110229 0.217438995838165283 0.0713699981570243835 100
0.377261996269226074 0.217198997735977173 0.0714879035949707031 100
0.379263013601303101 0.216929003596305847 0.0716058984398841858 100
0.381264001131057739 0.216626003384590149 0.0717239975929260254 100
0.383264988660812378 0.216293007135391235 0.0718422979116439819 100
0.386260986328125 0.216904997825622559 0.0720247030258178711 100
0.38826298713684082 0.216499000787734985 0.0721431970596313477 100
0.389270007610321045 0.215104997158050537 0.0721978023648262024 100
0.392266005277633667 0.215590998530387878 0.0723804011940956116 100
0.393272995948791504 0.21415400505065918 0.0724352970719337463 100
0.396270006895065308 0.21455700695514679 0.0726182013750076294 100
0.398272991180419922 0.213991999626159668 0.0727372020483016968 100
0.400274991989135742 0.213394999504089355 0.0728562995791435242 100
0.402278006076812744 0.21276700496673584 0.0729755014181137085 100
0.405276000499725342 0.212990999221801758 0.0731585994362831116 100
0.407279014587402344 0.212289005517959595 0.0732780024409294128 100
0.410277009010314941 0.212418004870414734 0.0734611973166465759 100
0.413275986909866333 0.212494999170303345 0.0736443996429443359 100
0.415279000997543335 0.211676999926567078 0.0737639963626861572 100
0.418278008699417114 0.211660996079444885 0.0739473029971122742 100
0.421277999877929688 0.211592003703117371 0.0741306990385055542 100
0.423281997442245483 0.210658997297286987 0.0742506012320518494 100
0.426281988620758057 0.210495993494987488 0.0744339972734451294 100
0.429282009601593018 0.210281997919082642 0.0746176019310951233 100
0.431286990642547607 0.209233000874519348 0.0747376978397369385 100
0.434287995100021362 0.208926007151603699 0.0749213993549346924 100
0.437288999557495117 0.208566993474960327 0.0751051008701324463 100
0.440290004014968872 0.208157002925872803 0.0752888992428779602 100
0.443291008472442627 0.20769500732421875 0.0754726976156234741 100
0.446292996406555176 0.207182005047798157 0.075656600296497345 100
0.45029100775718689 0.207342997193336487 0.0759038031101226807 100
0.454288989305496216 0.207432001829147339 0.0761511027812957764 100
0.457291990518569946 0.206745997071266174 0.0763351991772651672 100
0.461290985345840454 0.206705003976821899 0.0765824988484382629 100
0.46529000997543335 0.20659300684928894 0.0768299028277397156 100
0.468293994665145874 0.205734997987747192 0.0770142003893852234 100
0.473289996385574341 0.206159994006156921 0.0773248970508575439 100
0.476294010877609253 0.205180004239082336 0.0775092989206314087 100
0.480295002460479736 0.204797998070716858 0.0777568966150283813 100
0.48429599404335022 0.204346999526023865 0.0780045017600059509 100
0.489293992519378662 0.204454004764556885 0.0783153995871543884 100
0.492298990488052368 0.203234001994132996 0.0785000994801521301 100
0.497298002243041992 0.203183993697166443 0.0788111016154289246 100
0.500303983688354492 0.201844006776809692 0.0789958983659744263 100
0.505303025245666504 0.201636001467704773 0.0793069973587989807 100
0.510303020477294922 0.201341003179550171 0.0796182006597518921 100
0.515304028987884521 0.200957000255584717 0.0799295008182525635 100
0.520304024219512939 0.20048600435256958 0.0802408009767532349 100
0.526302993297576904 0.200480997562408447 0.0806152001023292542 100
0.531304001808166504 0.199825003743171692 0.0809267014265060425 100
0.53730398416519165 0.199616998434066772 0.0813011974096298218 100
0.54430001974105835 0.199828997254371643 0.0817388966679573059 100
0.54830700159072876 0.198366999626159668 0.0819875970482826233 100
0.360255002975463867 0.221593007445335388 0.0686374008655548096 100
0.361259996891021729 0.220474004745483398 0.0686824023723602295 100
0.363260000944137573 0.220455005764961243 0.068782903254032135 100
0.364266008138656616 0.219310000538825989 0.0688283964991569519 100
0.365271002054214478 0.218156993389129639 0.0688740983605384827 100
0.367271006107330322 0.218070998787879944 0.068975202739238739 100
0.369271010160446167 0.21795499324798584 0.0690763965249061584 100
0.371271997690200806 0.217807993292808533 0.0691777989268302917 100
0.37327200174331665 0.217629998922348022 0.069279201328754425 100
0.375272989273071289 0.217420995235443115 0.0693807974457740784 100
0.377272993326187134 0.217181995511054993 0.0694826021790504456 100
0.37927401065826416 0.216911002993583679 0.0695843994617462158 100
0.381274998188018799 0.216609001159667969 0.069686397910118103 100
0.383275985717773438 0.216276004910469055 0.0697885006666183472 100
0.385277986526489258 0.215911000967025757 0.0698907002806663513 100
0.387279003858566284 0.215515002608299255 0.0699929967522621155 100
0.389281004667282104 0.215087994933128357 0.0700955018401145935 100
0.392277985811233521 0.215573996305465698 0.0702525973320007324 100
0.393285006284713745 0.214138001203536987 0.0703006014227867126 100
0.396281987428665161 0.214540004730224609 0.0704578980803489685 100
0.398285001516342163 0.213974997401237488 0.0705607011914253235 100
0.400287002325057983 0.213378995656967163 0.0706636011600494385 100
0.402289986610412598 0.212751001119613647 0.0707665979862213135 100
0.405288010835647583 0.212973996996879578 0.0709242001175880432 100
0.407290995121002197 0.212272003293037415 0.0710273981094360352 100
0.410290002822875977 0.212402001023292542 0.0711850970983505249 100
0.412292987108230591 0.211625993251800537 0.0712883993983268738 100
0.41529199481010437 0.211660996079444885 0.0714462026953697205 100
0.418291002511978149 0.211645007133483887 0.0716041028499603271 100
0.420295000076293945 0.210752993822097778 0.071707703173160553 100
0.423294991254806519 0.210642993450164795 0.0718656033277511597 100
0.426295012235641479 0.210481002926826477 0.0720236971974372864 100
0.429295986890792847 0.210267007350921631 0.07218179851770401 100
0.432296007871627808 0.210001006722450256 0.0723399966955184937 100
0.434300988912582397 0.208910003304481506 0.0724439993500709534 100
0.437301993370056152 0.208552002906799316 0.0726023018360137939 100
0.440304011106491089 0.20814099907875061 0.0727605968713760376 100
0.443304985761642456 0.207679003477096558 0.0729191005229949951 100
0.446307003498077393 0.207166001200675964 0.0730775967240333557 100
0.450305014848709106 0.207326993346214294 0.0732903033494949341 100
0.454304009675979614 0.207416996359825134 0.0735030993819236755 100
0.457307010889053345 0.206731006503105164 0.0736617967486381531 100
0.460310012102127075 0.205992996692657471 0.0738205984234809875 100
0.464309006929397583 0.205890998244285583 0.0740336030721664429 100
0.468308985233306885 0.205718994140625 0.0742466002702713013 100
0.472308993339538574 0.205476999282836914 0.0744597017765045166 100
0.476310014724731445 0.205164998769760132 0.0746729001402854919 100
0.480309993028640747 0.204782992601394653 0.0748860985040664673 100
0.484311997890472412 0.204330995678901672 0.0750994011759757996 100
0.488312989473342896 0.203810006380081177 0.0753128007054328918 100
0.492314994335174561 0.203218996524810791 0.0755262970924377441 100
0.496318012475967407 0.202557995915412903 0.0757398009300231934 100
0.500320017337799072 0.2018280029296875 0.0759534016251564026 100
0.50532001256942749 0.201620995998382568 0.0762211978435516357 100
0.510320007801055908 0.201324999332427979 0.0764890015125274658 100
0.514324009418487549 0.200369000434875488 0.076702900230884552 100
0.519325017929077148 0.199907004833221436 0.076971001923084259 100
0.525323987007141113 0.199910998344421387 0.077293097972869873 100
0.530326008796691895 0.199264004826545715 0.0775612965226173401 100
0.537321984767913818 0.19960099458694458 0.0779376029968261719 100
0.544318974018096924 0.199812993407249451 0.0783139020204544067 100
0.549323022365570068 0.198866993188858032 0.0785825029015541077 100
0.360264986753463745 0.221576005220413208 0.0667643994092941284 100
0.361270993947982788 0.220457002520561218 0.0668030008673667908 100
0.363270014524459839 0.220438003540039062 0.0668874979019165039 100
0.364275991916656494 0.219293996691703796 0.0669265016913414001 100
0.365281999111175537 0.21814100444316864 0.0669658035039901733 100
0.368276000022888184 0.219129994511604309 0.0670963004231452942 100
0.369282007217407227 0.217939004302024841 0.0671359002590179443 100
0.371282011270523071 0.217792004346847534 0.0672210976481437683 100
0.37328299880027771 0.217614993453025818 0.0673065036535263062 100
0.375283986330032349 0.217406004667282104 0.0673919990658760071 100
0.377283990383148193 0.217167004942893982 0.0674775987863540649 100
0.37928500771522522 0.216895997524261475 0.0675633028149604797 100
0.38128700852394104 0.216593995690345764 0.0676491037011146545 100
0.383287996053695679 0.216260999441146851 0.0677350983023643494 100
0.385289013385772705 0.21589699387550354 0.0678211003541946411 100
0.387291014194488525 0.215500995516777039 0.0679071992635726929 100
0.390287995338439941 0.216029003262519836 0.0680387988686561584 100
0.391294986009597778 0.214614003896713257 0.0680797994136810303 100
0.393296986818313599 0.214123994112014771 0.068166196346282959 100
0.396293997764587402 0.214525997638702393 0.0682979971170425415 100
0.398297011852264404 0.213961005210876465 0.0683846026659011841 100
0.400299012660980225 0.21336500346660614 0.0684712976217269897 100
0.403297007083892822 0.213631004095077515 0.0686032995581626892 100
0.405299991369247437 0.212961003184318542 0.0686900988221168518 100
0.407303005456924438 0.212258994579315186 0.0687770992517471313 100
0.410302013158798218 0.212387993931770325 0.0689093023538589478 100
0.412306010723114014 0.211612001061439514 0.0689963996410369873 100
0.415304988622665405 0.21164800226688385 0.0691287964582443237 100
0.417308986186981201 0.210797995328903198 0.0692159980535507202 100
0.42030799388885498 0.210739001631736755 0.0693484991788864136 100
0.423308014869689941 0.210629001259803772 0.0694810971617698669 100
0.426308989524841309 0.21046699583530426 0.0696137025952339172 100
0.428312987089157104 0.209460005164146423 0.0697012990713119507 100
0.431313991546630859 0.209204003214836121 0.069834001362323761 100
0.434314996004104614 0.208896994590759277 0.0699668973684310913 100
0.437316000461578369 0.2085379958152771 0.0700998008251190186 100
0.440317988395690918 0.208128005266189575 0.0702328011393547058 100
0.443318992853164673 0.207665994763374329 0.0703658014535903931 100
0.446321010589599609 0.207153007388114929 0.0704990029335021973 100
0.450320005416870117 0.207313001155853271 0.0706771984696388245 100
0.454317986965179443 0.207403004169464111 0.0708554983139038086 100
0.457320988178253174 0.206716999411582947 0.0709889009594917297 100
0.461320996284484863 0.206676006317138672 0.0711672976613044739 100
0.464323997497558594 0.205878004431724548 0.071300797164440155 100
0.468324005603790283 0.205706000328063965 0.071479402482509613 100
0.472324013710021973 0.205463007092475891 0.0716580972075462341 100
0.476325005292892456 0.205151006579399109 0.0718369036912918091 100
0.479330003261566162 0.204120993614196777 0.0719707012176513672 100
0.484328001737594604 0.204317003488540649 0.0721947029232978821 100
0.48833000659942627 0.20379599928855896 0.0723737031221389771 100
0.492332011461257935 0.203205004334449768 0.072552800178527832 100
0.496333986520767212 0.20254400372505188 0.0727320015430450439 100
0.500337004661560059 0.201814994215965271 0.0729113966226577759 100
0.505336999893188477 0.201607003808021545 0.0731358006596565247 100
0.509341001510620117 0.200728997588157654 0.0733153000473976135 100
0.514342010021209717 0.200354993343353271 0.0735398977994918823 100
0.519343018531799316 0.199892997741699219 0.0737645998597145081 100
0.525341987609863281 0.199897006154060364 0.0740344002842903137 100
0.531341016292572021 0.199794992804527283 0.0743042975664138794 100
0.536343991756439209 0.199050992727279663 0.074529401957988739 100
0.543340981006622314 0.199273005127906799 0.0748445019125938416 100
0.549341976642608643 0.198853000998497009 0.0751148015260696411 100
0.359281003475189209 0.220431998372077942 0.0648555010557174683 100
0.361281007528305054 0.220442995429039001 0.064923897385597229 100
0.363281011581420898 0.220424994826316833 0.0649923980236053467 100
0.364286988973617554 0.219280004501342773 0.0650250017642974854 100
0.365292012691497803 0.218127995729446411 0.0650575980544090271 100
0.36729198694229126 0.218042999505996704 0.0651265978813171387 100
0.369293004274368286 0.217925995588302612 0.0651955977082252502 100
0.371293008327484131 0.217779994010925293 0.0652647987008094788 100
0.37329399585723877 0.217601999640464783 0.0653339996933937073 100
0.375295013189315796 0.217393994331359863 0.0654034018516540527 100
0.377294987440109253 0.217153996229171753 0.0654729008674621582 100
0.379296988248825073 0.216884002089500427 0.0655424967408180237 100
0.3812980055809021 0.216582000255584717 0.0656121000647544861 100
0.383298993110656738 0.216249004006385803 0.0656818971037864685 100
0.385300993919372559 0.215884998440742493 0.0657517984509468079 100
0.387302011251449585 0.215489000082015991 0.0658216997981071472 100
0.389304012060165405 0.215060994029045105 0.0658918023109436035 100
0.391306012868881226 0.214601993560791016 0.0659618973731994629 100
0.394304007291793823 0.215047001838684082 0.0660680979490280151 100
0.396306008100509644 0.214514002203941345 0.0661384016275405884 100
0.398308992385864258 0.213949993252754211 0.0662088021636009216 100
0.401306003332138062 0.214257001876831055 0.0663151964545249939 100
0.403308987617492676 0.213618993759155273 0.0663857012987136841 100
0.405312985181808472 0.212948992848396301 0.0664563998579978943 100
0.408311009407043457 0.213119998574256897 0.0665630027651786804 100
0.410315006971359253 0.212376996874809265 0.0666337981820106506 100
0.412317991256713867 0.211601004004478455 0.0667046979069709778 100
0.414321988821029663 0.210793003439903259 0.0667757019400596619 100
0.417322009801864624 0.210785999894142151 0.066882602870464325 100
0.41932600736618042 0.209904998540878296 0.0669538006186485291 100
0.422325998544692993 0.209803998470306396 0.0670609027147293091 100
0.425325989723205566 0.20965200662612915 0.0671679973602294922 100
0.428326994180679321 0.209447994828224182 0.0672753006219863892 100
0.431327998638153076 0.209193006157875061 0.0673825964331626892 100
0.434329003095626831 0.20888499915599823 0.0674901008605957031 100
0.437330007553100586 0.20852699875831604 0.0675975978374481201 100
0.440331995487213135 0.208115994930267334 0.067705199122428894 100
0.44333299994468689 0.207654997706413269 0.067812800407409668 100
0.447331994771957397 0.207875996828079224 0.0679564997553825378 100
0.450334012508392334 0.207302004098892212 0.0680643022060394287 100
0.453337013721466064 0.20667700469493866 0.0681722015142440796 100
0.457336008548736572 0.206706002354621887 0.0683161020278930664 100
0.460339009761810303 0.205968007445335388 0.0684242025017738342 100
0.464338988065719604 0.205865994095802307 0.0685682967305183411 100
0.468338996171951294 0.205694004893302917 0.0687125027179718018 100
0.472339987754821777 0.205451995134353638 0.0688567981123924255 100
0.477337002754211426 0.205797001719474792 0.0690371021628379822 100
0.480342000722885132 0.204757004976272583 0.069145597517490387 100
0.484344005584716797 0.20430600643157959 0.0692901983857154846 100
0.488346010446548462 0.203784003853797913 0.0694349035620689392 100
0.493344992399215698 0.20381300151348114 0.0696156024932861328 100
0.497348010540008545 0.203143000602722168 0.0697605013847351074 100
0.501350998878479004 0.2024029940366745 0.069905497133731842 100
0.505353987216949463 0.201594993472099304 0.0700505971908569336 100
0.510354995727539062 0.201298996806144714 0.070231802761554718 100
0.514358997344970703 0.200342997908592224 0.0703770965337753296 100
0.519361019134521484 0.199881002306938171 0.070558503270149231 100
0.525359988212585449 0.199884995818138123 0.0707760006189346313 100
0.53036201000213623 0.199238002300262451 0.0709576979279518127 100
0.535364985466003418 0.198504000902175903 0.0711394995450973511 100
0.54136502742767334 0.198209002614021301 0.0713573992252349854 100
0.549360990524291992 0.198840007185935974 0.0716473981738090515 100
0.36028599739074707 0.221551999449729919 0.0630192011594772339 100
0.361290991306304932 0.22043299674987793 0.0630450025200843811 100
0.363290995359420776 0.220414996147155762 0.0630974993109703064 100
0.364297002553939819 0.219270005822181702 0.0631235986948013306 100
0.366297006607055664 0.219203993678092957 0.0631762966513633728 100
0.367303013801574707 0.218033000826835632 0.0632025972008705139 100
0.369302988052368164 0.217915996909141541 0.06325560063123703 100
0.37130400538444519 0.217769995331764221 0.0633085966110229492 100
0.373304992914199829 0.217592000961303711 0.0633618012070655823 100
0.375306010246276855 0.217383995652198792 0.0634149983525276184 100
0.3773060142993927 0.217144995927810669 0.0634683966636657715 100
0.379307985305786133 0.216874003410339355 0.0635218024253845215 100
0.381309002637863159 0.216572001576423645 0.0635752975940704346 100
0.383309990167617798 0.216239005327224731 0.0636288970708847046 100
0.385311990976333618 0.215874999761581421 0.0636826008558273315 100
0.387313991785049438 0.215479001402854919 0.0637364014983177185 100
0.389315992593765259 0.215051993727684021 0.0637902021408081055 100
0.392313003540039062 0.215537995100021362 0.0638708025217056274 100
0.393319994211196899 0.214101999998092651 0.0638981983065605164 100
0.395323008298873901 0.213579997420310974 0.0639522969722747803 100
0.398319989442825317 0.21393999457359314 0.0640330985188484192 100
0.401318997144699097 0.214248001575469971 0.0641139969229698181 100
0.403322011232376099 0.213609993457794189 0.064168296754360199 100
0.405324995517730713 0.212940007448196411 0.0642227977514266968 100
0.408324003219604492 0.213110998272895813 0.0643038973212242126 100
0.410326987504959106 0.212366998195648193 0.0643585026264190674 100
0.41233101487159729 0.211591005325317383 0.0644131973385810852 100
0.414335012435913086 0.210784003138542175 0.0644678995013237 100
0.417333990335464478 0.210776999592781067 0.0645494014024734497 100
0.419339001178741455 0.209895998239517212 0.0646042972803115845 100
0.422338992357254028 0.209794998168945312 0.0646859034895896912 100
0.425339013338088989 0.209643006324768066 0.0647677034139633179 100
0.428339987993240356 0.209438994526863098 0.0648495033383369446 100
0.431340992450714111 0.209182992577552795 0.0649314001202583313 100
0.434341996908187866 0.208875998854637146 0.065013498067855835 100
0.437344014644622803 0.208517000079154968 0.0650956034660339355 100
0.44034498929977417 0.20810699462890625 0.0651777982711791992 100
0.443347007036209106 0.207644999027252197 0.0652600005269050598 100
0.447346001863479614 0.20786699652671814 0.0653692036867141724 100
0.450347989797592163 0.20729200541973114 0.065451599657535553 100
0.453350991010665894 0.206667006015777588 0.0655341967940330505 100
0.457350999116897583 0.206696003675460815 0.06564360111951828 100
0.460354000329971313 0.205959007143974304 0.0657263994216918945 100
0.464354008436203003 0.205856993794441223 0.065835997462272644 100
0.468355000019073486 0.205684006214141846 0.0659457966685295105 100
0.473351985216140747 0.206109002232551575 0.0660824999213218689 100
0.476355999708175659 0.205129995942115784 0.0661657005548477173 100
0.480358004570007324 0.204748004674911499 0.0662757977843284607 100
0.484360009431838989 0.204295992851257324 0.066385999321937561 100
0.488362014293670654 0.203774005174636841 0.0664962977170944214 100
0.492363989353179932 0.203182995319366455 0.0666067972779273987 100
0.497364014387130737 0.203133001923561096 0.0667442008852958679 100
0.501366972923278809 0.202392995357513428 0.0668549016118049622 100
0.505370974540710449 0.201584994792938232 0.0669656991958618164 100
0.510371983051300049 0.201288998126983643 0.0671034976840019226 100
0.514375984668731689 0.200332999229431152 0.0672146007418632507 100
0.519378006458282471 0.199870005249977112 0.0673526972532272339 100
0.524380028247833252 0.199321001768112183 0.0674910023808479309 100
0.530380010604858398 0.199228003621101379 0.067656300961971283 100
0.536379992961883545 0.199028998613357544 0.067821800708770752 100
0.541383981704711914 0.198198005557060242 0.0679605975747108459 100
0.549380004405975342 0.198829993605613708 0.0681803002953529358 100
0.359302014112472534 0.220413997769355774 0.0611298009753227234 100
0.361301988363265991 0.220424994826316833 0.0611662007868289948 100
0.363301992416381836 0.220406994223594666 0.0612028017640113831 100
0.364307999610900879 0.219263002276420593 0.0612222999334335327 100
0.366308003664016724 0.219196006655693054 0.0612590983510017395 100
0.367314010858535767 0.218024998903274536 0.0612787008285522461 100
0.369313985109329224 0.217908993363380432 0.0613155998289585114 100
0.37131500244140625 0.217763006687164307 0.0613525994122028351 100
0.373315989971160889 0.217584997415542603 0.0613895989954471588 100
0.375315994024276733 0.217377007007598877 0.0614267997443675995 100
0.377317994832992554 0.217138007283210754 0.0614640004932880402 100
0.37931901216506958 0.216866999864578247 0.0615012012422084808 100
0.381319999694824219 0.216564998030662537 0.06153859943151474 100
0.383322000503540039 0.216233000159263611 0.0615760013461112976 100
0.385322988033294678 0.215867996215820312 0.0616135001182556152 100
0.387324988842010498 0.215471997857093811 0.0616510994732379913 100
0.389326989650726318 0.215045005083084106 0.0616887994110584259 100
0.39133000373840332 0.214586004614830017 0.0617264993488788605 100
0.393332004547119141 0.214094996452331543 0.0617642998695373535 100
0.396329998970031738 0.214497998356819153 0.0618196018040180206 100
0.398331999778747559 0.213933005928993225 0.0618574991822242737 100
0.400335013866424561 0.2133370041847229 0.0618956014513969421 100
0.403333991765975952 0.213603004813194275 0.0619511008262634277 100
0.405337005853652954 0.212933003902435303 0.0619892999529838562 100
0.40734100341796875 0.212230995297431946 0.0620274990797042847 100
0.410340011119842529 0.212359994649887085 0.0620833002030849457 100
0.412344008684158325 0.211584001779556274 0.0621217004954814911 100
0.414348006248474121 0.210776999592781067 0.062160201370716095 100
0.416352003812789917 0.209937006235122681 0.0621987991034984589 100
0.41935199499130249 0.209888994693756104 0.0622548982501029968 100
0.422351986169815063 0.209787994623184204 0.0623111017048358917 100
0.425352990627288818 0.209636002779006958 0.0623673982918262482 100
0.428353011608123779 0.209432005882263184 0.0624237991869449615 100
0.431353986263275146 0.209176003932952881 0.0624803006649017334 100
0.434356003999710083 0.208868995308876038 0.0625369995832443237 100
0.436361014842987061 0.207745999097824097 0.06257610023021698 100
0.440358996391296387 0.208100005984306335 0.0626505017280578613 100
0.443361997604370117 0.207637995481491089 0.0627074018120765686 100
0.447360008955001831 0.207858994603157043 0.06278199702501297 100
0.451359003782272339 0.208010002970695496 0.0628566965460777283 100
0.454362004995346069 0.207375004887580872 0.0629139021039009094 100
0.4573650062084198 0.206689000129699707 0.0629713013768196106 100
0.461365014314651489 0.20664699375629425 0.0630464032292366028 100
0.465366005897521973 0.206534996628761292 0.063121601939201355 100
0.468369990587234497 0.205677002668380737 0.0631792023777961731 100
0.473367005586624146 0.206101000308990479 0.0632724016904830933 100
0.477369010448455811 0.205779001116752625 0.0633480027318000793 100
0.480374008417129517 0.204740002751350403 0.0634059980511665344 100
0.484376013278961182 0.204288005828857422 0.0634818971157073975 100
0.487381011247634888 0.203136995434761047 0.0635401010513305664 100
0.492381006479263306 0.203174993395805359 0.0636340007185935974 100
0.497381001710891724 0.203125 0.0637279972434043884 100
0.50138401985168457 0.202384993433952332 0.0638044029474258423 100
0.505388021469116211 0.201576992869377136 0.0638808980584144592 100
0.510388970375061035 0.201280996203422546 0.0639754012227058411 100
0.514393985271453857 0.200323998928070068 0.0640522018074989319 100
0.51839900016784668 0.19929899275302887 0.0641292035579681396 100
0.525394976139068604 0.199865996837615967 0.0642599016427993774 100
0.531395018100738525 0.19976399838924408 0.0643730014562606812 100
0.536399006843566895 0.19901999831199646 0.0644683018326759338 100
0.541402995586395264 0.198189005255699158 0.0645638033747673035 100
0.548402011394500732 0.19830399751663208 0.064695402979850769 100
0.360305994749069214 0.221540004014968872 0.0592744983732700348 100
0.361312001943588257 0.220421001315116882 0.0592874996364116669 100
0.363312005996704102 0.220403000712394714 0.0593081004917621613 100
0.364318013191223145 0.219258993864059448 0.0593211017549037933 100
0.366317987442016602 0.219191998243331909 0.0593417994678020477 100
0.367323994636535645 0.218021005392074585 0.0593549013137817383 100
0.369325011968612671 0.217904999852180481 0.0593756996095180511 100
0.371324986219406128 0.217757999897003174 0.0593965984880924225 100
0.373326003551483154 0.217581003904342651 0.0594175010919570923 100
0.375326991081237793 0.217372998595237732 0.0594385005533695221 100
0.377328991889953613 0.217133000493049622 0.0594596005976200104 100
0.37933000922203064 0.216863006353378296 0.0594807006418704987 100
0.381330996751785278 0.216561004519462585 0.0595019012689590454 100
0.383332997560501099 0.216227993369102478 0.0595231987535953522 100
0.385334998369216919 0.215864002704620361 0.0595444999635219574 100
0.387336999177932739 0.21546800434589386 0.0595659017562866211 100
0.38933899998664856 0.215040996670722961 0.0595874004065990448 100
0.39134100079536438 0.214581996202468872 0.059608999639749527 100
0.393344014883041382 0.214091002941131592 0.0596305988729000092 100
0.396342009305953979 0.214493006467819214 0.059660300612449646 100
0.3983440101146698 0.21392899751663208 0.0596820004284381866 100
0.400346994400024414 0.213332995772361755 0.0597038008272647858 100
0.403346002101898193 0.213597998023033142 0.0597338005900382996 100
0.405348986387252808 0.21292799711227417 0.0597557984292507172 100
0.408347994089126587 0.213100001215934753 0.0597859993577003479 100
0.410351991653442383 0.212356001138687134 0.0598081015050411224 100
0.412355989217758179 0.211579993367195129 0.059830300509929657 100
0.414359986782073975 0.210771992802619934 0.05985260009765625 100
0.417360007762908936 0.21076500415802002 0.0598831996321678162 100
0.419364988803863525 0.209884002804756165 0.0599055998027324677 100
0.422365009784698486 0.209783002734184265 0.0599362999200820923 100
0.425366014242172241 0.209630995988845825 0.0599672012031078339 100
0.428366988897323608 0.209426999092102051 0.0599981993436813354 100
0.430371999740600586 0.208388000726699829 0.0600209012627601624 100
0.434368997812271118 0.208864003419876099 0.0600605010986328125 100
0.43637499213218689 0.207741007208824158 0.0600834004580974579 100
0.440373003482818604 0.208094999194145203 0.060123201459646225 100
0.443376004695892334 0.20763300359249115 0.0601546987891197205 100
0.44737398624420166 0.207854002714157104 0.060194801539182663 100
0.450376987457275391 0.207279995083808899 0.0602266006171703339 100
0.45437699556350708 0.207368999719619751 0.0602669008076190948 100
0.457379996776580811 0.206682994961738586 0.0602989010512828827 100
0.4613800048828125 0.206642001867294312 0.0603395998477935791 100
0.465380996465682983 0.206530004739761353 0.060380399227142334 100
0.468385010957717896 0.205670997500419617 0.0604127012193202972 100
0.473383009433746338 0.206095993518829346 0.0604624003171920776 100
0.476388007402420044 0.205116003751754761 0.0604948997497558594 100
0.47939300537109375 0.204086005687713623 0.0605276003479957581 100
0.483395010232925415 0.203644007444381714 0.0605691000819206238 100
0.487396985292434692 0.203132003545761108 0.060610700398683548 100
0.492397010326385498 0.203169003129005432 0.0606612004339694977 100
0.497397005558013916 0.203118994832038879 0.0607119016349315643 100
0.501401007175445557 0.202379003167152405 0.0607540011405944824 100
0.505405008792877197 0.201570004224777222 0.060796201229095459 100
0.510406017303466797 0.201273992657661438 0.0608474016189575195 100
0.514410972595214844 0.200317993760108948 0.060889899730682373 100
0.519412994384765625 0.199855998158454895 0.0609413981437683105 100
0.525412976741790771 0.199858993291854858 0.061002001166343689 100
0.5314139723777771 0.199756994843482971 0.0610628016293048859 100
0.536417007446289062 0.199012994766235352 0.0611148998141288757 100
0.541420996189117432 0.198183000087738037 0.0611670985817909241 100
0.547423005104064941 0.197780996561050415 0.0612285993993282318 100
0.360316991806030273 0.221539005637168884 0.0574022009968757629 100
0.361321985721588135 0.220420002937316895 0.057408798485994339 100
0.363323003053665161 0.220402002334594727 0.0574133992195129395 100
0.364327996969223022 0.219256997108459473 0.0574198998510837555 100
0.366329014301300049 0.219190999865531921 0.0574246011674404144 100
0.367334991693496704 0.218020007014274597 0.0574311017990112305 100
0.369334995746612549 0.217904001474380493 0.0574357993900775909 100
0.371336013078689575 0.217757001519203186 0.0574406012892723083 100
0.37234199047088623 0.216537997126579285 0.0574470981955528259 100
0.375337988138198853 0.217371001839637756 0.0574502982199192047 100
0.377339988946914673 0.217132002115249634 0.0574552007019519806 100
0.379341006278991699 0.216860994696617126 0.0574602000415325165 100
0.38134300708770752 0.216558992862701416 0.0574651993811130524 100
0.383343994617462158 0.216225996613502502 0.0574702993035316467 100
0.385345995426177979 0.215862005949020386 0.0574754998087882996 100
0.387347996234893799 0.21546599268913269 0.0574807003140449524 100
0.389349997043609619 0.215038999915122986 0.0574860014021396637 100
0.391353011131286621 0.214579999446868896 0.0574912987649440765 100
0.393355011940002441 0.214089006185531616 0.0574967004358768463 100
0.395357996225357056 0.213567003607749939 0.0575021989643573761 100
0.398355990648269653 0.213927000761032104 0.0575065016746520996 100
0.400359004735946655 0.213330000638961792 0.0575121007859706879 100
0.403358012437820435 0.213596001267433167 0.0575166009366512299 100
0.40536201000213623 0.212926000356674194 0.0575223006308078766 100
0.407364994287490845 0.212224006652832031 0.0575281009078025818 100
0.410364985466003418 0.21235300600528717 0.0575328990817070007 100
0.413363993167877197 0.212430000305175781 0.0575378984212875366 100
0.414373010396957397 0.210768997669219971 0.0575448982417583466 100
0.417373001575469971 0.210763007402420044 0.0575500987470149994 100
0.419378012418746948 0.209880992770195007 0.05755620077252388 100
0.422378003597259521 0.20978100597858429 0.0575615987181663513 100
0.424383014440536499 0.208825007081031799 0.0575678981840610504 100
0.427383989095687866 0.208630993962287903 0.0575734004378318787 100
0.430384993553161621 0.208385005593299866 0.0575789995491504669 100
0.434383004903793335 0.208860993385314941 0.0575839988887310028 100
0.436388999223709106 0.207737997174263 0.0575907006859779358 100
0.44038701057434082 0.208091005682945251 0.0575959011912345886 100
0.443390011787414551 0.207629993557929993 0.0576021000742912292 100
0.447387993335723877 0.207850992679595947 0.057607598602771759 100
0.451388001441955566 0.208001002669334412 0.0576133988797664642 100
0.454391002655029297 0.207366004586219788 0.0576198995113372803 100
0.457394987344741821 0.206679999828338623 0.0576265007257461548 100
0.461394995450973511 0.206637993454933167 0.0576326996088027954 100
0.465395987033843994 0.206525996327400208 0.057639099657535553 100
0.468400001525878906 0.205668002367019653 0.0576460994780063629 100
0.47240099310874939 0.205424994230270386 0.0576528012752532959 100
0.476402997970581055 0.205111995339393616 0.0576595999300479889 100
0.479407995939254761 0.204081997275352478 0.0576669983565807343 100
0.483411014080047607 0.203639999032020569 0.0576740987598896027 100
0.487414002418518066 0.203127995133399963 0.057681400328874588 100
0.491416990756988525 0.202546000480651855 0.0576887987554073334 100
0.496416985988616943 0.202503994107246399 0.0576959997415542603 100
0.501417994499206543 0.20237499475479126 0.0577034987509250641 100
0.505421996116638184 0.201565995812416077 0.0577114000916481018 100
0.509427011013031006 0.200688004493713379 0.057719498872756958 100
0.514428973197937012 0.200313001871109009 0.0577275007963180542 100
0.518433988094329834 0.19928799569606781 0.0577359013259410858 100
0.52443397045135498 0.199301004409790039 0.057744201272726059 100
0.530435025691986084 0.199208006262779236 0.0577526986598968506 100
0.536436021327972412 0.199008002877235413 0.0577614009380340576 100
0.541440010070800781 0.198177993297576904 0.0577704012393951416 100
0.548439979553222656 0.198292002081871033 0.0577795989811420441 100
0.360327005386352539 0.22154100239276886 0.0555296987295150757 100
0.361333012580871582 0.22042199969291687 0.0555298998951911926 100
0.363332986831665039 0.220403999090194702 0.0555185005068778992 100
0.364338994026184082 0.219258993864059448 0.0555186010897159576 100
0.366338998079299927 0.219191998243331909 0.0555072017014026642 100
0.36734500527381897 0.218021005392074585 0.0555071011185646057 100
0.369345992803573608 0.217904999852180481 0.0554957985877990723 100
0.371347010135650635 0.217757999897003174 0.0554843991994857788 100
0.37235298752784729 0.216538995504379272 0.0554842986166477203 100
0.374354004859924316 0.216342002153396606 0.0554729998111724854 100
0.377350986003875732 0.217133000493049622 0.0554507002234458923 100
0.379352003335952759 0.216861993074417114 0.0554394982755184174 100
0.381354004144668579 0.216560006141662598 0.0554284006357192993 100
0.383356004953384399 0.21622699499130249 0.0554173998534679413 100
0.38535800576210022 0.215863004326820374 0.0554063990712165833 100
0.38736000657081604 0.215467005968093872 0.0553953982889652252 100
0.38936200737953186 0.215038999915122986 0.0553845018148422241 100
0.392360001802444458 0.215525001287460327 0.0553628988564014435 100
0.393366992473602295 0.214089006185531616 0.055362798273563385 100
0.395370006561279297 0.213567003607749939 0.0553520992398262024 100
0.397372990846633911 0.213012993335723877 0.0553414002060890198 100
0.400370985269546509 0.213330000638961792 0.055320199579000473 100
0.403369992971420288 0.213596001267433167 0.0552992001175880432 100
0.405373990535736084 0.212926000356674194 0.0552886985242366791 100
0.40737798810005188 0.212224006652832031 0.0552783012390136719 100
0.410376995801925659 0.21235300600528717 0.055257599800825119 100
0.412380993366241455 0.211576998233795166 0.0552473999559879303 100
0.414384990930557251 0.210768997669219971 0.0552372001111507416 100
0.417385995388031006 0.210761994123458862 0.0552168004214763641 100
0.419389992952346802 0.209880992770195007 0.0552068017423152924 100
0.421395003795623779 0.208967000246047974 0.0551967993378639221 100
0.425392001867294312 0.209628000855445862 0.0551665984094142914 100
0.427397012710571289 0.208629995584487915 0.0551568008959293365 100
0.430399000644683838 0.208384007215499878 0.0551370009779930115 100
0.433400988578796387 0.208085998892784119 0.0551173985004425049 100
0.436403006315231323 0.207736998796463013 0.0550977997481822968 100
0.439404994249343872 0.20733700692653656 0.0550783984363079071 100
0.44340398907661438 0.207627996802330017 0.0550493001937866211 100
0.446406006813049316 0.207114994525909424 0.0550301000475883484 100
0.450405985116958618 0.20727500319480896 0.0550012998282909393 100
0.454405993223190308 0.2073650062084198 0.0549728013575077057 100
0.457408994436264038 0.206678003072738647 0.0549541004002094269 100
0.461409986019134521 0.206636995077133179 0.0549257993698120117 100
0.464414000511169434 0.205837994813919067 0.0549074001610279083 100
0.468414992094039917 0.205666005611419678 0.0548794008791446686 100
0.472416996955871582 0.20542299747467041 0.0548516996204853058 100
0.476419001817703247 0.205110996961593628 0.0548240989446640015 100
0.479423999786376953 0.204080000519752502 0.054806198924779892 100
0.483426988124847412 0.203638002276420593 0.0547788999974727631 100
0.4864329993724823 0.202497005462646484 0.054761301726102829 100
0.491432994604110718 0.20254400372505188 0.0547248981893062592 100
0.496432989835739136 0.202501997351646423 0.0546888001263141632 100
0.500437021255493164 0.201772004365921021 0.0546622015535831451 100
0.504441976547241211 0.200973004102706909 0.0546358004212379456 100
0.509443998336791992 0.200685992836952209 0.0546002984046936035 100
0.514446020126342773 0.200311005115509033 0.0545650012791156769 100
0.51845097541809082 0.199285000562667847 0.0545391999185085297 100
0.524451971054077148 0.199297994375228882 0.0544950999319553375 100
0.530453026294708252 0.199204996228218079 0.0544513016939163208 100
0.53645402193069458 0.199004992842674255 0.054407801479101181 100
0.541459023952484131 0.198173999786376953 0.0543735995888710022 100
0.548458993434906006 0.198289006948471069 0.0543215014040470123 100
0.360336989164352417 0.221546992659568787 0.0536570996046066284 100
0.36134299635887146 0.220427006483078003 0.0536509007215499878 100
0.363343000411987305 0.220407992601394653 0.0536235012114048004 100
0.364349007606506348 0.219264000654220581 0.0536170005798339844 100
0.366349995136260986 0.219197005033493042 0.053589601069688797 100
0.367356002330780029 0.218025997281074524 0.0535829998552799225 100
0.369356989860534668 0.217908993363380432 0.0535554997622966766 100
0.371358007192611694 0.217761993408203125 0.0535281002521514893 100
0.372364014387130737 0.216543003916740417 0.0535213015973567963 100
0.374365001916885376 0.216345995664596558 0.0534938015043735504 100
0.376367002725601196 0.216116994619369507 0.053466498851776123 100
0.378367990255355835 0.215856999158859253 0.0534390993416309357 100
0.381365001201629639 0.216563999652862549 0.0533914007246494293 100
0.383367002010345459 0.216230005025863647 0.0533641986548900604 100
0.385369002819061279 0.215865999460220337 0.05333700031042099 100
0.3873710036277771 0.215470001101493835 0.0533098988234996796 100
0.389373987913131714 0.215041995048522949 0.0532828010618686676 100
0.391375988721847534 0.21458299458026886 0.0532556995749473572 100
0.393379002809524536 0.21409200131893158 0.0532286986708641052 100
0.39538198709487915 0.213569000363349915 0.0532017983496189117 100
0.397385001182556152 0.213015004992485046 0.0531748011708259583 100
0.40038299560546875 0.213332995772361755 0.0531282015144824982 100
0.402386993169784546 0.21270500123500824 0.0531014017760753632 100
0.405386000871658325 0.21292799711227417 0.0530549995601177216 100
0.407389998435974121 0.212226003408432007 0.053028300404548645 100
0.410389989614486694 0.212355002760887146 0.0529821999371051788 100
0.41239398717880249 0.211578994989395142 0.0529556982219219208 100
0.414398014545440674 0.210770994424819946 0.0529292002320289612 100
0.416402995586395264 0.20993100106716156 0.0529028996825218201 100
0.419402986764907837 0.209882006049156189 0.0528571009635925293 100
0.422403991222381592 0.209782004356384277 0.052811499685049057 100
0.425404995679855347 0.20962899923324585 0.0527660995721817017 100
0.427410989999771118 0.208632007241249084 0.0527400001883506775 100
0.430411994457244873 0.208385005593299866 0.0526948012411594391 100
0.43341401219367981 0.208087995648384094 0.0526496991515159607 100
0.436416000127792358 0.207737997174263 0.0526047982275485992 100
0.439419001340866089 0.207338005304336548 0.0525600016117095947 100
0.443417996168136597 0.207628995180130005 0.052496299147605896 100
0.446420997381210327 0.207115992903709412 0.0524518005549907684 100
0.450419992208480835 0.207276001572608948 0.0523885004222393036 100
0.453424006700515747 0.206650003790855408 0.052344299852848053 100
0.457424014806747437 0.206679001450538635 0.0522813983261585236 100
0.460427999496459961 0.205941006541252136 0.0522374995052814484 100
0.464428991079330444 0.205838993191719055 0.0521748997271060944 100
0.468430012464523315 0.205666005611419678 0.0521125011146068573 100
0.471435010433197021 0.204757004976272583 0.0520690008997917175 100
0.475436985492706299 0.204453006386756897 0.0520070008933544159 100
0.478442996740341187 0.203433007001876831 0.0519637987017631531 100
0.482446014881134033 0.202998995780944824 0.0519021004438400269 100
0.486449003219604492 0.202496007084846497 0.0518405996263027191 100
0.490451991558074951 0.201923996210098267 0.0517792999744415283 100
0.49645000696182251 0.202501997351646423 0.0516813993453979492 100
0.499457001686096191 0.201170995831489563 0.0516389012336730957 100
0.505455970764160156 0.201563000679016113 0.051541399210691452 100
0.509460985660552979 0.200684994459152222 0.0514809004962444305 100
0.51446300745010376 0.200310006737709045 0.0514023005962371826 100
0.518468976020812988 0.199284002184867859 0.0513422004878520966 100
0.524469971656799316 0.199296995997428894 0.0512458011507987976 100
0.53047102689743042 0.199203997850418091 0.0511496998369693756 100
0.536472022533416748 0.199003994464874268 0.051053900271654129 100
0.542474985122680664 0.198698997497558594 0.0509583987295627594 100
0.548478007316589355 0.198287993669509888 0.0508631989359855652 100
0.360347002744674683 0.221554994583129883 0.0517841987311840057 100
0.361353009939193726 0.220434993505477905 0.0517714992165565491 100
0.363353997468948364 0.22041599452495575 0.0517282001674175262 100
0.364360004663467407 0.219272002577781677 0.0517151989042758942 100
0.366360008716583252 0.219203993678092957 0.0516717992722988129 100
0.367365986108779907 0.218033000826835632 0.0516586005687713623 100
0.369367003440856934 0.217915996909141541 0.0516151003539562225 100
0.371367990970611572 0.217768996953964233 0.0515714995563030243 100
0.372375011444091797 0.216549992561340332 0.0515579991042613983 100
0.374375998973846436 0.216352000832557678 0.0515144988894462585 100
0.376376986503601074 0.216122999787330627 0.0514709018170833588 100
0.379373997449874878 0.21687200665473938 0.0513975992798805237 100
0.381375998258590698 0.216570004820823669 0.0513541996479034424 100
0.383377999067306519 0.216235995292663574 0.0513108000159263611 100
0.385379999876022339 0.215872004628181458 0.0512675009667873383 100
0.387383013963699341 0.215474992990493774 0.051224101334810257 100
0.389385014772415161 0.21504800021648407 0.0511807985603809357 100
0.391387999057769775 0.214588001370429993 0.0511376000940799713 100
0.393389999866485596 0.214096993207931519 0.051094401627779007 100
0.395393013954162598 0.213575005531311035 0.0510511994361877441 100
0.397397011518478394 0.213019996881484985 0.0510080009698867798 100
0.399399995803833008 0.212433993816375732 0.0509648993611335754 100
0.402399003505706787 0.212708994746208191 0.050892900675535202 100
0.404403001070022583 0.212049007415771484 0.0508498996496200562 100
0.406406998634338379 0.211356997489929199 0.0508069992065429688 100
0.409406006336212158 0.21149599552154541 0.0507352985441684723 100
0.412405997514724731 0.211583003401756287 0.0506636984646320343 100
0.414411008358001709 0.210775002837181091 0.0506210997700691223 100
0.416415005922317505 0.209934994578361511 0.0505784004926681519 100
0.41941601037979126 0.20988599956035614 0.0505071990191936493 100
0.42142099142074585 0.208972007036209106 0.0504647009074687958 100
0.425417989492416382 0.209632992744445801 0.0503652989864349365 100
0.427424013614654541 0.208635002374649048 0.0503229983150959015 100
0.43042600154876709 0.208388999104499817 0.0502524003386497498 100
0.434424012899398804 0.208865001797676086 0.0501535013318061829 100
0.436430007219314575 0.207742005586624146 0.0501114986836910248 100
0.439431995153427124 0.207341000437736511 0.0500412993133068085 100
0.443432003259658813 0.20763300359249115 0.0499431006610393524 100
0.446435004472732544 0.207119002938270569 0.0498731993138790131 100
0.449438005685806274 0.206553995609283447 0.0498033985495567322 100
0.453438013792037964 0.206652998924255371 0.0497057996690273285 100
0.457439005374908447 0.206681996583938599 0.0496083982288837433 100
0.460442990064620972 0.2059440016746521 0.0495392009615898132 100
0.464444011449813843 0.205841004848480225 0.0494421012699604034 100
0.46844598650932312 0.205669000744819641 0.0493454001843929291 100
0.471451014280319214 0.204759001731872559 0.0492766015231609344 100
0.475452989339828491 0.204455003142356873 0.049180198460817337 100
0.478459000587463379 0.203435003757476807 0.0491116009652614594 100
0.482461988925933838 0.203001007437705994 0.0490156002342700958 100
0.486465007066726685 0.202498003840446472 0.0489197000861167908 100
0.490467995405197144 0.201925992965698242 0.0488241016864776611 100
0.495469003915786743 0.201893001794815063 0.0487011000514030457 100
0.499473989009857178 0.201171994209289551 0.0486059002578258514 100
0.505473017692565918 0.201563999056816101 0.0484559983015060425 100
0.509477972984313965 0.200685992836952209 0.0483612008392810822 100
0.514481008052825928 0.200311005115509033 0.0482392981648445129 100
0.51848602294921875 0.199285000562667847 0.048144899308681488 100
0.524487018585205078 0.199297994375228882 0.0479962006211280823 100
0.530489027500152588 0.199203997850418091 0.0478477999567985535 100
0.536490976810455322 0.199004992842674255 0.0476997010409832001 100
0.542492985725402832 0.198698997497558594 0.0475520007312297821 100
0.547499001026153564 0.197770997881889343 0.047431599348783493 100
0.537612974643707275 -0.407649010419845581 0.0481364987790584564 100
0.534617006778717041 -0.408509999513626099 0.0481983982026576996 100
0.529609024524688721 -0.407083988189697266 0.0483123995363712311 100
0.360357999801635742 0.221567004919052124 0.0499108992516994476 100
0.361362993717193604 0.220446005463600159 0.0498919002711772919 100
0.36336401104927063 0.220427006483078003 0.0498325005173683167 100
0.364369988441467285 0.219282001256942749 0.049813099205493927 100
0.366371005773544312 0.21921500563621521 0.0497535988688468933 100
0.367377012968063354 0.218042999505996704 0.0497338995337486267 100
0.369378000497817993 0.217925995588302612 0.0496742986142635345 100
0.371378988027572632 0.217778995633125305 0.0496146008372306824 100
0.372384995222091675 0.216560006141662598 0.0495944991707801819 100
0.374386996030807495 0.216361001133918762 0.0495348013937473297 100
0.376388013362884521 0.216132000088691711 0.0494750998914241791 100
0.379384994506835938 0.216881006956100464 0.0493762008845806122 100
0.381386995315551758 0.216578006744384766 0.04931659996509552 100
0.383388996124267578 0.216244995594024658 0.0492570996284484863 100
0.385390996932983398 0.215880006551742554 0.0491975992918014526 100
0.3873940110206604 0.215483993291854858 0.0491380989551544189 100
0.390392005443572998 0.216011002659797668 0.0490397997200489044 100
0.391398996114730835 0.214596003293991089 0.0490190982818603516 100
0.393402010202407837 0.214104995131492615 0.0489596985280513763 100
0.395404994487762451 0.21358199417591095 0.0489002987742424011 100
0.397408008575439453 0.213027000427246094 0.0488408990204334259 100
0.399412006139755249 0.212440997362136841 0.0487815998494625092 100
0.401414990425109863 0.211823001503944397 0.0487223006784915924 100
0.403418987989425659 0.211171999573707581 0.0486630983650684357 100
0.40641900897026062 0.211364001035690308 0.0485657006502151489 100
0.409419000148773193 0.211502999067306519 0.0484685003757476807 100
0.412418991327285767 0.211590006947517395 0.0483714006841182709 100
0.414422988891601562 0.210780993103981018 0.0483125001192092896 100
0.41642799973487854 0.209940999746322632 0.0482537001371383667 100
0.419429004192352295 0.209892004728317261 0.0481569990515708923 100
0.42243000864982605 0.209791004657745361 0.0480604991316795349 100
0.42443498969078064 0.208835005760192871 0.048001900315284729 100
0.428433001041412354 0.209434002637863159 0.047867998480796814 100
0.431434988975524902 0.209178000688552856 0.0477720014750957489 100
0.434437006711959839 0.208869993686676025 0.0476761981844902039 100
0.43644300103187561 0.207746997475624084 0.0476179011166095734 100
0.439446002244949341 0.207346007227897644 0.0475222989916801453 100
0.44344601035118103 0.207637995481491089 0.047389499843120575 100
0.446449011564254761 0.207123994827270508 0.0472941994667053223 100
0.449452012777328491 0.20655900239944458 0.0471991002559661865 100
0.453453004360198975 0.206658005714416504 0.0470670014619827271 100
0.456456989049911499 0.205981001257896423 0.0469722002744674683 100
0.46045801043510437 0.205947995185852051 0.0468405000865459442 100
0.464459002017974854 0.205845996737480164 0.0467091016471385956 100
0.46746399998664856 0.204996004700660706 0.0466147996485233307 100
0.471466004848480225 0.20476299524307251 0.046483699232339859 100
0.47546800971031189 0.204459995031356812 0.0463529005646705627 100
0.47847399115562439 0.20343799889087677 0.0462591014802455902 100
0.482477009296417236 0.203005000948905945 0.0461286008358001709 100
0.486481010913848877 0.202501997351646423 0.0459983982145786285 100
0.491481989622116089 0.202548995614051819 0.0458317995071411133 100
0.495485991239547729 0.201896995306015015 0.0457020998001098633 100
0.49948999285697937 0.201176002621650696 0.0455725006759166718 100
0.504491984844207764 0.200975999236106873 0.0454066991806030273 100
0.509495019912719727 0.200689002871513367 0.0452410988509654999 100
0.514497995376586914 0.200314000248908997 0.0450759008526802063 100
0.519500970840454102 0.199851006269454956 0.0449109002947807312 100
0.523508012294769287 0.198746994137763977 0.0447824001312255859 100
0.529510021209716797 0.198662996292114258 0.0445817001163959503 100
0.53650897741317749 0.199007004499435425 0.0443450994789600372 100
0.542511999607086182 0.198700994253158569 0.0441450998187065125 100
0.547518014907836914 0.197773993015289307 0.0439816005527973175 100
0.534636974334716797 -0.408544987440109253 0.0446962006390094757 100
0.516550004482269287 -0.392498999834060669 0.0453170016407966614 100
0.515564978122711182 -0.395384997129440308 0.0453303009271621704 100
0.529672026634216309 -0.415495991706848145 0.0448043011128902435 100
0.360368013381958008 0.221580997109413147 0.0480372011661529541 100
0.361373990774154663 0.220460996031761169 0.0480117984116077423 100
0.363373994827270508 0.220440998673439026 0.0479364991188049316 100
0.364380002021789551 0.219295993447303772 0.0479106009006500244 100
0.365386009216308594 0.218143001198768616 0.0478844009339809418 100
0.367386996746063232 0.218055993318557739 0.0478086993098258972 100
0.369388014078140259 0.217939004302024841 0.0477330014109611511 100
0.371390014886856079 0.217791005969047546 0.0476572997868061066 100
0.372395992279052734 0.216572001576423645 0.0476305000483989716 100
0.375393003225326538 0.217403993010520935 0.0475059002637863159 100
0.377393990755081177 0.217162996530532837 0.0474301017820835114 100
0.379395991563796997 0.216892004013061523 0.0473544001579284668 100
0.381397992372512817 0.216590002179145813 0.0472786985337734222 100
0.383399993181228638 0.216255992650985718 0.0472030006349086761 100
0.38540300726890564 0.215891003608703613 0.0471272990107536316 100
0.38740500807762146 0.215494006872177124 0.0470516011118888855 100
0.389407992362976074 0.215066000819206238 0.0469758994877338409 100
0.391411006450653076 0.214606001973152161 0.0469002984464168549 100
0.39341399073600769 0.214114993810653687 0.0468246005475521088 100
0.395417004823684692 0.213591992855072021 0.0467489995062351227 100
0.397419989109039307 0.213036999106407166 0.0466733984649181366 100
0.399423986673355103 0.212449997663497925 0.0465979017317295074 100
0.401427000761032104 0.211832001805305481 0.0465224012732505798 100
0.404426991939544678 0.212064996361732483 0.0463993996381759644 100
0.406430989503860474 0.211373001337051392 0.0463239997625350952 100
0.409431010484695435 0.211511999368667603 0.0462012998759746552 100
0.41143500804901123 0.210745006799697876 0.0461260005831718445 100
0.414436012506484985 0.210789993405342102 0.0460035987198352814 100
0.416440993547439575 0.209950000047683716 0.0459285005927085876 100
0.41944199800491333 0.209901005029678345 0.0458064004778862 100
0.422443002462387085 0.209800004959106445 0.0456844009459018707 100
0.425444990396499634 0.209646999835968018 0.0455626994371414185 100
0.428445994853973389 0.209442004561424255 0.0454410985112190247 100
0.431448012590408325 0.209186002612113953 0.0453195981681346893 100
0.434451013803482056 0.208877995610237122 0.0451983995735645294 100
0.437453001737594604 0.208517998456954956 0.0450772009789943695 100
0.440456002950668335 0.20810699462890625 0.0449563004076480865 100
0.442463010549545288 0.206900998950004578 0.0448819994926452637 100
0.44646298885345459 0.207130998373031616 0.044714801013469696 100
0.44946599006652832 0.206566005945205688 0.044594399631023407 100
0.453467011451721191 0.206664994359016418 0.0444277003407478333 100
0.456470996141433716 0.205988004803657532 0.0443076007068157196 100
0.460471987724304199 0.205954998731613159 0.0441414006054401398 100
0.463476985692977905 0.20516599714756012 0.0440215989947319031 100
0.46747899055480957 0.20500299334526062 0.0438559018075466156 100
0.471480995416641235 0.20476900041103363 0.0436903983354568481 100
0.475484013557434082 0.204466000199317932 0.0435252003371715546 100
0.478489995002746582 0.203444004058837891 0.0434060990810394287 100
0.482493013143539429 0.203011006116867065 0.0432412996888160706 100
0.486497014760971069 0.202507004141807556 0.0430767014622688293 100
0.490500986576080322 0.201934993267059326 0.0429123006761074066 100
0.496499001979827881 0.202511996030807495 0.0426568984985351562 100
0.500504016876220703 0.201782003045082092 0.0424931012094020844 100
0.505505979061126709 0.201572999358177185 0.0422839000821113586 100
0.509512007236480713 0.200693994760513306 0.0421205982565879822 100
0.5145149827003479 0.200319007039070129 0.0419120006263256073 100
0.518521010875701904 0.199293002486228943 0.0417490005493164062 100
0.523526012897491455 0.19875200092792511 0.0415408983826637268 100
0.529528021812438965 0.198667004704475403 0.0412878990173339844 100
0.535529971122741699 0.198476001620292664 0.0410352014005184174 100
0.542531013488769531 0.198706001043319702 0.0407378003001213074 100
0.548533976078033447 0.198293998837471008 0.0404858998954296112 100
0.549723982810974121 -0.420946985483169556 0.0405436009168624878 100
0.546728014945983887 -0.421945005655288696 0.0406502000987529755 100
0.521598994731903076 -0.398162007331848145 0.0417536012828350067 100
0.519608020782470703 -0.399969995021820068 0.0418156012892723083 100
0.527679026126861572 -0.413242995738983154 0.0414219982922077179 100
0.360377997159957886 0.221598997712135315 0.0461630001664161682 100
0.361384004354476929 0.22047799825668335 0.0461311005055904388 100
0.363384991884231567 0.220458999276161194 0.0460399016737937927 100
0.36439099907875061 0.219312995672225952 0.046007499098777771 100
0.365397006273269653 0.218159005045890808 0.0459747985005378723 100
0.367397993803024292 0.218071997165679932 0.0458831004798412323 100
0.369399011135101318 0.21795499324798584 0.0457912981510162354 100
0.371399998664855957 0.217806994915008545 0.0456994995474815369 100
0.373401999473571777 0.217628002166748047 0.0456077009439468384 100
0.375402987003326416 0.217418000102043152 0.0455158017575740814 100
0.377404987812042236 0.217178001999855042 0.0454239994287490845 100
0.379406988620758057 0.216905996203422546 0.0453321002423763275 100
0.381408989429473877 0.216603994369506836 0.0452402010560035706 100
0.383412003517150879 0.216269999742507935 0.0451483987271785736 100
0.385414004325866699 0.215903997421264648 0.0450564995408058167 100
0.387416988611221313 0.215507000684738159 0.0449646003544330597 100
0.389418989419937134 0.215078994631767273 0.0448728017508983612 100
0.391422003507614136 0.214618995785713196 0.0447808988392353058 100
0.39342498779296875 0.214128002524375916 0.0446891002357006073 100
0.395428985357284546 0.213604003190994263 0.0445973016321659088 100
0.397431999444961548 0.213048994541168213 0.0445054993033409119 100
0.399435997009277344 0.212461993098258972 0.0444137006998062134 100
0.401439011096954346 0.211843997240066528 0.0443218983709812164 100
0.404439002275466919 0.212077006697654724 0.0441734008491039276 100
0.406442999839782715 0.211383998394012451 0.0440817996859550476 100
0.409442991018295288 0.211522996425628662 0.0439336001873016357 100
0.411448001861572266 0.210756003856658936 0.0438420996069908142 100
0.414449006319046021 0.210801005363464355 0.0436942018568515778 100
0.41645398736000061 0.209959998726844788 0.0436028987169265747 100
0.419454991817474365 0.209911003708839417 0.0434552989900112152 100
0.42245599627494812 0.209810003638267517 0.0433079004287719727 100
0.425458014011383057 0.209656998515129089 0.0431605987250804901 100
0.427462995052337646 0.208658993244171143 0.0430696010589599609 100
0.431461989879608154 0.209196001291275024 0.0428667999804019928 100
0.434464007616043091 0.208887994289398193 0.0427201017737388611 100
0.437467008829116821 0.208527997136116028 0.0425735004246234894 100
0.440470010042190552 0.208116993308067322 0.0424272008240222931 100
0.442476987838745117 0.206909999251365662 0.0423366017639636993 100
0.446476995944976807 0.2071399986743927 0.0421350002288818359 100
0.449481010437011719 0.206575006246566772 0.0419890992343425751 100
0.452484995126724243 0.205957993865013123 0.0418433994054794312 100
0.456485986709594727 0.205996006727218628 0.0416424982249736786 100
0.459490001201629639 0.205267995595932007 0.0414971001446247101 100
0.463492006063461304 0.205173999071121216 0.0412966981530189514 100
0.467494010925292969 0.205010995268821716 0.0410965010523796082 100
0.471496999263763428 0.204777002334594727 0.0408965982496738434 100
0.474501997232437134 0.203815996646881104 0.0407520011067390442 100
0.478505998849868774 0.203452005982398987 0.0405525006353855133 100
0.482508987188339233 0.20301799476146698 0.0403532981872558594 100
0.486512988805770874 0.202515006065368652 0.0401544012129306793 100
0.491513997316360474 0.20256100594997406 0.0399008989334106445 100
0.495519012212753296 0.201909005641937256 0.0397024005651473999 100
0.500521004199981689 0.201789006590843201 0.039449598640203476 100
0.504526019096374512 0.200988993048667908 0.0392517000436782837 100
0.509528994560241699 0.200700998306274414 0.0389994010329246521 100
0.513535022735595703 0.19975300133228302 0.0388019010424613953 100
0.518539011478424072 0.19929899275302887 0.038550201803445816 100
0.523543000221252441 0.19875800609588623 0.0382989011704921722 100
0.529546022415161133 0.19867299497127533 0.0379934981465339661 100
0.535547971725463867 0.198482006788253784 0.0376885011792182922 100
0.54155200719833374 0.198185995221138 0.0373839996755123138 100
0.547555983066558838 0.197782993316650391 0.0370797999203205109 100
0.537649989128112793 -0.403595000505447388 0.0375919006764888763 100
0.530650973320007324 -0.404177993535995483 0.0379084981977939606 100
0.530673027038574219 -0.408331990242004395 0.0378739982843399048 100
0.527675986289978027 -0.409108012914657593 0.0380033999681472778 100
0.522665977478027344 -0.407552003860473633 0.0382423996925354004 100
0.360388010740280151 0.221619993448257446 0.0442880988121032715 100
0.361393988132476807 0.220498993992805481 0.044249899685382843 100
0.363395005464553833 0.220478996634483337 0.044142700731754303 100
0.363406002521514893 0.218235999345779419 0.0441722981631755829 100
0.365406990051269531 0.218178004026412964 0.044064600020647049 100
0.367408007383346558 0.218090996146202087 0.0439568981528282166 100
0.369410008192062378 0.217972993850708008 0.0438489988446235657 100
0.371410995721817017 0.217824995517730713 0.0437410995364189148 100
0.373412996530532837 0.217646002769470215 0.0436332002282142639 100
0.375414013862609863 0.21743600070476532 0.043525300920009613 100
0.377416014671325684 0.217195004224777222 0.0434173010289669037 100
0.379417985677719116 0.216922998428344727 0.0433093011379241943 100
0.381419986486434937 0.216619998216629028 0.0432012006640434265 100
0.383423000574111938 0.216286003589630127 0.0430932007730007172 100
0.385425001382827759 0.215920001268386841 0.0429852008819580078 100
0.387427985668182373 0.215523004531860352 0.04287710040807724 100
0.389430999755859375 0.215094998478889465 0.0427691005170345306 100
0.392428994178771973 0.215580001473426819 0.0425942987203598022 100
0.393436998128890991 0.214142993092536926 0.0425530001521110535 100
0.395440012216567993 0.213618993759155273 0.0424450002610683441 100
0.397444009780883789 0.213064000010490417 0.0423368997871875763 100
0.399448007345199585 0.212476998567581177 0.0422288998961448669 100
0.402446985244750977 0.212751999497413635 0.0420547984540462494 100
0.40445101261138916 0.212090998888015747 0.0419468991458415985 100
0.406455010175704956 0.211398005485534668 0.0418391004204750061 100
0.409456014633178711 0.211536005139350891 0.0416654013097286224 100
0.412456005811691284 0.211622998118400574 0.0414918996393680573 100
0.414460986852645874 0.210813999176025391 0.0413842983543872833 100
0.416465997695922852 0.209973007440567017 0.0412767007946968079 100
0.419467002153396606 0.209923997521400452 0.0411036014556884766 100
0.422468990087509155 0.209821999073028564 0.0409306995570659637 100
0.425471007823944092 0.209668993949890137 0.0407580994069576263 100
0.428472995758056641 0.209463998675346375 0.0405855998396873474 100
0.431475013494491577 0.209207996726036072 0.0404133014380931854 100
0.434478014707565308 0.208899006247520447 0.0402412004768848419 100
0.43748098611831665 0.208539992570877075 0.0400693006813526154 100
0.43948701024055481 0.207374006509780884 0.0399623997509479523 100
0.442490994930267334 0.206920996308326721 0.0397907011210918427 100
0.446491003036499023 0.20715099573135376 0.039554499089717865 100
0.449494987726211548 0.206586003303527832 0.0393832996487617493 100
0.453496009111404419 0.206683993339538574 0.039147600531578064 100
0.456499993801116943 0.206007003784179688 0.0389767996966838837 100
0.460501998662948608 0.205973997712135315 0.0387415997684001923 100
0.463506996631622314 0.205184996128082275 0.0385711006820201874 100
0.467509001493453979 0.205020993947982788 0.0383365005254745483 100
0.470515012741088867 0.20411999523639679 0.0381664000451564789 100
0.475515007972717285 0.2044840008020401 0.037868201732635498 100
0.478520989418029785 0.203462004661560059 0.0376983992755413055 100
0.482524991035461426 0.203027993440628052 0.0374648012220859528 100
0.487525999546051025 0.20315299928188324 0.0371676012873649597 100
0.491530001163482666 0.202571004629135132 0.0369344986975193024 100
0.495534986257553101 0.201919004321098328 0.0367017015814781189 100
0.499540001153945923 0.201196998357772827 0.0364691987633705139 100
0.504543006420135498 0.200996994972229004 0.0361731983721256256 100
0.509545981884002686 0.200709998607635498 0.0358776003122329712 100
0.513552010059356689 0.199762001633644104 0.0356458015739917755 100
0.518555998802185059 0.199307993054389954 0.035350799560546875 100
0.523561000823974609 0.198765993118286133 0.0350560992956161499 100
0.52856600284576416 0.198137000203132629 0.0347617007791996002 100
0.535566985607147217 0.198489993810653687 0.0343412011861801147 100
0.541570007801055908 0.198193997144699097 0.0339842997491359711 100
0.546576976776123047 0.19727499783039093 0.0336908996105194092 100
0.534651994705200195 -0.400373011827468872 0.0342621989548206329 100
0.530649006366729736 -0.400104999542236328 0.0344807989895343781 100
0.52765202522277832 -0.400889009237289429 0.0346346981823444366 100
0.526666998863220215 -0.403885006904602051 0.0346591994166374207 100
0.524676024913787842 -0.405752986669540405 0.034747101366519928 100
0.523692011833190918 -0.408755004405975342 0.0347695015370845795 100
0.518682003021240234 -0.407128006219863892 0.0350500009953975677 100
0.359403997659683228 0.220513999462127686 0.0424911007285118103 100
0.361404001712799072 0.22052299976348877 0.0423680990934371948 100
0.363404989242553711 0.220502004027366638 0.0422449000179767609 100
0.364410996437072754 0.219355002045631409 0.042199600487947464 100
0.365417987108230591 0.218200996518135071 0.0421538017690181732 100
0.367419004440307617 0.2181130051612854 0.0420299991965293884 100
0.369419991970062256 0.217995002865791321 0.0419060997664928436 100
0.371421992778778076 0.217846006155014038 0.0417820997536182404 100
0.373423010110855103 0.217666000127792358 0.0416580997407436371 100
0.375425010919570923 0.217455998063087463 0.0415339991450309753 100
0.377427011728286743 0.217215001583099365 0.0414098985493183136 100
0.379429012537002563 0.21694299578666687 0.0412858016788959503 100
0.381431013345718384 0.216638997197151184 0.0411616005003452301 100
0.383433997631072998 0.216305002570152283 0.0410373993217945099 100
0.38543701171875 0.215939000248908997 0.0409131981432437897 100
0.38743901252746582 0.21554100513458252 0.0407890006899833679 100
0.389441996812820435 0.215112999081611633 0.0406647995114326477 100
0.391445010900497437 0.214652001857757568 0.0405405014753341675 100
0.393449008464813232 0.214159995317459106 0.0404163002967834473 100
0.395451992750167847 0.213635995984077454 0.0402919985353946686 100
0.397455990314483643 0.213081002235412598 0.0401678010821342468 100
0.399459004402160645 0.212493002414703369 0.0400435999035835266 100
0.40146300196647644 0.211873993277549744 0.0399193987250328064 100
0.404462993144989014 0.212107002735137939 0.0397198013961315155 100
0.406468003988265991 0.211413994431495667 0.0395957008004188538 100
0.409467995166778564 0.21155199408531189 0.0393964983522891998 100
0.411473006010055542 0.210785001516342163 0.039272598922252655 100
0.414474010467529297 0.210829004645347595 0.0390736982226371765 100
0.416478991508483887 0.209987998008728027 0.0389498993754386902 100
0.419479995965957642 0.209939002990722656 0.0387513004243373871 100
0.422482013702392578 0.209837004542350769 0.0385529994964599609 100
0.425484001636505127 0.209683999419212341 0.0383548997342586517 100
0.428485989570617676 0.209479004144668579 0.0381570011377334595 100
0.431488990783691406 0.209222003817558289 0.0379591993987560272 100
0.434491008520126343 0.20891299843788147 0.0377616994082927704 100
0.436497986316680908 0.207789003849029541 0.0376385003328323364 100
0.440497994422912598 0.208141997456550598 0.0373671986162662506 100
0.443500995635986328 0.207679003477096558 0.0371702015399932861 100
0.44650501012802124 0.207165002822875977 0.0369733981788158417 100
0.449508994817733765 0.206598997116088867 0.0367767997086048126 100
0.453509986400604248 0.206697002053260803 0.0365066006779670715 100
0.456515014171600342 0.206019997596740723 0.0363104008138179779 100
0.460516989231109619 0.205987006425857544 0.0360408015549182892 100
0.463521987199783325 0.205197006464004517 0.0358448997139930725 100
0.46752399206161499 0.205033004283905029 0.0355759002268314362 100
0.471527010202407837 0.204799994826316833 0.0353070981800556183 100
0.474532991647720337 0.203838005661964417 0.0351117998361587524 100
0.478536993265151978 0.203474000096321106 0.0348435007035732269 100
0.482540994882583618 0.203040003776550293 0.0345754995942115784 100
0.487542003393173218 0.203164994716644287 0.034234900027513504 100
0.491546005010604858 0.202582001686096191 0.0339674986898899078 100
0.496549010276794434 0.202539995312690735 0.0336274988949298859 100
0.499556988477706909 0.201207995414733887 0.0334334000945091248 100
0.504559993743896484 0.201008006930351257 0.0330940000712871552 100
0.508566021919250488 0.20013900101184845 0.0328277014195919037 100
0.513570010662078857 0.199772000312805176 0.0324890017509460449 100
0.518573999404907227 0.199318006634712219 0.0321506001055240631 100
0.522580981254577637 0.198222994804382324 0.0318850018084049225 100
0.527585983276367188 0.197603002190589905 0.031547199934720993 100
0.53458702564239502 0.197964996099472046 0.0310651995241641998 100
0.541589021682739258 0.198202997446060181 0.0305838007479906082 100
0.546595990657806396 0.197283998131752014 0.0302472002804279327 100
0.548756003379821777 -0.415704011917114258 0.0297363009303808212 100
0.537711024284362793 -0.407878011465072632 0.0305020995438098907 100
0.515596985816955566 -0.387582004070281982 0.0320822000503540039 100
0.53272402286529541 -0.410694986581802368 0.030779300257563591 100
0.527714014053344727 -0.409222006797790527 0.0311021003872156143 100
0.520691990852355957 -0.405369997024536133 0.0315732993185520172 100
0.52473902702331543 -0.414149999618530273 0.0312259998172521591 100
0.359414011240005493 0.220541998744010925 0.0406243987381458282 100
0.36141398549079895 0.220550000667572021 0.0404854007065296173 100
0.362421005964279175 0.219420000910758972 0.0404339991509914398 100
0.364421993494033813 0.219381004571914673 0.0402944982051849365 100
0.365428000688552856 0.218226000666618347 0.0402422994375228882 100
0.367428988218307495 0.218136996030807495 0.0401023998856544495 100
0.369430989027023315 0.218018993735313416 0.0399625003337860107 100
0.371432006359100342 0.217869997024536133 0.0398223996162414551 100
0.373434007167816162 0.217690005898475647 0.0396822988986968994 100
0.375436007976531982 0.217479005455970764 0.0395421013236045837 100
0.377438008785247803 0.217237994074821472 0.0394019000232219696 100
0.379440009593963623 0.216965004801750183 0.039261598140001297 100
0.381442993879318237 0.216661006212234497 0.0391212999820709229 100
0.383444994688034058 0.216325998306274414 0.0389809012413024902 100
0.38544800877571106 0.215959995985031128 0.0388405993580818176 100
0.387450993061065674 0.215562000870704651 0.038700200617313385 100
0.389454007148742676 0.215132996439933777 0.0385597981512546539 100
0.39145699143409729 0.214671999216079712 0.0384192988276481628 100
0.393460005521774292 0.21417999267578125 0.0382789000868797302 100
0.395464003086090088 0.213655993342399597 0.0381384007632732391 100
0.398463010787963867 0.214013993740081787 0.0379129983484745026 100
0.399471014738082886 0.212512001395225525 0.037857498973608017 100
0.402471005916595459 0.212787002325057983 0.0376323014497756958 100
0.404475986957550049 0.212125003337860107 0.0374919995665550232 100
0.40747600793838501 0.212304994463920593 0.0372672006487846375 100
0.4094809889793396 0.211569994688034058 0.0371269993484020233 100
0.411484986543655396 0.210803002119064331 0.0369868017733097076 100
0.41448599100112915 0.210847005248069763 0.0367624014616012573 100
0.416491985321044922 0.210005998611450195 0.0366223007440567017 100
0.419492989778518677 0.209956005215644836 0.0363982990384101868 100
0.422495007514953613 0.209854006767272949 0.0361744984984397888 100
0.425496995449066162 0.209700003266334534 0.0359509997069835663 100
0.428499013185501099 0.209494993090629578 0.0357276014983654022 100
0.431502014398574829 0.209237992763519287 0.0355045013129711151 100
0.434504985809326172 0.208929002285003662 0.0352815017104148865 100
0.436511993408203125 0.20780499279499054 0.0351420007646083832 100
0.439514994621276855 0.207403004169464111 0.03491939976811409 100
0.443515002727508545 0.207693994045257568 0.0346137993037700653 100
0.446518987417221069 0.207179993391036987 0.034391600638628006 100
0.449523001909255981 0.206614002585411072 0.0341694988310337067 100
0.453525006771087646 0.206711992621421814 0.0338649004697799683 100
0.456528991460800171 0.206034004688262939 0.0336432009935379028 100
0.460530996322631836 0.206000998616218567 0.0333391986787319183 100
0.464534014463424683 0.205898001790046692 0.0330354012548923492 100
0.467539012432098389 0.20504799485206604 0.0328143984079360962 100
0.471542000770568848 0.20481400191783905 0.0325112007558345795 100
0.474548995494842529 0.203851997852325439 0.0322906002402305603 100
0.477555006742477417 0.202839002013206482 0.0320701003074645996 100
0.482555985450744629 0.203052997589111328 0.0316855013370513916 100
0.486561000347137451 0.202548995614051819 0.0313833989202976227 100
0.491562992334365845 0.202594995498657227 0.030999600887298584 100
0.495568007230758667 0.201942995190620422 0.0306981001049280167 100
0.499572992324829102 0.201221004128456116 0.0303968004882335663 100
0.504576981067657471 0.201021000742912292 0.0300140008330345154 100
0.508583009243011475 0.200150996446609497 0.0297132991254329681 100
0.513586997985839844 0.199784994125366211 0.0293313004076480865 100
0.518590986728668213 0.199330002069473267 0.0289495997130870819 100
0.521601021289825439 0.197680994868278503 0.0287311002612113953 100
0.527603983879089355 0.197613999247550964 0.0282684992998838425 100
0.534605979919433594 0.197977006435394287 0.0277251992374658585 100
0.541607975959777832 0.198214992880821228 0.027182500809431076 100
0.546615004539489746 0.197294995188713074 0.0268025994300842285 100
0.53372800350189209 -0.407692998647689819 0.0272538997232913971 100
0.530731022357940674 -0.408509999513626099 0.0274521000683307648 100
0.528739988803863525 -0.41042599081993103 0.0275656990706920624 100
0.359423995018005371 0.220571994781494141 0.0387568995356559753 100
0.361425012350082397 0.220579996705055237 0.0386019982397556305 100
0.363425999879837036 0.220558002591133118 0.0384468995034694672 100
0.364432007074356079 0.2194100022315979 0.0383886992931365967 100
0.366432994604110718 0.219339996576309204 0.0382331013679504395 100
0.367439985275268555 0.218164995312690735 0.0381739996373653412 100
0.369441002607345581 0.218045994639396667 0.0380179993808269501 100
0.371443003416061401 0.217895999550819397 0.0378618985414505005 100
0.373445004224777222 0.217715993523597717 0.0377057008445262909 100
0.375447005033493042 0.217504993081092834 0.0375493988394737244 100
0.377449005842208862 0.217262998223304749 0.0373931005597114563 100
0.379451006650924683 0.216989994049072266 0.0372366011142730713 100
0.381453990936279297 0.21668599545955658 0.0370801985263824463 100
0.383455991744995117 0.216350004076957703 0.0369236990809440613 100
0.385459005832672119 0.215984001755714417 0.0367671996355056763 100
0.387461990118026733 0.215586006641387939 0.0366105996072292328 100
0.389465004205703735 0.215156003832817078 0.0364539995789527893 100
0.392464011907577515 0.215641006827354431 0.036202598363161087 100
0.393471986055374146 0.214202001690864563 0.0361406989395618439 100
0.395476013422012329 0.21367800235748291 0.0359840989112854004 100
0.398474991321563721 0.2140360027551651 0.035733100026845932 100
0.400478988885879517 0.2134380042552948 0.035576600581407547 100
0.402482986450195312 0.212807998061180115 0.0354200005531311035 100
0.405483990907669067 0.213029995560646057 0.035169500857591629 100
0.407487988471984863 0.212326005101203918 0.035013098269701004 100
0.409492999315261841 0.211590006947517395 0.0348566994071006775 100
0.412494003772735596 0.21167600154876709 0.0346066989004611969 100
0.414499014616012573 0.210867002606391907 0.0344504006206989288 100
0.416503995656967163 0.210024997591972351 0.0342940986156463623 100
0.4195060133934021 0.209975004196166992 0.0340446010231971741 100
0.422508001327514648 0.209873005747795105 0.0337953008711338043 100
0.425509989261627197 0.209719002246856689 0.0335462987422943115 100
0.428512990474700928 0.209514006972312927 0.0332975015044212341 100
0.431515008211135864 0.209257006645202637 0.0330489017069339752 100
0.434518009424209595 0.208948001265525818 0.0328004993498325348 100
0.43652498722076416 0.207822993397712708 0.0326448008418083191 100
0.44052499532699585 0.208175003528594971 0.0323043018579483032 100
0.443529009819030762 0.207711994647979736 0.0320564992725849152 100
0.446532994508743286 0.207196995615959167 0.0318089015781879425 100
0.449537992477416992 0.206631004810333252 0.0315615013241767883 100
0.452542006969451904 0.206014007329940796 0.0313142016530036926 100
0.456544011831283569 0.20605100691318512 0.0309753008186817169 100
0.459549009799957275 0.205321997404098511 0.0307285003364086151 100
0.463551998138427734 0.20522800087928772 0.0303901005536317825 100
0.467554003000259399 0.205063998699188232 0.0300521999597549438 100
0.470560997724533081 0.204162001609802246 0.0298059992492198944 100
0.47456398606300354 0.203868001699447632 0.0294684991240501404 100
0.477571010589599609 0.202855005860328674 0.0292227007448673248 100
0.48157501220703125 0.202429994940757751 0.0288858003914356232 100
0.486577004194259644 0.202564999461174011 0.0284580998122692108 100
0.491578996181488037 0.202610000967979431 0.0280307997018098831 100
0.495584011077880859 0.201958000659942627 0.0276948995888233185 100
0.499590009450912476 0.201235994696617126 0.02735929936170578 100
0.503596007823944092 0.200443997979164124 0.0270239003002643585 100
0.508599996566772461 0.200165003538131714 0.0265980996191501617 100
0.51360398530960083 0.199799001216888428 0.0261726006865501404 100
0.517611026763916016 0.198780998587608337 0.0258380994200706482 100
0.522616982460021973 0.198247998952865601 0.0254133008420467377 100
0.527621984481811523 0.197628006339073181 0.0249889008700847626 100
0.534623980522155762 0.197990000247955322 0.0243842005729675293 100
0.540628015995025635 0.197702005505561829 0.023870399221777916 100
0.546633005142211914 0.197308003902435303 0.0233570002019405365 100
0.530771970748901367 -0.412771999835968018 0.0239151008427143097 100
0.527774989604949951 -0.413551002740859985 0.0241337008774280548 100
0.360428988933563232 0.221737995743751526 0.0367811992764472961 100
0.361434996128082275 0.220613002777099609 0.0367176011204719543 100
0.363436013460159302 0.220590993762016296 0.0365464985370635986 100
0.364441990852355957 0.219441995024681091 0.0364818982779979706 100
0.366443991661071777 0.219371005892753601 0.0363103002309799194 100
0.36744999885559082 0.218196004629135132 0.0362447015941143036 100
0.369451999664306641 0.218076005578041077 0.0360727012157440186 100
0.371452987194061279 0.217925995588302612 0.0359004996716976166 100
0.3734549880027771 0.217745006084442139 0.0357282012701034546 100
0.37545698881149292 0.217534005641937256 0.0355557985603809357 100
0.377460002899169922 0.217290997505187988 0.0353833995759487152 100
0.379462003707885742 0.217017993330955505 0.0352107994258403778 100
0.381464987993240356 0.216712996363639832 0.0350381992757320404 100
0.383466988801956177 0.216377004981040955 0.034865599125623703 100
0.385470002889633179 0.216010004281997681 0.0346928983926773071 100
0.387472987174987793 0.21561199426651001 0.0345201008021831512 100
0.389477014541625977 0.215182006359100342 0.0343474000692367554 100
0.391479998826980591 0.214719995856285095 0.0341744981706142426 100
0.393483996391296387 0.214227005839347839 0.0340017005801200867 100
0.395487010478973389 0.213701993227005005 0.0338287986814975739 100
0.398487001657485962 0.214059993624687195 0.0335523001849651337 100
0.400490999221801758 0.213461995124816895 0.0333795994520187378 100
0.402494996786117554 0.212831005454063416 0.0332068018615245819 100
0.404500007629394531 0.21216900646686554 0.0330340005457401276 100
0.407499998807907104 0.212348997592926025 0.0327581986784934998 100
0.409505009651184082 0.211612999439239502 0.0325855016708374023 100
0.412506014108657837 0.211698994040489197 0.03231009840965271 100
0.414512008428573608 0.210888996720314026 0.0321374982595443726 100
0.417513012886047363 0.210879996418952942 0.0318624004721641541 100
0.419519007205963135 0.209995999932289124 0.0316900014877319336 100
0.422520995140075684 0.209894001483917236 0.031415201723575592 100
0.42552301287651062 0.209739997982978821 0.0311406999826431274 100
0.428526014089584351 0.209535002708435059 0.0308664999902248383 100
0.431528985500335693 0.20927700400352478 0.0305924005806446075 100
0.434531986713409424 0.208967998623847961 0.0303185991942882538 100
0.436538994312286377 0.207843005657196045 0.0301466993987560272 100
0.439541995525360107 0.207441002130508423 0.0298730991780757904 100
0.44254601001739502 0.206986993551254272 0.029599800705909729 100
0.446547001600265503 0.207216992974281311 0.0292253997176885605 100
0.449551999568939209 0.206651002168655396 0.028952600434422493 100
0.452556997537612915 0.206033006310462952 0.0286798998713493347 100
0.45655900239944458 0.206070005893707275 0.028306400403380394 100
0.459564000368118286 0.205340996384620667 0.0280342996120452881 100
0.464563995599746704 0.20593300461769104 0.027560599148273468 100
0.467570006847381592 0.2050819993019104 0.0272889994084835052 100
0.471572995185852051 0.204848006367683411 0.0269168000668287277 100
0.474579006433486938 0.2038860023021698 0.0266455002129077911 100
0.47758600115776062 0.202873006463050842 0.0263743996620178223 100
0.481590986251831055 0.202447995543479919 0.0260029993951320648 100
0.485594987869262695 0.201952993869781494 0.025631999596953392 100
0.490597993135452271 0.202007994055747986 0.0251611992716789246 100
0.494603008031845093 0.201363995671272278 0.0247907992452383041 100
0.499606013298034668 0.201251998543739319 0.024320799857378006 100
0.504610002040863037 0.201051995158195496 0.0238511990755796432 100
0.509613990783691406 0.200764000415802002 0.0233820006251335144 100
0.513620972633361816 0.19981500506401062 0.0230129994451999664 100
0.518625974655151367 0.199359998106956482 0.0225444994866847992 100
0.521636009216308594 0.197710007429122925 0.0222754999995231628 100
0.526642024517059326 0.197099000215530396 0.0218077003955841064 100
0.532646000385284424 0.196934998035430908 0.0212408006191253662 100
0.539649009704589844 0.197190999984741211 0.0205751992762088776 100
0.545653998851776123 0.196806997060775757 0.0200095009058713913 100
0.548569977283477783 0.0181204993277788162 0.0207892991602420807 100
0.549588024616241455 0.014757099561393261 0.0207011997699737549 100
0.548605024814605713 0.0113172000274062157 0.0208058003336191177 100
0.549623012542724609 0.0079366704449057579 0.0207170005887746811 100
0.512687981128692627 -0.202601999044418335 0.0240615997463464737 100
0.528756976127624512 -0.406405985355377197 0.0207020994275808334 100
0.530791997909545898 -0.412851989269256592 0.020430300384759903 100
0.527794003486633301 -0.413632005453109741 0.0206713993102312088 100
0.360439002513885498 0.22177499532699585 0.0349020995199680328 100
0.361445009708404541 0.220650002360343933 0.0348321981728076935 100
0.36344599723815918 0.220625996589660645 0.0346451997756958008 100
0.364452987909317017 0.219475999474525452 0.0345741994678974152 100
0.36545899510383606 0.21831899881362915 0.0345024988055229187 100
0.367460012435913086 0.218228995800018311 0.0343144983053207397 100
0.369462013244628906 0.218108996748924255 0.0341264009475708008 100
0.371464014053344727 0.217958003282546997 0.0339380986988544464 100
0.373466014862060547 0.21777699887752533 0.0337498001754283905 100
0.374473005533218384 0.216534003615379333 0.0336761996150016785 100
0.377470999956130981 0.217322006821632385 0.0333727002143859863 100
0.379473000764846802 0.217048004269599915 0.033184099942445755 100
0.381476014852523804 0.216743007302284241 0.0329952985048294067 100
0.383478999137878418 0.21640700101852417 0.0328065007925033569 100
0.38548201322555542 0.216039001941680908 0.0326176993548870087 100
0.387484997510910034 0.21563999354839325 0.0324288010597229004 100
0.389488011598587036 0.215210005640983582 0.0322397984564304352 100
0.392486989498138428 0.215693995356559753 0.0319374017417430878 100
0.393494993448257446 0.214254006743431091 0.0318618007004261017 100
0.395498991012573242 0.213728994131088257 0.0316727012395858765 100
0.397502988576889038 0.213172003626823425 0.0314836017787456512 100
0.400503009557723999 0.213487997651100159 0.0311817005276679993 100
0.402507007122039795 0.212856993079185486 0.0309926997870206833 100
0.40550801157951355 0.213079005479812622 0.0306912008672952652 100
0.40751299262046814 0.212374001741409302 0.0305023994296789169 100
0.410513997077941895 0.212502002716064453 0.0302012991160154343 100
0.412519007921218872 0.211722999811172485 0.0300124995410442352 100
0.414523988962173462 0.210913002490997314 0.0298236999660730362 100
0.417526006698608398 0.21090400218963623 0.0295231007039546967 100
0.419530987739562988 0.210020005702972412 0.0293343998491764069 100
0.422533988952636719 0.209918007254600525 0.0290341991931200027 100
0.425536006689071655 0.209764003753662109 0.0287341997027397156 100
0.427543014287948608 0.208764001727104187 0.0285458005964756012 100
0.430545985698699951 0.20851600170135498 0.0282461997121572495 100
0.434545010328292847 0.208991006016731262 0.0278357993811368942 100
0.436551988124847412 0.207865998148918152 0.0276475995779037476 100
0.439556002616882324 0.207462996244430542 0.0273486003279685974 100
0.442559987306594849 0.207009002566337585 0.0270498991012573242 100
0.445564985275268555 0.206504002213478088 0.0267514009028673172 100
0.448568999767303467 0.205946996808052063 0.0264529995620250702 100
0.452571004629135132 0.206054002046585083 0.026044599711894989 100
0.455576002597808838 0.205384999513626099 0.0257466994225978851 100
0.459578990936279297 0.20536099374294281 0.0253389999270439148 100
0.463580995798110962 0.205266997218132019 0.0249317009001970291 100
0.467584997415542603 0.205101996660232544 0.0245246998965740204 100
0.47059100866317749 0.204200997948646545 0.024227900430560112 100
0.474595010280609131 0.203905001282691956 0.0238214991986751556 100
0.477602005004882812 0.202892005443572998 0.0235249996185302734 100
0.481606006622314453 0.202466994524002075 0.0231192000210285187 100
0.485610991716384888 0.20197199285030365 0.0227138008922338486 100
0.490613996982574463 0.202026993036270142 0.0221993997693061829 100
0.494619011878967285 0.201382994651794434 0.0217946991324424744 100
0.499623000621795654 0.201270997524261475 0.0212811995297670364 100
0.504626989364624023 0.201069995760917664 0.0207681991159915924 100
0.508633971214294434 0.200200006365776062 0.0203643999993801117 100
0.512641012668609619 0.19925999641418457 0.0199609007686376572 100
0.51764601469039917 0.198815003037452698 0.0194489993155002594 100
0.521654009819030762 0.197727993130683899 0.0190460998564958572 100
0.527657985687255859 0.19766099750995636 0.0184263996779918671 100
0.531666994094848633 0.196417003870010376 0.0180239994078874588 100
0.538670003414154053 0.196682006120681763 0.0172969996929168701 100
0.544674992561340332 0.196307003498077393 0.0166788008064031601 100
0.547571003437042236 0.0214623007923364639 0.0174793992191553116 100
0.547589004039764404 0.0180684998631477356 0.0174883995205163956 100
0.548606991767883301 0.0147136002779006958 0.0173914004117250443 100
0.547623991966247559 0.0112821003422141075 0.0175050999969244003 100
0.548641979694366455 0.00791005976498126984 0.0174074005335569382 100
0.548659026622772217 0.00450864993035793304 0.0174147002398967743 100
0.515699982643127441 -0.201105996966362 0.0206237994134426117 100
0.504676997661590576 -0.197947993874549866 0.0217767991125583649 100
0.498670995235443115 -0.197562992572784424 0.0223974008113145828 100
0.494672000408172607 -0.198281005024909973 0.0228048991411924362 100
0.493685007095336914 -0.20077100396156311 0.0228921007364988327 100
0.491692990064620972 -0.202625006437301636 0.0230858009308576584 100
0.489701002836227417 -0.204447001218795776 0.0232792999595403671 100
0.50577998161315918 -0.217803001403808594 0.0215476006269454956 100
0.538818001747131348 -0.413493990898132324 0.0161891002207994461 100
0.531795978546142578 -0.409866988658905029 0.0169037003070116043 100
0.531817972660064697 -0.414074987173080444 0.0168310999870300293 100
0.35945400595664978 0.220684006810188293 0.033148299902677536 100
0.361454993486404419 0.220688998699188232 0.0329456999897956848 100
0.363456010818481445 0.220664992928504944 0.0327427983283996582 100
0.363467991352081299 0.218417003750801086 0.0327909998595714569 100
0.365469008684158325 0.218355998396873474 0.032587200403213501 100
0.367471009492874146 0.218265995383262634 0.0323831997811794281 100
0.369473010301589966 0.218144997954368591 0.0321790985763072968 100
0.371475011110305786 0.217994004487991333 0.0319747999310493469 100
0.373477011919021606 0.217812001705169678 0.0317703001201152802 100
0.374484002590179443 0.2165679931640625 0.0316900983452796936 100
0.377481013536453247 0.217355996370315552 0.0313610993325710297 100
0.379483997821807861 0.217080995440483093 0.0311562996357679367 100
0.381487011909484863 0.216775998473167419 0.0309513993561267853 100
0.383489996194839478 0.216438993811607361 0.0307464990764856339 100
0.385493010282516479 0.216070994734764099 0.0305415000766515732 100
0.387495994567871094 0.215671002864837646 0.030336400493979454 100
0.389499008655548096 0.215240001678466797 0.0301313009113073349 100
0.391503006219863892 0.214778006076812744 0.0299261007457971573 100
0.393507003784179688 0.214284002780914307 0.0297209005802869797 100
0.395511001348495483 0.213758006691932678 0.0295155998319387436 100
0.398510992527008057 0.214116007089614868 0.0291879996657371521 100
0.400514990091323853 0.213516995310783386 0.0289827995002269745 100
0.402518987655639648 0.212886005640029907 0.0287775993347167969 100
0.405519992113113403 0.213107004761695862 0.028450600802898407 100
0.407525002956390381 0.212402001023292542 0.0282454993575811386 100
0.410526007413864136 0.212529003620147705 0.0279188994318246841 100
0.412530988454818726 0.211750000715255737 0.0277139004319906235 100
0.414537012577056885 0.210940003395080566 0.0275088995695114136 100
0.417539000511169434 0.210931003093719482 0.0271828006953001022 100
0.419544011354446411 0.210045993328094482 0.0269779004156589508 100
0.422547012567520142 0.209943994879722595 0.0266522001475095749 100
0.424553006887435913 0.208985000848770142 0.0264474004507064819 100
0.427556008100509644 0.208789005875587463 0.0261220000684261322 100
0.430559009313583374 0.208541005849838257 0.0257968995720148087 100
0.433562010526657104 0.208241000771522522 0.0254721008241176605 100
0.436565995216369629 0.20789000391960144 0.0251474995166063309 100
0.439570009708404541 0.207487002015113831 0.0248230993747711182 100
0.442573994398117065 0.20703299343585968 0.0244989003986120224 100
0.445578992366790771 0.206526994705200195 0.0241749994456768036 100
0.448583006858825684 0.205970004200935364 0.0238511990755796432 100
0.452585011720657349 0.20607699453830719 0.023408200591802597 100
0.455590993165969849 0.205408006906509399 0.0230849999934434891 100
0.459592998027801514 0.205384001135826111 0.0226427000015974045 100
0.462599009275436401 0.204603001475334167 0.0223200004547834396 100
0.46660199761390686 0.204447999596595764 0.0218784008175134659 100
0.470605999231338501 0.204223006963729858 0.0214371997863054276 100
0.473612993955612183 0.203269004821777344 0.0211151000112295151 100
0.477616995573043823 0.202913999557495117 0.0206745006144046783 100
0.480625003576278687 0.201848998665809631 0.0203527994453907013 100
0.484629988670349121 0.201363995671272278 0.0199127998203039169 100
0.489632010459899902 0.201427996158599854 0.0193549003452062607 100
0.494635999202728271 0.201404005289077759 0.0187973994761705399 100
0.498641997575759888 0.200690999627113342 0.018358500674366951 100
0.503646016120910645 0.200498998165130615 0.0178020000457763672 100
0.508651018142700195 0.200220003724098206 0.017245899885892868 100
0.512657999992370605 0.199279993772506714 0.016807999461889267 100
0.517664015293121338 0.198834002017974854 0.0162527002394199371 100
0.520673990249633789 0.197192996740341187 0.0159329995512962341 100
0.525680005550384521 0.196591004729270935 0.0153783997520804405 100
0.531684994697570801 0.196436002850532532 0.0147066004574298859 100
0.53768998384475708 0.196174994111061096 0.0140354996547102928 100
0.543695986270904541 0.195809006690979004 0.0133648999035358429 100
0.549701988697052002 0.195335999131202698 0.0126948002725839615 100
0.545589029788970947 0.021345699205994606 0.014309300109744072 100
0.546607017517089844 0.0180165991187095642 0.0142040001228451729 100
0.54762500524520874 0.014670100063085556 0.0140982996672391891 100
0.545641005039215088 0.0112177003175020218 0.0143352998420596123 100
0.546658992767333984 0.00786291994154453278 0.01422869972884655 100
0.547676980495452881 0.00449059018865227699 0.0141217000782489777 100
0.522742986679077148 -0.205173000693321228 0.0166507996618747711 100
0.499675005674362183 -0.195050999522209167 0.0192889999598264694 100
0.493669003248214722 -0.194619998335838318 0.0199625007808208466 100
0.489670008420944214 -0.19528999924659729 0.0204047001898288727 100
0.487677991390228271 -0.197118997573852539 0.0206151995807886124 100
0.484681993722915649 -0.198293000459671021 0.0209414009004831314 100
0.481685996055603027 -0.199415996670722961 0.0212676003575325012 100
0.478689998388290405 -0.200488999485969543 0.0215936005115509033 100
0.476696997880935669 -0.202161997556686401 0.0218033995479345322 100
0.474705010652542114 -0.203804001212120056 0.0220130998641252518 100
0.472712010145187378 -0.205414995551109314 0.0222225002944469452 100
0.471722990274429321 -0.207673996686935425 0.0223153997212648392 100
0.469729989767074585 -0.209231004118919373 0.0225243996828794479 100
0.468740999698638916 -0.211456000804901123 0.0226166006177663803 100
0.466746985912322998 -0.212959006428718567 0.0228250995278358459 100
0.465757995843887329 -0.215149998664855957 0.0229166001081466675 100
0.46476900577545166 -0.2173289954662323 0.0230078008025884628 100
0.464783996343612671 -0.220236003398895264 0.0229818001389503479 100
0.464798986911773682 -0.223149999976158142 0.0229551997035741806 100
0.463809013366699219 -0.225312992930412292 0.0230451002717018127 100
0.464828997850418091 -0.2290010005235672 0.0229004006832838058 100
0.466854006052017212 -0.233495995402336121 0.0226376000791788101 100
0.472898006439208984 -0.24119199812412262 0.0219046007841825485 100
0.477937012910842896 -0.248217999935150146 0.0212871991097927094 100
0.480967998504638672 -0.253735989332199097 0.0209031999111175537 100
0.547873973846435547 -0.419286996126174927 0.0116180004552006721 100
0.541858017444610596 -0.416927993297576904 0.0122707998380064964 100
0.537854015827178955 -0.416714996099472046 0.0126799996942281723 100
0.529824018478393555 -0.41189199686050415 0.0135770002380013466 100
0.359463989734649658 0.220727995038032532 0.0312765017151832581 100
0.361465007066726685 0.220732003450393677 0.0310580004006624222 100
0.363467007875442505 0.220707997679710388 0.0308391992002725601 100
0.363478004932403564 0.218457996845245361 0.0308906007558107376 100
0.365478992462158203 0.218397006392478943 0.0306707993149757385 100
0.367480993270874023 0.218305006623268127 0.030450800433754921 100
0.369482994079589844 0.218183994293212891 0.0302306003868579865 100
0.371484994888305664 0.218032002449035645 0.0300102997571229935 100
0.372491985559463501 0.216806992888450623 0.0299238003790378571 100
0.374493986368179321 0.216604992747306824 0.0297028999775648117 100
0.376497000455856323 0.216370999813079834 0.0294819008558988571 100
0.378499001264572144 0.216106995940208435 0.0292607992887496948 100
0.381498008966445923 0.216811001300811768 0.0289064999669790268 100
0.383500993251800537 0.216472998261451721 0.0286854002624750137 100
0.385504007339477539 0.216104999184608459 0.0284641999751329422 100
0.387506991624832153 0.215705007314682007 0.0282429996877908707 100
0.389510989189147949 0.215274006128311157 0.0280217006802558899 100
0.392509996891021729 0.215756997466087341 0.0276680998504161835 100
0.393518000841140747 0.214315995573997498 0.0275788996368646622 100
0.395521998405456543 0.213789999485015869 0.0273573994636535645 100
0.397525995969772339 0.213231995701789856 0.0271358992904424667 100
0.400527000427246094 0.213548004627227783 0.0267829000949859619 100
0.40253099799156189 0.212916001677513123 0.0265615005046129227 100
0.405532002449035645 0.213137000799179077 0.0262088999152183533 100
0.407537013292312622 0.212431997060775757 0.0259876009076833725 100
0.410537987947463989 0.21255899965763092 0.025635499507188797 100
0.412544012069702148 0.211778998374938965 0.0254142992198467255 100
0.414548993110656738 0.210968002676963806 0.0251930002123117447 100
0.41655498743057251 0.210124999284744263 0.0249716993421316147 100
0.419557005167007446 0.210073992609977722 0.0246201995760202408 100
0.421562999486923218 0.209158003330230713 0.0243989992886781693 100
0.424566000699996948 0.209013000130653381 0.0240480005741119385 100
0.427569001913070679 0.208816006779670715 0.0236971992999315262 100
0.430572003126144409 0.208568006753921509 0.0233465991914272308 100
0.433575987815856934 0.208268001675605774 0.0229963008314371109 100
0.435582995414733887 0.207151994109153748 0.0227754991501569748 100
0.43958398699760437 0.207513004541397095 0.0222964994609355927 100
0.442588001489639282 0.207058995962142944 0.0219468995928764343 100
0.445592999458312988 0.206552997231483459 0.0215975008904933929 100
0.4485970139503479 0.205994993448257446 0.02124829962849617 100
0.452600002288818359 0.206101998686790466 0.0207707006484270096 100
0.455605000257492065 0.205432996153831482 0.0204220991581678391 100
0.458611011505126953 0.204712003469467163 0.0200736001133918762 100
0.462613999843597412 0.204627007246017456 0.019597100093960762 100
0.466616988182067871 0.204472005367279053 0.0191210005432367325 100
0.46962401270866394 0.203578993678092957 0.0187733005732297897 100
0.473628014326095581 0.203292995691299438 0.0182978995144367218 100
0.477632999420166016 0.202937006950378418 0.0178229007869958878 100
0.480639994144439697 0.20187300443649292 0.0174758005887269974 100
0.48464500904083252 0.201387003064155579 0.017001299187541008 100
0.488651007413864136 0.200830996036529541 0.0165272001177072525 100
0.493654996156692505 0.20081600546836853 0.0159262008965015411 100
0.49865800142288208 0.200712993741035461 0.0153256002813577652 100
0.503663003444671631 0.200521007180213928 0.0147256003692746162 100
0.508668005466461182 0.200241997838020325 0.0141259999945759773 100
0.512674987316131592 0.199302002787590027 0.0136537998914718628 100
0.517681002616882324 0.198855996131896973 0.013055100105702877 100
0.520690977573394775 0.197214007377624512 0.0127101000398397446 100
0.52669602632522583 0.197155997157096863 0.01198550034314394 100
0.531702995300292969 0.196456998586654663 0.0113879004493355751 100
0.536710023880004883 0.195669993758201599 0.0107907000929117203 100
0.541718006134033203 0.194795995950698853 0.0101939002051949501 100
0.547725021839141846 0.194342002272605896 0.00947127025574445724 100
0.545607984066009521 0.0213418006896972656 0.0109267998486757278 100
0.545624971389770508 0.0179648995399475098 0.010936100035905838 100
0.54664301872253418 0.0146268000826239586 0.0108216004446148872 100
0.546660006046295166 0.0112418001517653465 0.0108299003913998604 100
0.546678006649017334 0.00785714015364646912 0.0108377998694777489 100
0.54769599437713623 0.00448434986174106598 0.0107220001518726349 100
0.512723982334136963 -0.199443995952606201 0.014668700285255909 100
0.502703011035919189 -0.196841999888420105 0.0158929005265235901 100
0.497700989246368408 -0.197034001350402832 0.0164938997477293015 100
0.491694003343582153 -0.196532994508743286 0.0172199998050928116 100
0.488698005676269531 -0.19776800274848938 0.017571600154042244 100
0.485702008008956909 -0.198951005935668945 0.0179230999201536179 100
0.482706010341644287 -0.200084000825881958 0.0182744991034269333 100
0.480713993310928345 -0.201809003949165344 0.0185007005929946899 100
0.478720992803573608 -0.203501999378204346 0.0187267009168863297 100
0.476727992296218872 -0.205163002014160156 0.0189523994922637939 100
0.474736005067825317 -0.20679299533367157 0.0191779006272554398 100
0.472743004560470581 -0.208390995860099792 0.0194032005965709686 100
0.470748990774154663 -0.209958001971244812 0.0196282006800174713 100
0.468755990266799927 -0.211493000388145447 0.0198529995977878571 100
0.466762006282806396 -0.212996006011962891 0.0200775992125272751 100
0.46476900577545166 -0.214468002319335938 0.0203019995242357254 100
0.46377900242805481 -0.216637998819351196 0.0204003006219863892 100
0.461784988641738892 -0.218057006597518921 0.0206241998821496964 100
0.459791004657745361 -0.219444006681442261 0.0208477992564439774 100
0.458802014589309692 -0.221559002995491028 0.0209451001137495041 100
0.457812011241912842 -0.223662003874778748 0.0210418999195098877 100
0.456822007894515991 -0.225752994418144226 0.0211382992565631866 100
0.455832004547119141 -0.227833002805709839 0.0212342999875545502 100
0.453837007284164429 -0.229102998971939087 0.0214563999325037003 100
0.451842993497848511 -0.23034299910068512 0.0216783005744218826 100
0.450852006673812866 -0.232369005680084229 0.0217732004821300507 100
0.448857009410858154 -0.233556002378463745 0.0219944994896650314 100
0.447867006063461304 -0.235550999641418457 0.0220886003226041794 100
0.446877002716064453 -0.237534999847412109 0.0221820995211601257 100
0.445885986089706421 -0.239508002996444702 0.0222752001136541367 100
0.444896012544631958 -0.241470992565155029 0.0223677996546030045 100
0.443904995918273926 -0.243423998355865479 0.0224597994238138199 100
0.442914992570877075 -0.245367005467414856 0.0225513000041246414 100
0.441924005746841431 -0.247299998998641968 0.0226422995328903198 100
0.441938996315002441 -0.250133007764816284 0.0226047001779079437 100
0.448992013931274414 -0.259416013956069946 0.0216694995760917664 100
0.448002010583877563 -0.261415004730224609 0.0217573996633291245 100
0.548789024353027344 -0.399208992719650269 0.00823795981705188751 100
0.546797990798950195 -0.401293009519577026 0.00842542015016078949 100
0.542795002460479736 -0.401217997074127197 0.00887264031916856766 100
0.53979802131652832 -0.402161985635757446 0.00918873026967048645 100
0.537808001041412354 -0.404159009456634521 0.00937305018305778503 100
0.534810006618499756 -0.40503498911857605 0.00968704000115394592 100
0.532818973064422607 -0.406987994909286499 0.00986871030181646347 100
0.529821991920471191 -0.407799988985061646 0.0101803997531533241 100
0.527831017971038818 -0.409714013338088989 0.0103591997176408768 100
0.525838971138000488 -0.411614000797271729 0.0105363000184297562 100
0.523847997188568115 -0.413502991199493408 0.01071150042116642 100
0.359474003314971924 0.220774993300437927 0.0294035002589225769 100
0.360480010509490967 0.219658002257347107 0.0293144006282091141 100
0.362482011318206787 0.21964399516582489 0.0290794000029563904 100
0.363487988710403442 0.218501999974250793 0.0289890002459287643 100
0.365489989519119263 0.218439996242523193 0.0287532005459070206 100
0.367491990327835083 0.218347996473312378 0.0285171996802091599 100
0.368497997522354126 0.217160999774932861 0.0284250006079673767 100
0.370499998331069946 0.217019006609916687 0.0281882993876934052 100
0.372503012418746948 0.216847002506256104 0.0279514994472265244 100
0.374505013227462769 0.216644003987312317 0.0277145002037286758 100
0.376507997512817383 0.216409996151924133 0.0274774003773927689 100
0.37950599193572998 0.217154994606971741 0.0270974002778530121 100
0.381509006023406982 0.216848999261856079 0.0268603004515171051 100
0.383511990308761597 0.216510996222496033 0.0266231000423431396 100
0.385515004396438599 0.216141998767852783 0.026385800912976265 100
0.387519001960754395 0.215740993618965149 0.0261483993381261826 100
0.390518009662628174 0.216266006231307983 0.0257692001760005951 100
0.391526013612747192 0.214846000075340271 0.02567330002784729 100
0.393530011177062988 0.214350998401641846 0.0254356991499662399 100
0.395534008741378784 0.213825002312660217 0.0251981001347303391 100
0.39753800630569458 0.213266000151634216 0.0249602999538183212 100
0.400539010763168335 0.213580995798110962 0.0245817992836236954 100
0.402543008327484131 0.212948992848396301 0.0243442002683877945 100
0.404547989368438721 0.21228499710559845 0.0241065006703138351 100
0.407548993825912476 0.212464004755020142 0.0237285997718572617 100
0.409554004669189453 0.211725994944572449 0.0234910007566213608 100
0.412555992603302002 0.21181100606918335 0.0231135003268718719 100
0.414561986923217773 0.210999995470046997 0.0228760000318288803 100
0.41756400465965271 0.210989996790885925 0.0224989000707864761 100
0.418572992086410522 0.209280997514724731 0.0224008001387119293 100
0.421575993299484253 0.209187999367713928 0.0220240000635385513 100
0.424578994512557983 0.209042996168136597 0.0216474998742341995 100
0.427581995725631714 0.208846002817153931 0.0212712008506059647 100
0.430584996938705444 0.208597004413604736 0.0208951998502016068 100
0.432592004537582397 0.207522004842758179 0.0206579994410276413 100
0.435595989227294922 0.207179993391036987 0.0202823001891374588 100
0.438600003719329834 0.206787005066871643 0.0199069008231163025 100
0.44160500168800354 0.206341996788978577 0.0195317007601261139 100
0.445605993270874023 0.206579998135566711 0.0190188009291887283 100
0.448612004518508911 0.206022992730140686 0.0186442006379365921 100
0.451617002487182617 0.205413997173309326 0.0182697009295225143 100
0.455619007349014282 0.205459997057914734 0.0177580006420612335 100
0.458624988794326782 0.204739004373550415 0.0173841007053852081 100
0.46163100004196167 0.203967005014419556 0.0170104000717401505 100
0.465635001659393311 0.203821003437042236 0.0164997000247240067 100
0.469639003276824951 0.203604996204376221 0.015989299863576889 100
0.473643988370895386 0.203318998217582703 0.0154793998226523399 100
0.476651012897491455 0.202314004302024841 0.0151067003607749939 100
0.479658007621765137 0.201259002089500427 0.0147342002019286156 100
0.483664005994796753 0.20078200101852417 0.014225199818611145 100
0.488667011260986328 0.200856000185012817 0.013580000028014183 100
0.493671000003814697 0.200840994715690613 0.0129354000091552734 100
0.498674988746643066 0.20073699951171875 0.0122913997620344162 100
0.503679990768432617 0.200544998049736023 0.0116477999836206436 100
0.507686972618103027 0.199683994054794312 0.011140899732708931 100
0.511695027351379395 0.19875200092792511 0.0106341997161507607 100
0.516700983047485352 0.198315992951393127 0.00999190006405115128 100
0.519711017608642578 0.19668300449848175 0.00962150003761053085 100
0.525716006755828857 0.196633994579315186 0.00884431973099708557 100
0.530722975730895996 0.19594399631023407 0.00820326991379261017 100
0.535731017589569092 0.195166006684303284 0.00756260007619857788 100
0.539740979671478271 0.193783998489379883 0.00705762999132275581 100
0.544749021530151367 0.192840993404388428 0.00641759997233748436 100
0.545625984668731689 0.0213380008935928345 0.00754297012463212013 100
0.546643972396850586 0.0180079005658626556 0.00742015009745955467 100
0.547662019729614258 0.0146604003384709358 0.00729687977582216263 100
0.547680020332336426 0.0112661002203822136 0.00730535993352532387 100
0.548698008060455322 0.00789260957390069962 0.00718116993084549904 100
0.548714995384216309 0.00448983022943139076 0.00718868011608719826 100
0.534804999828338623 -0.20870700478553772 0.00861321017146110535 100
0.51073300838470459 -0.198328003287315369 0.0117968004196882248 100
0.503723978996276855 -0.197464004158973694 0.012708599679172039 100
0.495709985494613647 -0.195879995822906494 0.0137547003105282784 100
0.492713987827301025 -0.197173997759819031 0.0141316996887326241 100
0.490722000598907471 -0.199031993746757507 0.0143745001405477524 100
0.487726002931594849 -0.200234994292259216 0.0147511996328830719 100
0.484730005264282227 -0.201387003064155579 0.0151278004050254822 100
0.482737988233566284 -0.203131005167961121 0.0153700998052954674 100
0.479741007089614868 -0.204190999269485474 0.0157465003430843353 100
0.477748006582260132 -0.205862998962402344 0.015988299623131752 100
0.476759999990463257 -0.208174005150794983 0.0160953998565673828 100
0.473762005567550659 -0.20911000669002533 0.0164713002741336823 100
0.471769005060195923 -0.210686996579170227 0.0167124997824430466 100
0.469776004552841187 -0.212231993675231934 0.0169533994048833847 100
0.467781990766525269 -0.213744997978210449 0.0171940997242927551 100
0.4667930006980896 -0.215947002172470093 0.0172994993627071381 100
0.464798986911773682 -0.21740800142288208 0.0175397004932165146 100
0.462805002927780151 -0.218835994601249695 0.0177795998752117157 100
0.461814999580383301 -0.220982998609542847 0.0178839005529880524 100
0.459820985794067383 -0.222359001636505127 0.0181233007460832596 100
0.45883101224899292 -0.224472001194953918 0.0182268992066383362 100
0.457841992378234863 -0.22657400369644165 0.0183300003409385681 100
0.455846995115280151 -0.227875992655754089 0.0185684002935886383 100
0.454856991767883301 -0.229945003986358643 0.0186707992106676102 100
0.452861994504928589 -0.231195002794265747 0.018908599391579628 100
0.450866997241973877 -0.232412993907928467 0.0191460996866226196 100
0.449876993894577026 -0.234429001808166504 0.019247300922870636 100
0.447881996631622314 -0.235596001148223877 0.019484199583530426 100
0.44689100980758667 -0.237580999732017517 0.0195844005793333054 100
0.445901006460189819 -0.239555001258850098 0.0196841005235910416 100
0.444909989833831787 -0.241518005728721619 0.0197832994163036346 100
0.442914009094238281 -0.242593005299568176 0.0200187992304563522 100
0.441924005746841431 -0.244525998830795288 0.0201169997453689575 100
0.440932989120483398 -0.24645000696182251 0.0202146004885435104 100
0.439942985773086548 -0.248363003134727478 0.0203115995973348618 100
0.438951998949050903 -0.250268012285232544 0.0204080995172262192 100
0.437961012125015259 -0.25216299295425415 0.0205038990825414658 100
0.436969995498657227 -0.254049003124237061 0.0205990001559257507 100
0.434974014759063721 -0.254976004362106323 0.020831400528550148 100
0.433982998132705688 -0.2568340003490448 0.020925300195813179 100
0.431986004114151001 -0.257712990045547485 0.0211568009108304977 100
0.430994987487792969 -0.259544998407363892 0.0212494991719722748 100
0.430004000663757324 -0.261368989944458008 0.021341400220990181 100
0.429012000560760498 -0.263186991214752197 0.0214323997497558594 100
0.428021013736724854 -0.264997005462646484 0.0215227007865905762 100
0.427029997110366821 -0.266800999641418457 0.0216121003031730652 100
0.426039010286331177 -0.268599003553390503 0.0217006001621484756 100
0.425047010183334351 -0.270392000675201416 0.0217882003635168076 100
0.424055993556976318 -0.272179007530212402 0.0218748003244400024 100
0.509729981422424316 -0.389326989650726318 0.00943990983068943024 100
0.508744001388549805 -0.392168998718261719 0.00949275027960538864 100
0.358489006757736206 0.219693005084991455 0.0276842992752790451 100
0.360489994287490845 0.219706997275352478 0.0274337995797395706 100
0.362491995096206665 0.219692006707191467 0.0271828994154930115 100
0.363498002290725708 0.218548998236656189 0.0270860008895397186 100
0.365500003099441528 0.218485996127128601 0.0268342997878789902 100
0.367502003908157349 0.218392997980117798 0.0265823006629943848 100
0.368508994579315186 0.217206001281738281 0.0264835003763437271 100
0.371506005525588989 0.218116998672485352 0.0260776001960039139 100
0.372512996196746826 0.216890007257461548 0.0259780008345842361 100
0.374516010284423828 0.216686993837356567 0.0257249008864164352 100
0.376518011093139648 0.21645200252532959 0.0254717003554105759 100
0.378520995378494263 0.216187000274658203 0.025218399241566658 100
0.381520003080368042 0.216890007257461548 0.0248128995299339294 100
0.383522987365722656 0.216551005840301514 0.0245594996958971024 100
0.385526001453399658 0.216180995106697083 0.0243060998618602753 100
0.387529999017715454 0.215780004858970642 0.0240525994449853897 100
0.38953399658203125 0.215348005294799805 0.0237988997250795364 100
0.392533004283905029 0.215830996632575989 0.0233942996710538864 100
0.393541008234024048 0.214387997984886169 0.0232913997024297714 100
0.395545989274978638 0.213861003518104553 0.0230375006794929504 100
0.397549986839294434 0.21330299973487854 0.0227835997939109802 100
0.399554014205932617 0.212712004780769348 0.0225296001881361008 100
0.402554988861083984 0.212984994053840637 0.0221257004886865616 100
0.404559999704360962 0.212319999933242798 0.0218717008829116821 100
0.406565010547637939 0.211623996496200562 0.0216177999973297119 100
0.409566998481750488 0.211760997772216797 0.0212145000696182251 100
0.411572009325027466 0.210990995168685913 0.0209605991840362549 100
0.414573997259140015 0.21103300154209137 0.0205576997250318527 100
0.416579991579055786 0.210188999772071838 0.020303899422287941 100
0.418585985898971558 0.209313005208969116 0.0200500991195440292 100
0.421588987112045288 0.209220007061958313 0.0196477994322776794 100
0.423595011234283447 0.20826999843120575 0.0193939991295337677 100
0.426598012447357178 0.208083003759384155 0.0189920999109745026 100
0.429601997137069702 0.207844004034996033 0.0185903999954462051 100
0.433602988719940186 0.208327993750572205 0.0180411990731954575 100
0.435609996318817139 0.207211002707481384 0.0177878998219966888 100
0.438614010810852051 0.206817001104354858 0.0173870008438825607 100
0.441619008779525757 0.206371992826461792 0.0169863998889923096 100
0.444622993469238281 0.205874994397163391 0.0165858995169401169 100
0.448626011610031128 0.206052005290985107 0.0160386990755796432 100
0.451631009578704834 0.205442994832992554 0.0156389009207487106 100
0.455633997917175293 0.205488994717597961 0.0150924995541572571 100
0.458640009164810181 0.204768002033233643 0.0146931996569037437 100
0.461645990610122681 0.203995004296302795 0.0142940999940037727 100
0.465649992227554321 0.203849002718925476 0.0137489000335335732 100
0.468656986951828003 0.202965006232261658 0.0133501999080181122 100
0.472660988569259644 0.20268799364566803 0.0128057003021240234 100
0.475668996572494507 0.20169299840927124 0.012407500296831131 100
0.479674011468887329 0.201286002993583679 0.0118636004626750946 100
0.482681989669799805 0.200178995728492737 0.0114657999947667122 100
0.48768499493598938 0.200261995196342468 0.0107770003378391266 100
0.492689013481140137 0.200256004929542542 0.0100886998698115349 100
0.4976939857006073 0.200161993503570557 0.00940100010484457016 100
0.502699017524719238 0.199980005621910095 0.00871387030929327011 100
0.507704019546508789 0.199708998203277588 0.00802727974951267242 100
0.511712014675140381 0.198778003454208374 0.00748617015779018402 100
0.516717970371246338 0.198340997099876404 0.0068004499189555645 100
0.520726978778839111 0.197262004017829895 0.0062599601224064827 100
0.52373802661895752 0.1955689936876297 0.00586441019549965858 100
0.529743015766143799 0.195433005690574646 0.00503514008596539497 100
0.534750998020172119 0.19466400146484375 0.00435099005699157715 100
0.538761019706726074 0.193290993571281433 0.00381156988441944122 100
0.543770015239715576 0.192357003688812256 0.00312808994203805923 100
0.547780990600585938 0.190836995840072632 0.00258909002877771854 100
0.540642023086547852 0.0210535991936922073 0.00486342981457710266 100
0.542661011219024658 0.0178146995604038239 0.00459061004221439362 100
0.545679986476898193 0.0145789999514818192 0.00417623994871973991 100
0.54469597339630127 0.0111725004389882088 0.00432586017996072769 100
0.545714020729064941 0.00782513990998268127 0.00419279001653194427 100
0.50673598051071167 -0.196059003472328186 0.00924536027014255524 100
0.504745006561279297 -0.198088005185127258 0.00950466003268957138 100
0.49572598934173584 -0.195916995406150818 0.0107645001262426376 100
0.492731004953384399 -0.197211995720863342 0.0111667998135089874 100
0.489735007286071777 -0.19845600426197052 0.0115689998492598534 100
0.487742990255355835 -0.200273007154464722 0.0118279997259378433 100
0.484746009111404419 -0.201425999402999878 0.0122298998758196831 100
0.481750011444091797 -0.2025270015001297 0.0126318000257015228 100
0.479757010936737061 -0.204230993986129761 0.0128900995478034019 100
0.478767991065979004 -0.206563994288444519 0.0130046000704169273 100
0.475771009922027588 -0.207542002201080322 0.0134060001000761986 100
0.473778009414672852 -0.209150999784469604 0.0136636001989245415 100
0.471785008907318115 -0.210728004574775696 0.013921000063419342 100
0.470795989036560059 -0.212973996996879578 0.0140340998768806458 100
0.468802005052566528 -0.214496999979019165 0.0142908003181219101 100
0.46680799126625061 -0.215988993644714355 0.0145472995936870575 100
0.465819001197814941 -0.218180000782012939 0.0146593004465103149 100
0.464828997850418091 -0.220357999205589294 0.0147708002477884293 100
0.463840007781982422 -0.22252500057220459 0.0148818995803594589 100
0.462850004434585571 -0.224680006504058838 0.0149924997240304947 100
0.459850996732711792 -0.225286006927490234 0.0153921004384756088 100
0.458860993385314941 -0.227397993206977844 0.0155018996447324753 100
0.457872003316879272 -0.229498997330665588 0.0156113002449274063 100
0.456881999969482422 -0.231588006019592285 0.0157200992107391357 100
0.45488700270652771 -0.232858002185821533 0.0159737002104520798 100
0.452892005443572998 -0.234097003936767578 0.0162269994616508484 100
0.451902002096176147 -0.236133992671966553 0.0163346007466316223 100
0.449905991554260254 -0.237321004271507263 0.0165871996432542801 100
0.447910994291305542 -0.238478004932403564 0.0168395992368459702 100
0.446920007467269897 -0.240463003516197205 0.0169457998126745224 100
0.445930004119873047 -0.242437005043029785 0.0170514006167650223 100
0.443933993577957153 -0.243523001670837402 0.0173026006668806076 100
0.442943990230560303 -0.245467007160186768 0.0174071993678808212 100
0.441953003406524658 -0.247400999069213867 0.0175112001597881317 100
0.439956992864608765 -0.248416006565093994 0.0177612006664276123 100
0.43896600604057312 -0.250321000814437866 0.0178640000522136688 100
0.437974989414215088 -0.252216994762420654 0.017966199666261673 100
0.436984002590179443 -0.25410500168800354 0.018067600205540657 100
0.435992985963821411 -0.25598299503326416 0.0181683991104364395 100
0.435001999139785767 -0.257853001356124878 0.0182684008032083511 100
0.433005988597869873 -0.258742988109588623 0.0185154005885124207 100
0.431008994579315186 -0.259602993726730347 0.018761899322271347 100
0.430018007755279541 -0.261429011821746826 0.0188599005341529846 100
0.429026007652282715 -0.263247013092041016 0.0189570002257823944 100
0.428034991025924683 -0.265058010816574097 0.0190533008426427841 100
0.426037997007369995 -0.265837013721466064 0.0192972999066114426 100
0.425045996904373169 -0.267625987529754639 0.0193918999284505844 100
0.424055010080337524 -0.269407987594604492 0.0194856002926826477 100
0.423063993453979492 -0.271185994148254395 0.019578099250793457 100
0.422071993350982666 -0.272958993911743164 0.0196695998311042786 100
0.421081006526947021 -0.274726986885070801 0.0197599995881319046 100
0.421095997095108032 -0.277586013078689575 0.0196991004049777985 100
0.420103996992111206 -0.279359996318817139 0.0197867006063461304 100
0.419113010168075562 -0.281132012605667114 0.0198730006814002991 100
0.417115002870559692 -0.281774997711181641 0.0201086997985839844 100
0.417129993438720703 -0.284671992063522339 0.0200412999838590622 100
0.416139006614685059 -0.286442995071411133 0.0201232004910707474 100
0.358498990535736084 0.219747006893157959 0.0258181001991033554 100
0.36050000786781311 0.219760000705718994 0.025551600381731987 100
0.362502008676528931 0.219743996858596802 0.0252848993986845016 100
0.363507986068725586 0.218600004911422729 0.0251816995441913605 100
0.365509986877441406 0.218536004424095154 0.0249138996005058289 100
0.366517007350921631 0.217365995049476624 0.0248093008995056152 100
0.368519008159637451 0.217252999544143677 0.0245408006012439728 100
0.370521008968353271 0.217109993100166321 0.0242720004171133041 100
0.372523993253707886 0.216936007142066956 0.024003099650144577 100
0.374525994062423706 0.216731995344161987 0.023733900859951973 100
0.376529008150100708 0.21649700403213501 0.0234645996242761612 100
0.3795279860496521 0.217241004109382629 0.0230334997177124023 100
0.380535006523132324 0.215932995080947876 0.0229256004095077515 100
0.383534014225006104 0.216593995690345764 0.0224946998059749603 100
0.385538011789321899 0.216223001480102539 0.0222251005470752716 100
0.387540996074676514 0.215821996331214905 0.0219554007053375244 100
0.38954499363899231 0.21538899838924408 0.0216856002807617188 100
0.391548991203308105 0.21492399275302887 0.0214156992733478546 100
0.393552988767623901 0.214427992701530457 0.0211456995457410812 100
0.395556986331939697 0.21390099823474884 0.0208756998181343079 100
0.397561997175216675 0.213340997695922852 0.0206055007874965668 100
0.399565994739532471 0.21275000274181366 0.0203352998942136765 100
0.401571005582809448 0.212127998471260071 0.0200650002807378769 100
0.404572010040283203 0.212357997894287109 0.0196356996893882751 100
0.406576991081237793 0.211660996079444885 0.0193655006587505341 100
0.409579008817672729 0.211796998977661133 0.0189366992563009262 100
0.411585003137588501 0.211026996374130249 0.0186665002256631851 100
0.41458699107170105 0.211069002747535706 0.0182380992919206619 100
0.416592985391616821 0.210224002599716187 0.0179680995643138885 100
0.41859900951385498 0.209347993135452271 0.0176979992538690567 100
0.421602010726928711 0.209253996610641479 0.0172701999545097351 100
0.423608005046844482 0.20830400288105011 0.0170002002269029617 100
0.426611006259918213 0.208116993308067322 0.0165727008134126663 100
0.429614990949630737 0.207877993583679199 0.0161456000059843063 100
0.432619005441665649 0.207587003707885742 0.0157187003642320633 100
0.435622990131378174 0.207243993878364563 0.0152920996770262718 100
0.43862798810005188 0.206850007176399231 0.0148657001554965973 100
0.441632002592086792 0.206404000520706177 0.0144395995885133743 100
0.444637000560760498 0.205907002091407776 0.0140137998387217522 100
0.447643011808395386 0.205357998609542847 0.0135882003232836723 100
0.450648009777069092 0.204759001731872559 0.0131627004593610764 100
0.454650998115539551 0.20481400191783905 0.0125815998762845993 100
0.456660002470016479 0.203404992818832397 0.0123124998062849045 100
0.46066400408744812 0.203338995575904846 0.0117320995777845383 100
0.464668005704879761 0.203201994299888611 0.0111520998179912567 100
0.467673987150192261 0.202326998114585876 0.0107279997318983078 100
0.471679002046585083 0.202059999108314514 0.0101487999781966209 100
0.475683987140655518 0.201721996068954468 0.00956995971500873566 100
0.478691995143890381 0.200675994157791138 0.00914651993662118912 100
0.482697993516921997 0.200207993388175964 0.0085683995857834816 100
0.487700998783111572 0.200290992856025696 0.00783594977110624313 100
0.49170801043510437 0.19967399537563324 0.00725868996232748032 100
0.497709989547729492 0.200189992785453796 0.00637290021404623985 100
0.501717984676361084 0.199415996670722961 0.00579654006287455559 100
0.507721006870269775 0.199736997485160828 0.00491211982443928719 100
0.511729001998901367 0.198805004358291626 0.00433662021532654762 100
0.5167350172996521 0.198367998003959656 0.0036074100062251091 100
0.519746005535125732 0.196733996272087097 0.00318640004843473434 100
0.523755013942718506 0.195594996213912964 0.00261167995631694794 100
0.527764976024627686 0.194388002157211304 0.00203716009855270386 100
0.532773017883300781 0.193636998534202576 0.00130934000480920076 100
0.535785019397735596 0.19176599383354187 0.000888750015292316675 100
0.541791975498199463 0.191367000341415405 8.25249026092933491e-06 100
0.546800971031188965 0.19036400318145752 -0.000718489987775683403 100
0.549665987491607666 0.0215553995221853256 0.000170354003785178065 100
0.503758013248443604 -0.197541996836662292 0.0065850098617374897 100
0.497750997543334961 -0.197147995233535767 0.00746861007064580917 100
0.492747008800506592 -0.197252005338668823 0.00820046011358499527 100
0.490754991769790649 -0.199110999703407288 0.00847581960260868073 100
0.488763004541397095 -0.200938001275062561 0.00875090993940830231 100
0.485767006874084473 -0.202099993824958801 0.00917815044522285461 100
0.483774006366729736 -0.203853994607925415 0.0094527900218963623 100
0.481781005859375 -0.205577000975608826 0.00972712971270084381 100
0.479788988828659058 -0.207267999649047852 0.0100012002512812614 100
0.478799998760223389 -0.209600001573562622 0.0101223001256585121 100
0.476806998252868652 -0.211237996816635132 0.0103957001119852066 100
0.473809003829956055 -0.212153002619743347 0.0108219999819993973 100
0.471814990043640137 -0.213717997074127197 0.0110950004309415817 100
0.4698219895362854 -0.215251997113227844 0.0113677997142076492 100
0.468832999467849731 -0.217473998665809631 0.0114869996905326843 100
0.466838985681533813 -0.218953996896743774 0.0117590995505452156 100
0.464845001697540283 -0.220403999090194702 0.012031099759042263 100
0.463854998350143433 -0.222571000456809998 0.0121489996090531349 100
0.461861014366149902 -0.223967000842094421 0.0124203003942966461 100
0.459865987300872803 -0.225332006812095642 0.0126913003623485565 100
0.45887601375579834 -0.227445006370544434 0.0128079997375607491 100
0.456881999969482422 -0.228758007287979126 0.0130783999338746071 100
0.455891996622085571 -0.230838000774383545 0.0131940999999642372 100
0.453896999359130859 -0.232098996639251709 0.0134637998417019844 100
0.451900988817214966 -0.233327999711036682 0.0137333003804087639 100
0.450910985469818115 -0.235356003046035767 0.0138477003201842308 100
0.449921011924743652 -0.23737199604511261 0.0139614995568990707 100
0.448931008577346802 -0.239378005266189575 0.0140746999531984329 100
0.446934998035430908 -0.240514993667602539 0.0143425995483994484 100
0.445944994688034058 -0.242489993572235107 0.0144547997042536736 100
0.444954007863998413 -0.244454994797706604 0.0145663004368543625 100
0.443962991237640381 -0.246410995721817017 0.0146773001179099083 100
0.44297298789024353 -0.24835599958896637 0.0147874997928738594 100
0.441982001066207886 -0.250292003154754639 0.0148972002789378166 100
0.440991014242172241 -0.25221899151802063 0.0150060998275876045 100
0.438995003700256348 -0.253206014633178711 0.0152706000953912735 100
0.438003987073898315 -0.255104005336761475 0.0153782004490494728 100
0.438019007444381714 -0.257946014404296875 0.0153283998370170593 100
0.436022013425827026 -0.258875995874404907 0.0155910998582839966 100
0.435030996799468994 -0.260749012231826782 0.0156964007765054703 100
0.433034986257553101 -0.261631995439529419 0.0159581005573272705 100
0.431037008762359619 -0.262484997510910034 0.0162192992866039276 100
0.430045992136001587 -0.264315992593765259 0.0163222998380661011 100
0.429055005311965942 -0.266139000654220581 0.016424400731921196 100
0.427058011293411255 -0.26693001389503479 0.0166836008429527283 100
0.426066011190414429 -0.268730014562606812 0.0167839005589485168 100
0.425074994564056396 -0.2705250084400177 0.0168830994516611099 100
0.423076987266540527 -0.271254986524581909 0.017139999195933342 100
0.422086000442504883 -0.273030012845993042 0.0172371994704008102 100
0.421094000339508057 -0.274800002574920654 0.0173332002013921738 100
0.419095993041992188 -0.275474011898040771 0.0175873991101980209 100
0.41911199688911438 -0.278331011533737183 0.0175212007015943527 100
0.418119996786117554 -0.280093014240264893 0.0176130998879671097 100
0.417129009962081909 -0.281854003667831421 0.0177036002278327942 100
0.41714400053024292 -0.284752994775772095 0.01763170026242733 100
0.415145993232727051 -0.285374999046325684 0.0178795997053384781 100
0.413147002458572388 -0.285975009202957153 0.0181262996047735214 100
0.35850900411605835 0.219804003834724426 0.0239502992480993271 100
0.360509991645812988 0.219815999269485474 0.0236680004745721817 100
0.362511992454528809 0.219798997044563293 0.0233853999525308609 100
0.363519012928009033 0.218652993440628052 0.0232758000493049622 100
0.364524990320205688 0.217500999569892883 0.0231653004884719849 100
0.366526991128921509 0.217418000102043152 0.0228810999542474747 100
0.368528991937637329 0.217304006218910217 0.0225965008139610291 100
0.370532006025314331 0.217160001397132874 0.0223117005079984665 100
0.372534006834030151 0.216985002160072327 0.0220267996191978455 100
0.374536991119384766 0.216780006885528564 0.0217416007071733475 100
0.376540005207061768 0.216544002294540405 0.0214562006294727325 100
0.378542989492416382 0.216277003288269043 0.0211705993860960007 100
0.381541997194290161 0.216978996992111206 0.02071399986743927 100
0.383545011281967163 0.216638997197151184 0.0204284004867076874 100
0.385549008846282959 0.216268002986907959 0.0201427005231380463 100
0.387551993131637573 0.215865999460220337 0.0198568999767303467 100
0.389555990695953369 0.215432003140449524 0.0195709001272916794 100
0.391559988260269165 0.214966997504234314 0.0192847996950149536 100
0.393563985824584961 0.214470997452735901 0.0189986992627382278 100
0.395568996667861938 0.213942006230354309 0.0187123995274305344 100
0.397572994232177734 0.213383004069328308 0.0184260997921228409 100
0.399578005075454712 0.212790995836257935 0.0181396994739770889 100
0.401582986116409302 0.212167993187904358 0.0178532004356384277 100
0.403587996959686279 0.21151299774646759 0.0175666008144617081 100
0.406589001417160034 0.211700007319450378 0.0171118993312120438 100
0.408594995737075806 0.21097099781036377 0.0168254002928733826 100
0.411597013473510742 0.211064994335174561 0.0163710992783308029 100
0.414599001407623291 0.211107000708580017 0.0159172005951404572 100
0.415609002113342285 0.209427997469902039 0.0157981999218463898 100
0.418610990047454834 0.209384992718696594 0.0153446001932024956 100
0.420617997646331787 0.208477005362510681 0.0150581998750567436 100
0.423620998859405518 0.208341002464294434 0.0146049000322818756 100
0.42662501335144043 0.208152994513511658 0.0141519997268915176 100
0.42962801456451416 0.207912996411323547 0.013699299655854702 100
0.432631999254226685 0.20762200653553009 0.013247000053524971 100
0.435636997222900391 0.207278996706008911 0.0127948997542262077 100
0.437644004821777344 0.206128999590873718 0.0125089995563030243 100
0.441646009683609009 0.206438004970550537 0.0118915000930428505 100
0.443654000759124756 0.205204993486404419 0.0116056995466351509 100
0.447656989097595215 0.205392003059387207 0.0109890997409820557 100
0.450661987066268921 0.204791992902755737 0.0105381999164819717 100
0.453667998313903809 0.204141005873680115 0.010087599977850914 100
0.456674009561538696 0.20343799889087677 0.00963716022670269012 100
0.459681004285812378 0.202684000134468079 0.00918690022081136703 100
0.463685005903244019 0.202556997537612915 0.00857221987098455429 100
0.467689990997314453 0.202359005808830261 0.00795799028128385544 100
0.470696985721588135 0.201433002948760986 0.00750858988612890244 100
0.474702000617980957 0.201104998588562012 0.00689511978998780251 100
0.478707998991012573 0.200707003474235535 0.00628205994144082069 100
0.482713013887405396 0.200239002704620361 0.00566942989826202393 100
0.486719995737075806 0.199700996279716492 0.00505717983469367027 100
0.490725994110107422 0.19909299910068512 0.00444531021639704704 100
0.495730996131896973 0.199018001556396484 0.00367024005390703678 100
0.500735998153686523 0.198853999376296997 0.00289578991942107677 100
0.505742013454437256 0.198602005839347839 0.00212188996374607086 100
0.509750008583068848 0.197687998414039612 0.00151172000914812088 100
0.514756977558135986 0.19726899266242981 0.000738796021323651075 100
0.517767012119293213 0.195654004812240601 0.000292187993181869388 100
0.520779013633728027 0.193988993763923645 -0.000154394001583568752 100
0.525785982608795166 0.193343997001647949 -0.000926323991734534502 100
0.530673027038574219 0.0204856991767883301 -0.000233002007007598877 100
0.510801970958709717 -0.201688006520271301 0.00239341007545590401 100
0.497768014669418335 -0.197190001606941223 0.00445711007341742516 100
0.493768006563186646 -0.197898998856544495 0.00507128005847334862 100
0.492779999971389771 -0.200381994247436523 0.00520147988572716713 100
0.489782989025115967 -0.20160500705242157 0.00565407006070017815 100
0.486786991357803345 -0.202775999903678894 0.006106560118496418 100
0.484793990850448608 -0.204540997743606567 0.00639733998104929924 100
0.482802003622055054 -0.20627400279045105 0.00668781017884612083 100
0.481813013553619385 -0.208636999130249023 0.00681617017835378647 100
0.479820013046264648 -0.21031700074672699 0.00710598006844520569 100
0.478830993175506592 -0.212645992636680603 0.007233430165797472 100
0.476837992668151855 -0.214272007346153259 0.00752258999273180962 100
0.474844992160797119 -0.215865999460220337 0.00781146017834544182 100
0.472851008176803589 -0.217429995536804199 0.00810005981475114822 100
0.470856994390487671 -0.218961000442504883 0.00838837027549743652 100
0.467858999967575073 -0.219732001423835754 0.00883909035474061966 100
0.465864986181259155 -0.221191003918647766 0.00912696961313486099 100
0.463869988918304443 -0.222618997097015381 0.00941461045295000076 100
0.461876004934310913 -0.224015995860099792 0.00970197003334760666 100
0.459881007671356201 -0.225382000207901001 0.00998905021697282791 100
0.458891004323959351 -0.227494999766349792 0.0101124998182058334 100
0.457902014255523682 -0.229597002267837524 0.0102354995906352997 100
0.455906987190246582 -0.230889007449150085 0.0105215003713965416 100
0.45391198992729187 -0.23215000331401825 0.0108072003349661827 100
0.452921003103256226 -0.234199002385139465 0.0109286997467279434 100
0.451930999755859375 -0.236237004399299622 0.0110496003180742264 100
0.449936002492904663 -0.237425997853279114 0.0113342003896832466 100
0.44793999195098877 -0.238583996891975403 0.0116183999925851822 100
0.446949988603591919 -0.240569993853569031 0.0117378002032637596 100
0.446965008974075317 -0.243414998054504395 0.0116918999701738358 100
0.444968998432159424 -0.244512006640434265 0.0119746997952461243 100
0.443978011608123779 -0.246467992663383484 0.0120921004563570023 100
0.44399300217628479 -0.249313995242118835 0.012043599970638752 100
0.443001985549926758 -0.251260995864868164 0.0121595002710819244 100
0.441006004810333252 -0.252279013395309448 0.0124401003122329712 100
0.44001498818397522 -0.254197001457214355 0.012554599903523922 100
0.439024001359939575 -0.25610700249671936 0.0126684000715613365 100
0.438033014535903931 -0.258008003234863281 0.0127812996506690979 100
0.436037003993988037 -0.258938997983932495 0.0130596999078989029 100
0.43404000997543335 -0.259840995073318481 0.0133376000449061394 100
0.433048993349075317 -0.261696994304656982 0.013448299840092659 100
0.432056993246078491 -0.263545989990234375 0.0135580999776721001 100
0.430059999227523804 -0.264382988214492798 0.013834100216627121 100
0.429069012403488159 -0.266207993030548096 0.0139421997591853142 100
0.428077995777130127 -0.268025994300842285 0.0140490997582674026 100
0.427087008953094482 -0.269838988780975342 0.0141550004482269287 100
0.426095008850097656 -0.271645992994308472 0.0142598003149032593 100
0.425103992223739624 -0.273447990417480469 0.0143633997067809105 100
0.423106014728546143 -0.27417600154876709 0.0146343996748328209 100
0.42211499810218811 -0.275959014892578125 0.0147355999797582626 100
0.420116990804672241 -0.276645004749298096 0.0150047000497579575 100
0.419124990701675415 -0.278411000967025757 0.0151035003364086151 100
0.418134003877639771 -0.280175000429153442 0.0152008002623915672 100
0.417142003774642944 -0.281937003135681152 0.0152963995933532715 100
0.416150987148284912 -0.283699989318847656 0.015390399843454361 100
0.415158987045288086 -0.285463005304336548 0.0154827004298567772 100
0.414168000221252441 -0.287227004766464233 0.0155729996040463448 100
0.358518987894058228 0.219864994287490845 0.0220809001475572586 100
0.360520005226135254 0.219874992966651917 0.021782800555229187 100
0.362522006034851074 0.219857007265090942 0.0214843004941940308 100
0.362533003091812134 0.217610999941825867 0.021551499143242836 100
0.365530997514724731 0.218643993139266968 0.0210688002407550812 100
0.366537988185882568 0.217472001910209656 0.0209513008594512939 100
0.368539988994598389 0.217357993125915527 0.0206508003175258636 100
0.371538013219833374 0.218266993761062622 0.0201682001352310181 100
0.372545003890991211 0.217037007212638855 0.0200488995760679245 100
0.374547988176345825 0.216830998659133911 0.0197477005422115326 100
0.376551002264022827 0.216594994068145752 0.0194461997598409653 100
0.378553986549377441 0.216326996684074402 0.0191446002572774887 100
0.381552994251251221 0.217028006911277771 0.0186624005436897278 100
0.383556008338928223 0.216688007116317749 0.0183607004582881927 100
0.385560005903244019 0.216315999627113342 0.0180588997900485992 100
0.387564003467559814 0.215912997722625732 0.017756899818778038 100
0.38956800103187561 0.215479001402854919 0.0174547005444765091 100
0.391571998596191406 0.215012997388839722 0.0171524994075298309 100
0.393575996160507202 0.214515998959541321 0.0168501995503902435 100
0.39558100700378418 0.213986992835998535 0.0165477003902196884 100
0.397585004568099976 0.213425993919372559 0.0162451993674039841 100
0.399589985609054565 0.212834000587463379 0.0159425996243953705 100
0.401594996452331543 0.212209999561309814 0.0156398992985486984 100
0.403600007295608521 0.211555004119873047 0.0153371002525091171 100
0.40560498833656311 0.210867002606391907 0.0150341996923089027 100
0.408607006072998047 0.211013004183769226 0.0145540004596114159 100
0.410613000392913818 0.210251003503799438 0.0142513001337647438 100
0.413614988327026367 0.210302993655204773 0.0137716000899672508 100
0.415621012449264526 0.209466993808746338 0.0134688997641205788 100
0.417627006769180298 0.2085999995470047 0.0131660997867584229 100
0.420630991458892822 0.20851600170135498 0.0126870004460215569 100
0.423633992671966553 0.208379000425338745 0.0122082000598311424 100
0.426638007164001465 0.208191007375717163 0.0117298001423478127 100
0.428645014762878418 0.207166001200675964 0.0114273000508546829 100
0.431648999452590942 0.206883996725082397 0.0109492000192403793 100
0.435649991035461426 0.207315996289253235 0.0102962004020810127 100
0.437658011913299561 0.206165999174118042 0.00999400019645690918 100
0.440663009881973267 0.205728992819786072 0.00951678026467561722 100
0.443668007850646973 0.205240994691848755 0.00903979968279600143 100
0.446673989295959473 0.204702004790306091 0.00856310036033391953 100
0.449678987264633179 0.204110994935035706 0.00808660965412855148 100
0.452684998512268066 0.203468993306159973 0.00761034991592168808 100
0.456689000129699707 0.203473001718521118 0.0069602099247276783 100
0.458698004484176636 0.202031001448631287 0.0066584697924554348 100
0.462702006101608276 0.201912999153137207 0.00600903015583753586 100
0.466706991195678711 0.201725006103515625 0.00536009995266795158 100
0.470712006092071533 0.201465994119644165 0.00471162004396319389 100
0.474716991186141968 0.201138004660606384 0.00406358018517494202 100
0.477724999189376831 0.20010000467300415 0.00358921010047197342 100
0.481730997562408447 0.199641004204750061 0.00294187990948557854 100
0.485738009214401245 0.199112996459007263 0.00229497998952865601 100
0.489744991064071655 0.198514997959136963 0.00164846004918217659 100
0.4927540123462677 0.197245001792907715 0.00117495004087686539 100
0.497759014368057251 0.197109997272491455 0.000356514006853103638 100
0.502764999866485596 0.196885004639625549 -0.000461321993498131633 100
0.508768975734710693 0.197145998477935791 -0.00145080999936908484 100
0.513831973075866699 -0.203492000699043274 -0.00124659005086869001 100
0.502803981304168701 -0.200213000178337097 0.000592643977142870426 100
0.496796011924743652 -0.199757993221282959 0.00158150005154311657 100
0.49380001425743103 -0.201040998101234436 0.00205946993082761765 100
0.491807997226715088 -0.202897995710372925 0.00236678007058799267 100
0.489816009998321533 -0.204723000526428223 0.00267375004477798939 100
0.487823009490966797 -0.206515997648239136 0.00298042991198599339 100
0.486835002899169922 -0.208930999040603638 0.00311591988429427147 100
0.485846996307373047 -0.211334004998207092 0.00325086992233991623 100
0.484858006238937378 -0.213724002242088318 0.00338531006127595901 100
0.48487401008605957 -0.216784000396728516 0.00334796006791293621 100
0.481876999139785767 -0.21777699887752533 0.00382388988509774208 100
0.483902007341384888 -0.222223997116088867 0.00344241992570459843 100
0.48090401291847229 -0.223164007067680359 0.0039176098071038723 100
0.474891990423202515 -0.221891999244689941 0.00490794004872441292 100
0.470887988805770874 -0.221972003579139709 0.00555528979748487473 100
0.469898998737335205 -0.224200993776321411 0.00568688986822962761 100
0.467905014753341675 -0.225668996572494507 0.00599006004631519318 100
0.464906007051467896 -0.226346001029014587 0.00646519986912608147 100
0.463916003704071045 -0.228511005640029907 0.00659553008154034615 100
0.461921006441116333 -0.229884997010231018 0.00689780991524457932 100
0.460931986570358276 -0.232017993927001953 0.00702711986377835274 100
0.458936989307403564 -0.233339995145797729 0.00732866022735834122 100
0.457946985960006714 -0.235440999269485474 0.00745688006281852722 100
0.455951988697052002 -0.236710995435714722 0.00775766000151634216 100
0.453956007957458496 -0.237950995564460754 0.00805811956524848938 100
0.452966004610061646 -0.23999999463558197 0.00818475987762212753 100
0.449965000152587891 -0.240338996052742004 0.00865804962813854218 100
0.447970002889633179 -0.241486996412277222 0.00895752012729644775 100
0.446978986263275146 -0.243474006652832031 0.0090826796367764473 100
0.445989012718200684 -0.245451003313064575 0.00920713040977716446 100
0.443991988897323608 -0.246527999639511108 0.00950521975755691528 100
0.444007009267807007 -0.249375000596046448 0.00945386011153459549 100
0.442010998725891113 -0.250413000583648682 0.00975084025412797928 100
0.441020011901855469 -0.252341002225875854 0.00987248029559850693 100
0.439024001359939575 -0.253329992294311523 0.0101683996617794037 100
0.438033014535903931 -0.25523000955581665 0.0102887004613876343 100
0.437041997909545898 -0.257122009992599487 0.0104080000892281532 100
0.436051011085510254 -0.259005993604660034 0.0105264997109770775 100
0.435059994459152222 -0.260881990194320679 0.0106440000236034393 100
0.434069007635116577 -0.262749999761581421 0.010760599747300148 100
0.433077991008758545 -0.264611005783081055 0.0108762001618742943 100
0.4320870041847229 -0.26646500825881958 0.0109908003360033035 100
0.431095004081726074 -0.268312990665435791 0.0111042996868491173 100
0.430103987455368042 -0.270153999328613281 0.0112167000770568848 100
0.428106993436813354 -0.270951986312866211 0.0115053001791238785 100
0.426108986139297485 -0.271721988916397095 0.0117931999266147614 100
0.425117999315261841 -0.273526012897491455 0.0119024999439716339 100
0.423119992017745972 -0.27425500750541687 0.0121886003762483597 100
0.422127991914749146 -0.276039004325866699 0.0122955003753304482 100
0.421137005090713501 -0.277821004390716553 0.0124009000137448311 100
0.420145988464355469 -0.279599994421005249 0.0125046996399760246 100
0.419153988361358643 -0.28137698769569397 0.0126069998368620872 100
0.418163001537322998 -0.283152997493743896 0.0127076003700494766 100
0.417171001434326172 -0.284929007291793823 0.0128063997253775597 100
0.417187005281448364 -0.287858009338378906 0.0127229997888207436 100
0.415188997983932495 -0.28848499059677124 0.0129982000216841698 100
0.358529001474380493 0.219927996397018433 0.0202096998691558838 100
0.360529989004135132 0.219937995076179504 0.019895799458026886 100
0.361537009477615356 0.218807995319366455 0.0197745002806186676 100
0.363539010286331177 0.218769997358322144 0.0194592997431755066 100
0.364546000957489014 0.217614993453025818 0.0193361006677150726 100
0.366548001766204834 0.217529997229576111 0.0190198998898267746 100
0.369545996189117432 0.218480005860328674 0.0185116995126008987 100
0.371547996997833252 0.218323007225990295 0.018195299431681633 100
0.372554987668991089 0.217092007398605347 0.0180695001035928726 100
0.374558001756668091 0.216885000467300415 0.0177522003650665283 100
0.376560986042022705 0.216647997498512268 0.0174346994608640671 100
0.378565013408660889 0.21637900173664093 0.0171169005334377289 100
0.380567997694015503 0.216079995036125183 0.016798999160528183 100
0.383567005395889282 0.216738998889923096 0.0162914004176855087 100
0.385571002960205078 0.216365993022918701 0.0159734003245830536 100
0.387575000524520874 0.215963006019592285 0.01565529964864254 100
0.38957899808883667 0.215527996420860291 0.0153369996696710587 100
0.391582995653152466 0.215060994029045105 0.0150186000391840935 100
0.393588006496429443 0.214562997221946716 0.0147000998258590698 100
0.395592004060745239 0.214034005999565125 0.0143814999610185623 100
0.397596985101699829 0.213473007082939148 0.014062800444662571 100
0.399601995944976807 0.212880000472068787 0.0137438997626304626 100
0.401607006788253784 0.212255001068115234 0.013425000011920929 100
0.403611987829208374 0.211599007248878479 0.0131059996783733368 100
0.405616998672485352 0.210911005735397339 0.0127868996933102608 100
0.407622992992401123 0.210190996527671814 0.0124677000567317009 100
0.41062501072883606 0.210293993353843689 0.0119620999321341515 100
0.41362801194190979 0.210345000028610229 0.0114569002762436867 100
0.415634006261825562 0.209509000182151794 0.0111378999426960945 100
0.417640000581741333 0.208642005920410156 0.0108188996091485023 100
0.420643001794815063 0.208556994795799255 0.0103142997249960899 100
0.423646986484527588 0.20841999351978302 0.00980996992439031601 100
0.425653994083404541 0.207436993718147278 0.00949109997600317001 100
0.428658008575439453 0.207205995917320251 0.00898723956197500229 100
0.431661993265151978 0.206924006342887878 0.00848369020968675613 100
0.434666991233825684 0.206589996814727783 0.00798042025417089462 100
0.436673998832702637 0.205449000000953674 0.00766177009791135788 100
0.440676987171173096 0.205768004059791565 0.00697473017498850822 100
0.443681985139846802 0.205278992652893066 0.0064722900278866291 100
0.446687996387481689 0.204740002751350403 0.00597009994089603424 100
0.448695987462997437 0.203431993722915649 0.00565175013616681099 100
0.452699989080429077 0.203505992889404297 0.00496640987694263458 100
0.455706000328063965 0.20281200110912323 0.00446488987654447556 100
0.458712995052337646 0.202067002654075623 0.00396359013393521309 100
0.461719989776611328 0.201270997524261475 0.00346249993890523911 100
0.464727014303207397 0.20042400062084198 0.0029615799430757761 100
0.468731999397277832 0.200185000896453857 0.00227821990847587585 100
0.472737014293670654 0.199874997138977051 0.00159531994722783566 100
0.476743012666702271 0.199495002627372742 0.000912868010345846415 100
0.479752004146575928 0.198415994644165039 0.000413055007811635733 100
0.482760012149810791 0.19728599488735199 -8.66456975927576423e-05 100
0.485769003629684448 0.196105003356933594 -0.000586246023885905743 100
0.489775985479354858 0.195473998785018921 -0.00126746995374560356 100
0.370530009269714355 0.0242781005799770355 0.0214986000210046768 100
0.370539009571075439 0.0224514994770288467 0.0215066000819206238 100
0.370548009872436523 0.0206255000084638596 0.0215141996741294861 100
0.370557993650436401 0.0187999997287988663 0.0215214993804693222 100
0.370566993951797485 0.0169750005006790161 0.0215284004807472229 100
0.370577007532119751 0.0151503998786211014 0.0215349998325109482 100
0.371587008237838745 0.0133913001045584679 0.0213642995804548264 100
0.370595008134841919 0.0115024000406265259 0.0215470995754003525 100
0.495808988809585571 -0.199199005961418152 -0.00124681997112929821 100
0.49180901050567627 -0.199857994914054871 -0.000563775014597922564 100
0.489816009998321533 -0.201695993542671204 -0.000240028006373904645 100
0.487823992967605591 -0.203501999378204346 8.34122984088025987e-05 100
0.485830992460250854 -0.205276995897293091 0.000406539998948574066 100
0.484842985868453979 -0.207673996686935425 0.000549310003407299519 100
0.483853995800018311 -0.210058003664016724 0.000691542983986437321 100
0.48487401008605957 -0.213773995637893677 0.000472680985694751143 100
0.482881009578704834 -0.215470999479293823 0.000793934974353760481 100
0.482897013425827026 -0.218519002199172974 0.000753842992708086967 100
0.485926985740661621 -0.223679006099700928 0.000170967992744408548 100
0.494985014200210571 -0.233169004321098328 -0.00149831001181155443 100
0.486124008893966675 -0.26134800910949707 -0.000396516988985240459 100
0.482120007276535034 -0.261229991912841797 0.000280003005173057318 100
0.478114992380142212 -0.261043012142181396 0.000956794014200568199 100
0.475115001201629639 -0.261635005474090576 0.00145086995325982571 100
0.466082990169525146 -0.257019996643066406 0.00304365996271371841 100
0.456043004989624023 -0.251363009214401245 0.00482187001034617424 100
0.450024992227554321 -0.24903300404548645 0.00586867006495594978 100
0.450040996074676514 -0.251931995153427124 0.00581440003588795662 100
0.44804498553276062 -0.253042012453079224 0.00612672977149486542 100
0.446047991514205933 -0.254121005535125732 0.00643863994628190994 100
0.445057988166809082 -0.25609201192855835 0.00656581996008753777 100
0.443060994148254395 -0.257122993469238281 0.00687664002180099487 100
0.441065013408660889 -0.258123993873596191 0.00718700001016259193 100
0.440073996782302856 -0.260048985481262207 0.0073119201697409153 100
0.438077002763748169 -0.261002004146575928 0.00762106012552976608 100
0.437085986137390137 -0.262899994850158691 0.00774428015574812889 100
0.436094999313354492 -0.264791011810302734 0.00786648970097303391 100
0.435104012489318848 -0.266674995422363281 0.00798763986676931381 100
0.434112995862960815 -0.268552005290985107 0.00810769014060497284 100
0.433122009038925171 -0.270422011613845825 0.00822659954428672791 100
0.431124985218048096 -0.271259009838104248 0.00853096041828393936 100
0.429127007722854614 -0.272069007158279419 0.00883456040173768997 100
0.427130013704299927 -0.272852003574371338 0.00913746003061532974 100
0.426138013601303101 -0.274668991565704346 0.00925210956484079361 100
0.424140006303787231 -0.275409013032913208 0.00955308973789215088 100
0.423148989677429199 -0.277206987142562866 0.00966516043990850449 100
0.421151012182235718 -0.277907997369766235 0.00996403023600578308 100
0.420159012079238892 -0.279689013957977295 0.0100733004510402679 100
0.420174986124038696 -0.282584995031356812 0.00999181997030973434 100
0.41918298602104187 -0.284375011920928955 0.0100972000509500504 100
0.418191999197006226 -0.286164999008178711 0.0102006997913122177 100
0.417201012372970581 -0.287954986095428467 0.0103021999821066856 100
0.41520199179649353 -0.288585007190704346 0.0105918999761343002 100
0.358538985252380371 0.219996005296707153 0.0183368008583784103 100
0.360540986061096191 0.22000400722026825 0.0180070996284484863 100
0.362542003393173218 0.219982996582984924 0.0176768992096185684 100
0.363548994064331055 0.218833997845649719 0.0175484996289014816 100
0.364556014537811279 0.217676997184753418 0.0174189992249011993 100
0.366557985544204712 0.217591002583503723 0.0170868001878261566 100
0.368560999631881714 0.217473998665809631 0.0167542994022369385 100
0.370563000440597534 0.217326998710632324 0.0164215005934238434 100
0.372566014528274536 0.217150002717971802 0.0160884000360965729 100
0.37456899881362915 0.216941997408866882 0.0157551001757383347 100
0.376572012901306152 0.216703996062278748 0.0154215004295110703 100
0.378574997186660767 0.216434001922607422 0.015087599866092205 100
0.380578994750976562 0.216133996844291687 0.014753599651157856 100
0.382582008838653564 0.215802997350692749 0.0144194001331925392 100
0.385582000017166138 0.216418996453285217 0.0138862999156117439 100
0.386590003967285156 0.215046003460884094 0.0137505000457167625 100
0.389589995145797729 0.215579003095626831 0.0132176997140049934 100
0.391595005989074707 0.215112000703811646 0.012883099727332592 100
0.393599003553390503 0.214613005518913269 0.0125484000891447067 100
0.394607007503509521 0.213155999779701233 0.0124110002070665359 100
0.396611988544464111 0.212604999542236328 0.0120758004486560822 100
0.398616999387741089 0.212022006511688232 0.0117405001074075699 100
0.400622010231018066 0.211407005786895752 0.0114051001146435738 100
0.403623998165130615 0.211646005511283875 0.0108733000233769417 100
0.405629009008407593 0.210957005620002747 0.0105379996821284294 100
0.407635003328323364 0.210236996412277222 0.0102025000378489494 100
0.409640997648239136 0.209484994411468506 0.00986704044044017792 100
0.412642985582351685 0.20954500138759613 0.00933603011071681976 100
0.414649993181228638 0.208719000220298767 0.00900059007108211517 100
0.417652994394302368 0.208685994148254395 0.00847007986158132553 100
0.41965898871421814 0.207784995436668396 0.00813469011336565018 100
0.422663003206253052 0.207657992839813232 0.00760465022176504135 100
0.425666987895965576 0.207479000091552734 0.00707494001835584641 100
0.428671002388000488 0.207248002290725708 0.00654555996879935265 100
0.430678009986877441 0.206191003322601318 0.00621043005958199501 100
0.434680014848709106 0.206631004810333252 0.00548770977184176445 100
0.436688005924224854 0.205489993095397949 0.00515276985242962837 100
0.43969300389289856 0.205063000321388245 0.00462439004331827164 100
0.44269898533821106 0.204584002494812012 0.00409625004976987839 100
0.445704013109207153 0.20405299961566925 0.00356837990693747997 100
0.448709994554519653 0.203471004962921143 0.00304077006876468658 100
0.451716005802154541 0.202838003635406494 0.00251338002271950245 100
0.454723000526428223 0.202153995633125305 0.00198624003678560257 100
0.456732004880905151 0.200730994343757629 0.00165158999152481556 100
0.460736989974975586 0.200630992650985718 0.000932561990339308977 100
0.462745994329452515 0.199125006794929504 0.000597983016632497311 100
0.466751992702484131 0.198905006051063538 -0.000120343000162392855 100
0.469758987426757812 0.197964996099472046 -0.0006465190090239048 100
0.473764985799789429 0.197613000869750977 -0.0013640399556607008 100
0.370530009269714355 0.0261067003011703491 0.0196579005569219589 100
0.370539993047714233 0.0242791008204221725 0.0196663998067378998 100
0.370548993349075317 0.0224520992487668991 0.0196745991706848145 100
0.371558994054794312 0.0207263994961977005 0.0194965004920959473 100
0.370568007230758667 0.0187998991459608078 0.0196899008005857468 100
0.370577007532119751 0.0169746000319719315 0.0196969993412494659 100
0.370586991310119629 0.0151497004553675652 0.0197036992758512497 100
0.370595991611480713 0.0133250998333096504 0.0197100993245840073 100
0.370604991912841797 0.0115008996799588203 0.0197161007672548294 100
0.369614005088806152 0.00962985958904027939 0.0199074000120162964 100
0.479867994785308838 -0.210464000701904297 -0.00149461999535560608 100
0.477874994277954102 -0.212112993001937866 -0.00115652999375015497 100
0.476886004209518433 -0.21442200243473053 -0.00100846996065229177 100
0.474891990423202515 -0.216018006205558777 -0.00067117100115865469 100
0.472898006439208984 -0.217583000659942627 -0.000334170006681233644 100
0.470903992652893066 -0.219116002321243286 2.51402002504619304e-06 100
0.468910008668899536 -0.220617994666099548 0.000338880985509604216 100
0.466915994882583618 -0.222088992595672607 0.000674929004162549973 100
0.465925991535186768 -0.224279001355171204 0.000820116023533046246 100
0.464935988187789917 -0.226456001400947571 0.00096469302661716938 100
0.463946998119354248 -0.228623002767562866 0.00110860995482653379 100
0.462956994771957397 -0.23077799379825592 0.00125190999824553728 100
0.461966991424560547 -0.232922002673149109 0.00139453995507210493 100
0.460976988077163696 -0.235054999589920044 0.00153649004641920328 100
0.463225990533828735 -0.28203698992729187 0.000270235002972185612 100
0.459219008684158325 -0.281307011842727661 0.000978691969066858292 100
0.453197985887527466 -0.278558999300003052 0.00207709008827805519 100
0.448184013366699219 -0.276683002710342407 0.00298170000314712524 100
0.443168014287948608 -0.274715006351470947 0.00388712994754314423 100
0.440165013074874878 -0.27466699481010437 0.00440220022574067116 100
0.436154991388320923 -0.273553997278213501 0.00511296000331640244 100
0.433151990175247192 -0.273396998643875122 0.00562791991978883743 100
0.432161003351211548 -0.275269001722335815 0.00574983982369303703 100
0.430162996053695679 -0.276086002588272095 0.00606707995757460594 100
0.42816498875617981 -0.276876002550125122 0.00638346979394555092 100
0.427174001932144165 -0.278712987899780273 0.00650164997205138206 100
0.426182985305786133 -0.280546009540557861 0.00661827018484473228 100
0.425191998481750488 -0.282375991344451904 0.00673322984948754311 100
0.424201011657714844 -0.284204989671707153 0.00684644980356097221 100
0.423209011554718018 -0.286031991243362427 0.00695784995332360268 100
0.422217994928359985 -0.2878589928150177 0.00706729991361498833 100
0.422233998775482178 -0.290827006101608276 0.00697541981935501099 100
0.419229000806808472 -0.290363013744354248 0.00747966999188065529 100
0.417230010032653809 -0.291018009185791016 0.00778307998552918434 100
0.358548998832702637 0.220066994428634644 0.0164618995040655136 100
0.360550999641418457 0.220073997974395752 0.0161164999008178711 100
0.362553000450134277 0.220052003860473633 0.0157703999429941177 100
0.36355900764465332 0.218900993466377258 0.0156357996165752411 100
0.364565998315811157 0.217742994427680969 0.0154999997466802597 100
0.366567999124526978 0.217655003070831299 0.0151519002392888069 100
0.368571013212203979 0.217537000775337219 0.0148034002631902695 100
0.370573997497558594 0.217389002442359924 0.0144546004012227058 100
0.372577011585235596 0.21721099317073822 0.0141054997220635414 100
0.37457999587059021 0.217002004384994507 0.0137561000883579254 100
0.376583009958267212 0.216763004660606384 0.0134065002202987671 100
0.378585994243621826 0.216492995619773865 0.013056599535048008 100
0.380589991807937622 0.216190993785858154 0.0127064995467662811 100
0.382593005895614624 0.215858995914459229 0.0123562002554535866 100
0.38459700345993042 0.2154960036277771 0.0120056997984647751 100
0.386601001024246216 0.215101003646850586 0.0116550000384449959 100
0.388606011867523193 0.214674994349479675 0.0113041996955871582 100
0.390610009431838989 0.214218005537986755 0.0109532000496983528 100
0.392614006996154785 0.213728994131088257 0.010602099820971489 100
0.394618988037109375 0.213208004832267761 0.0102508002892136574 100
0.396623998880386353 0.212656006217002869 0.00989941973239183426 100
0.39862900972366333 0.212071999907493591 0.00954793021082878113 100
0.40063399076461792 0.211456999182701111 0.00919632986187934875 100
0.402639001607894897 0.210810005664825439 0.00884460005909204483 100
0.405640989542007446 0.211006000638008118 0.00828734971582889557 100
0.407647013664245605 0.210284993052482605 0.00793568976223468781 100
0.409653007984161377 0.209531992673873901 0.00758391991257667542 100
0.412656009197235107 0.209591999650001526 0.00702734990045428276 100
0.414662003517150879 0.208765000104904175 0.00667564989998936653 100
0.41666799783706665 0.207907006144523621 0.00632384978234767914 100
0.419672012329101562 0.207830995321273804 0.00576790980994701385 100
0.421678990125656128 0.206898003816604614 0.00541615020483732224 100
0.42468300461769104 0.206728994846343994 0.00486068986356258392 100
0.427686989307403564 0.206506997346878052 0.00430556014180183411 100
0.430691987276077271 0.206233993172645569 0.00375075009651482105 100
0.433696001768112183 0.205909997224807739 0.00319623993709683418 100
0.436700999736785889 0.205532997846603394 0.00264204991981387138 100
0.439707010984420776 0.205105006694793701 0.00208811997435986996 100
0.441715002059936523 0.203889995813369751 0.00173688994254916906 100
0.444721013307571411 0.203369006514549255 0.00118333997670561075 100
0.446729004383087158 0.202079996466636658 0.000832033983897417784 100
0.44973599910736084 0.201464995741844177 0.000278797000646591187 100
0.452742010354995728 0.200800001621246338 -0.000274205987807363272 100
0.455749005079269409 0.20008300244808197 -0.000826995994430035353 100
0.456761002540588379 0.197959005832672119 -0.000976974028162658215 100
0.370539993047714233 0.0261083003133535385 0.0178244002163410187 100
0.371549993753433228 0.0243987999856472015 0.0176382008939981461 100
0.370559006929397583 0.0224530007690191269 0.0178415998816490173 100
0.371569007635116577 0.0207269005477428436 0.0176547002047300339 100
0.371578991413116455 0.0188916996121406555 0.0176624003797769547 100
0.370586991310119629 0.0169743001461029053 0.0178644992411136627 100
0.370597004890441895 0.0151490001007914543 0.0178712997585535049 100
0.370606005191802979 0.0133240995928645134 0.017877800390124321 100
0.370615005493164062 0.0114995995536446571 0.0178839005529880524 100
0.37062498927116394 0.00967530999332666397 0.0178896002471446991 100
0.461952000856399536 -0.227143004536628723 -0.00123741000425070524 100
0.459957003593444824 -0.228498995304107666 -0.000886738009285181761 100
0.459971994161605835 -0.231404006481170654 -0.000937324017286300659 100
0.457976996898651123 -0.232718005776405334 -0.000587645976338535547 100
0.455981999635696411 -0.234001994132995605 -0.000238328997511416674 100
0.454991012811660767 -0.236074000597000122 -9.03702020877972245e-05 100
0.452995985746383667 -0.237305000424385071 0.000258059997577220201 100
0.452006012201309204 -0.23934599757194519 0.000404736987547948956 100
0.451014995574951172 -0.241376996040344238 0.000550644006580114365 100
0.451029986143112183 -0.24425700306892395 0.00049401202704757452 100
0.45004001259803772 -0.246277004480361938 0.000638137978967279196 100
0.449048995971679688 -0.248288005590438843 0.000781447975896298885 100
0.450069993734359741 -0.252070009708404541 0.000519095978233963251 100
0.449079990386962891 -0.254081994295120239 0.000660252990201115608 100
0.447084009647369385 -0.255172997713088989 0.00100334000308066607 100
0.448105007410049438 -0.259000003337860107 0.000736726971808820963 100
0.448119997978210449 -0.261927992105484009 0.000671526999212801456 100
0.456232011318206787 -0.281565010547637939 -0.00123893003910779953 100
0.449205011129379272 -0.277750998735427856 0.000117650000902358443 100
0.454252004623413086 -0.285750985145568848 -0.000981613993644714355 100
0.452255994081497192 -0.286828994750976562 -0.000649859022814780474 100
0.452271997928619385 -0.289914995431900024 -0.000729665975086390972 100
0.449268996715545654 -0.289932996034622192 -0.00019454100402072072 100
0.447272986173629761 -0.290942996740341187 0.000134297995828092098 100
0.446281999349594116 -0.292977005243301392 0.000255888997344300151 100
0.444285988807678223 -0.293945997953414917 0.000582433014642447233 100
0.442288994789123535 -0.294889986515045166 0.000907870009541511536 100
0.438277989625930786 -0.293642997741699219 0.00164658995345234871 100
0.438293993473052979 -0.29670599102973938 0.00155527994502335787 100
0.436296999454498291 -0.297578990459442139 0.00187709997408092022 100
0.431279003620147705 -0.295074999332427979 0.00282231997698545456 100
0.428274005651473999 -0.29473799467086792 0.00335106998682022095 100
0.425269007682800293 -0.294355988502502441 0.00387911009602248669 100
0.422264009714126587 -0.293929010629653931 0.00440633995458483696 100
0.418251007795333862 -0.292293012142181396 0.00514250993728637695 100
0.358559012413024902 0.220142006874084473 0.0145850004628300667 100
0.360561013221740723 0.220146998763084412 0.014223800040781498 100
0.361566990613937378 0.219012007117271423 0.0140838995575904846 100
0.363568991422653198 0.218970999121665955 0.013721199706196785 100
0.364576011896133423 0.21781100332736969 0.0135791003704071045 100
0.366578996181488037 0.217721998691558838 0.0132151003926992416 100
0.368580996990203857 0.217602998018264771 0.0128506999462842941 100
0.370584011077880859 0.217454001307487488 0.0124858999624848366 100
0.372586995363235474 0.217274993658065796 0.0121208000928163528 100
0.373593986034393311 0.2160319983959198 0.0119746001437306404 100
0.375598013401031494 0.215801998972892761 0.0116085996851325035 100
0.378596991300582886 0.216554000973701477 0.0110237002372741699 100
0.380600988864898682 0.216251000761985779 0.0106576001271605492 100
0.382604002952575684 0.215918004512786865 0.0102912001311779022 100
0.383612006902694702 0.214573994278907776 0.010142199695110321 100
0.386613011360168457 0.215158998966217041 0.00955773983150720596 100
0.387620985507965088 0.213772997260093689 0.0094077596440911293 100
0.390621006488800049 0.214274004101753235 0.00882362015545368195 100
0.391629010438919067 0.212845996022224426 0.00867273006588220596 100
0.393633991479873657 0.212335005402565002 0.00830500014126300812 100
0.395639002323150635 0.211793005466461182 0.00793713983148336411 100
0.398640990257263184 0.212125003337860107 0.00735356984660029411 100
0.400646001100540161 0.211509004235267639 0.00698575004935264587 100
0.402651011943817139 0.210860997438430786 0.00661779986694455147 100
0.40465700626373291 0.21018199622631073 0.00624975981190800667 100
0.407658994197845459 0.210335999727249146 0.00566706014797091484 100
0.40966498851776123 0.209582000970840454 0.00529904989525675774 100
0.41167101263999939 0.208795994520187378 0.00493093999102711678 100
0.414674997329711914 0.208813995122909546 0.00434892997145652771 100
0.416680991649627686 0.207955002784729004 0.00398084986954927444 100
0.418687999248504639 0.207064002752304077 0.0036126899067312479 100
0.421692013740539551 0.20694500207901001 0.00303130992688238621 100
0.424695998430252075 0.20677599310874939 0.0024502899032086134 100
0.427700012922286987 0.206553995609283447 0.00186961004510521889 100
0.429708003997802734 0.205504998564720154 0.00150170002598315477 100
0.43271300196647644 0.20518900454044342 0.000921458005905151367 100
0.434720009565353394 0.204067006707191467 0.000553533027414232492 100
0.436728000640869141 0.202912002801895142 0.00018549700325820595 100
0.438737004995346069 0.201725006103515625 -0.000182635994860902429 100
0.441742002964019775 0.201232999563217163 -0.000762310985010117292 100
0.444748014211654663 0.200689002871513367 -0.00134173000697046518 100
0.370550990104675293 0.0261100996285676956 0.0159898009151220322 100
0.370559990406036377 0.0242817997932434082 0.0159987993538379669 100
0.370568990707397461 0.0224540997296571732 0.0160073991864919662 100
0.370579004287719727 0.0206269007176160812 0.0160156004130840302 100
0.370588004589080811 0.0188002996146678925 0.0160233993083238602 100
0.370597004890441895 0.0169741995632648468 0.0160307995975017548 100
0.369605988264083862 0.0150746004655957222 0.0162415001541376114 100
0.370615988969802856 0.0133231999352574348 0.0160444006323814392 100
0.37062498927116394 0.0114983003586530685 0.0160505995154380798 100
0.369634002447128296 0.00962645001709461212 0.0162599999457597733 100
0.447023004293441772 -0.24088500440120697 -0.00131286995019763708 100
0.447037994861602783 -0.243735998868942261 -0.001372730010189116 100
0.447052985429763794 -0.246598005294799805 -0.00143388996366411448 100
0.445055991411209106 -0.247687995433807373 -0.00107280001975595951 100
0.444065988063812256 -0.249650001525878906 -0.00092418998247012496 100
0.443075001239776611 -0.251601994037628174 -0.00077647302532568574 100
0.442084014415740967 -0.253545999526977539 -0.000629742979072034359 100
0.441092997789382935 -0.255479991436004639 -0.000483996991533786058 100
0.439096003770828247 -0.256462991237640381 -0.000126320999697782099 100
0.438104987144470215 -0.258370012044906616 1.76075991475954652e-05 100
0.43711400032043457 -0.260269999504089355 0.000160426003276370466 100
0.435117006301879883 -0.261186987161636353 0.00051587400957942009 100
0.434125989675521851 -0.263060003519058228 0.000656672986224293709 100
0.433135002851486206 -0.264926999807357788 0.000796235981397330761 100
0.433149993419647217 -0.267792999744415283 0.000719952979125082493 100
0.432159006595611572 -0.269657999277114868 0.000856643018778413534 100
0.432173997163772583 -0.272545009851455688 0.000776784028857946396 100
0.432188987731933594 -0.275447994470596313 0.000694845977704972029 100
0.431198000907897949 -0.277319014072418213 0.000826569972559809685 100
0.430207014083862305 -0.279184997081756592 0.000956685980781912804 100
0.430222988128662109 -0.282119989395141602 0.00086866400670260191 100
0.430238008499145508 -0.285075008869171143 0.000778192013967782259 100
0.4302540123462677 -0.288049995899200439 0.000685142003931105137 100
0.431277006864547729 -0.292154014110565186 0.000371884001651778817 100
0.432300001382827759 -0.296301990747451782 5.50350014236755669e-05 100
0.429295003414154053 -0.29597899317741394 0.000607568013947457075 100
0.428305000066757202 -0.297892987728118896 0.000721929012797772884 100
0.433357000350952148 -0.306728005409240723 -0.000480793998576700687 100
0.358568012714385986 0.220219999551773071 0.0127061000093817711 100
0.359575003385543823 0.219099998474121094 0.0125610996037721634 100
0.361577004194259644 0.219087004661560059 0.0121830999851226807 100
0.36258399486541748 0.217942997813224792 0.0120356995612382889 100
0.364585995674133301 0.217883005738258362 0.0116561995819211006 100
0.366589009761810303 0.217793002724647522 0.0112763000652194023 100
0.36759600043296814 0.216606006026268005 0.0111258001998066902 100
0.369599014520645142 0.216465994715690613 0.0107447002083063126 100
0.371601998805999756 0.216297000646591187 0.0103633003309369087 100
0.373605012893676758 0.216096997261047363 0.0099814804270863533 100
0.375607997179031372 0.215866997838020325 0.00959940999746322632 100
0.377611994743347168 0.215605005621910095 0.00921704992651939392 100
0.37961500883102417 0.215313002467155457 0.0088344598188996315 100
0.381619006395339966 0.214990004897117615 0.00845162011682987213 100
0.383623003959655762 0.214634999632835388 0.00806856993585824966 100
0.385627001523971558 0.214248999953269958 0.00768533023074269295 100
0.387632012367248535 0.213832005858421326 0.00730188982561230659 100
0.389636009931564331 0.213384002447128296 0.00691829994320869446 100
0.391640990972518921 0.212904006242752075 0.00653452984988689423 100
0.393646001815795898 0.21239200234413147 0.00615060003474354744 100
0.395651012659072876 0.211849004030227661 0.00576653005555272102 100
0.397655993700027466 0.211273998022079468 0.00538233015686273575 100
0.399661004543304443 0.210667997598648071 0.00499801989644765854 100
0.402662992477416992 0.21091499924659729 0.00438915984705090523 100
0.404668986797332764 0.210234999656677246 0.00400485983118414879 100
0.406675010919570923 0.209523007273674011 0.00362045993097126484 100
0.409678012132644653 0.209634006023406982 0.00301232002675533295 100
0.411684006452560425 0.208847999572753906 0.00262794992886483669 100
0.413690000772476196 0.208030000329017639 0.00224347994662821293 100
0.416693985462188721 0.208004996180534363 0.00163601001258939505 100
0.41870000958442688 0.207112997770309448 0.00125156005378812551 100
0.420706987380981445 0.206190004944801331 0.000867003982421010733 100
0.423711985349655151 0.206028997898101807 0.000260181986959651113 100
0.425718992948532104 0.20503099262714386 -0.000124348996905609965 100
0.427726000547409058 0.204000994563102722 -0.000508988974615931511 100
0.429733991622924805 0.202940002083778381 -0.000893748016096651554 100
0.432738989591598511 0.202601999044418335 -0.00149990001227706671 100
0.370561003684997559 0.0261122006922960281 0.0141538996249437332 100
0.370570003986358643 0.0242833998054265976 0.0141631001606583595 100
0.370579004287719727 0.0224552992731332779 0.014171999879181385 100
0.371589004993438721 0.0207283999770879745 0.0139675997197628021 100
0.370597988367080688 0.0188008006662130356 0.0141882998868823051 100
0.370606988668441772 0.0169741995632648468 0.0141959004104137421 100
0.370617002248764038 0.0151481004431843758 0.0142029998824000359 100
0.370626002550125122 0.013322499580681324 0.0142098003998398781 100
0.370635986328125 0.0114970998838543892 0.0142160998657345772 100
0.369643986225128174 0.0096248602494597435 0.0144346002489328384 100
0.430191010236740112 -0.273463994264602661 -0.00138622999656945467 100
0.430206000804901123 -0.276365995407104492 -0.00147368002217262983 100
0.429215013980865479 -0.278223007917404175 -0.00133773998823016882 100
0.427217006683349609 -0.279002994298934937 -0.000977506046183407307 100
0.426225006580352783 -0.280842989683151245 -0.000844813010189682245 100
0.425233989953994751 -0.282680004835128784 -0.000714019988663494587 100
0.424243003129959106 -0.28451499342918396 -0.000585291010793298483 100
0.422244995832443237 -0.28523099422454834 -0.000231123995035886765 100
0.422259986400604248 -0.288183987140655518 -0.000334348005708307028 100
0.420262008905410767 -0.288877993822097778 1.59928003995446488e-05 100
0.420278012752532959 -0.291855990886688232 -9.29831003304570913e-05 100
0.417272001504898071 -0.291364997625350952 0.000482303992612287402 100
0.358577996492385864 0.220302000641822815 0.0108249001204967499 100
0.359584987163543701 0.219180002808570862 0.0106739001348614693 100
0.361586987972259521 0.219164997339248657 0.0102800996974110603 100
0.362594008445739746 0.218020007014274597 0.0101265003904700279 100
0.363600999116897583 0.216867998242378235 0.00997150968760251999 100
0.365602999925613403 0.216787993907928467 0.00957528036087751389 100
0.367606014013290405 0.216677993535995483 0.00917861983180046082 100
0.36960899829864502 0.216536998748779297 0.00878154020756483078 100
0.371612012386322021 0.216367006301879883 0.00838407967239618301 100
0.372619986534118652 0.215131998062133789 0.00822462979704141617 100
0.374623000621795654 0.214910998940467834 0.0078261401504278183 100
0.376626014709472656 0.214659005403518677 0.0074273901991546154 100
0.379626005887985229 0.215378999710083008 0.00679111992940306664 100
0.380634009838104248 0.214063003659248352 0.00662908004596829414 100
0.382638007402420044 0.213718995451927185 0.00622957991436123848 100
0.385639011859893799 0.214312002062797546 0.00559365004301071167 100
0.387643009424209595 0.213893994688987732 0.00519408006221055984 100
0.389647990465164185 0.213444992899894714 0.00479430984705686569 100
0.39165198802947998 0.212963998317718506 0.00439437013119459152 100
0.393656998872756958 0.2124519944190979 0.00399427022784948349 100
0.395662009716033936 0.211907997727394104 0.00359400990419089794 100
0.397666990756988525 0.211331993341445923 0.00319360010325908661 100
0.399673014879226685 0.210724994540214539 0.00279303989373147488 100
0.401677995920181274 0.210086002945899963 0.00239237002097070217 100
0.404680997133255005 0.210290998220443726 0.00175805005710572004 100
0.406686991453170776 0.209577992558479309 0.00135739997494965792 100
0.408692985773086548 0.208832994103431702 0.000956626026891171932 100
0.410699009895324707 0.208056002855300903 0.000555729027837514877 100
0.412705987691879272 0.207248002290725708 0.000154712994117289782 100
0.414712011814117432 0.20640699565410614 -0.000246395997237414122 100
0.416718989610671997 0.205533996224403381 -0.000647625012788921595 100
0.41872599720954895 0.204630002379417419 -0.00104895001277327538 100
0.370570987462997437 0.0261144991964101791 0.0123167997226119041 100
0.370579987764358521 0.0242852997034788132 0.0123263001441955566 100
0.371589988470077515 0.0225662998855113983 0.0121135003864765167 100
0.371598988771438599 0.0207294002175331116 0.0121221002191305161 100
0.371609002351760864 0.0188931003212928772 0.0121302995830774307 100
0.370617002248764038 0.0169744007289409637 0.0123597998172044754 100
0.370626986026763916 0.0151479002088308334 0.0123669998720288277 100
0.370635986328125 0.0133218001574277878 0.0123739000409841537 100
0.370645999908447266 0.0114959999918937683 0.0123803000897169113 100
0.369653999805450439 0.00962335988879203796 0.0126077998429536819 100
0.357592999935150146 0.219251006841659546 0.00919318012893199921 100
0.359595000743865967 0.219263002276420593 0.00878435000777244568 100
0.360601991415023804 0.218134000897407532 0.00862571969628334045 100
0.361607998609542847 0.216997995972633362 0.00846554990857839584 100
0.363611012697219849 0.216946005821228027 0.00805395003408193588 100
0.364618003368377686 0.215785995125770569 0.00789135973900556564 100
0.3666209876537323 0.215684995055198669 0.00747834984213113785 100
0.369619995355606079 0.216611996293067932 0.00681619998067617416 100
0.370626986026763916 0.215394005179405212 0.00665108021348714828 100
0.372630000114440918 0.215203002095222473 0.00623688986524939537 100
0.374633997678756714 0.214981004595756531 0.00582238007336854935 100
0.376637011766433716 0.214728996157646179 0.00540756015107035637 100
0.378641009330749512 0.214444994926452637 0.00499245012179017067 100
0.380645006895065308 0.214130997657775879 0.00457707000896334648 100
0.383644998073577881 0.214764997363090515 0.00391541002318263054 100
0.384653002023696899 0.213407993316650391 0.00374561990611255169 100
0.387654006481170654 0.213958993554115295 0.00308420998044312 100
0.388662010431289673 0.212559998035430908 0.00291333999484777451 100
0.390666991472244263 0.212089002132415771 0.0024969000369310379 100
0.39267200231552124 0.21158599853515625 0.00208029011264443398 100
0.394677013158798218 0.211051002144813538 0.00166352000087499619 100
0.396681994199752808 0.210484996438026428 0.00124660995788872242 100
0.398687988519668579 0.209886997938156128 0.000829521974083036184 100
0.400692999362945557 0.209258005023002625 0.000412322988267987967 100
0.402698993682861328 0.208596006035804749 -5.01734984936774708e-06 100
0.405701994895935059 0.208768993616104126 -0.000665072991978377104 100
0.406711012125015259 0.207177996635437012 -0.000840082007925957441 100
0.40871700644493103 0.206421002745628357 -0.00125779001973569393 100
0.370581001043319702 0.0261170007288455963 0.0104783996939659119 100
0.370590001344680786 0.0242874007672071457 0.0104881003499031067 100
0.37059900164604187 0.0224584005773067474 0.0104972999542951584 100
0.370608985424041748 0.0206300001591444016 0.0105061000213027 100
0.371618986129760742 0.018893800675868988 0.0102837998420000076 100
0.370627999305725098 0.0169747006148099899 0.0105223003774881363 100
0.370636999607086182 0.015147799625992775 0.0105296997353434563 100
0.370645999908447266 0.0133212003856897354 0.0105366995558142662 100
0.369655013084411621 0.0114390002563595772 0.0107738003134727478 100
0.369664013385772705 0.00962193962186574936 0.0107797998934984207 100
0.35760200023651123 0.219339996576309204 0.00731693999841809273 100
0.358608990907669067 0.218226000666618347 0.00715349987149238586 100
0.360612004995346069 0.218218997120857239 0.0067277899943292141 100
0.361618012189865112 0.217080995440483093 0.00656150979921221733 100
0.362625002861022949 0.215937003493309021 0.00639369012787938118 100
0.364627987146377563 0.215865001082420349 0.00596523983404040337 100
0.366631001234054565 0.21576400101184845 0.00553630990907549858 100
0.369630008935928345 0.216689005494117737 0.00484863994643092155 100
0.370636999607086182 0.215470001101493835 0.00467714015394449234 100
0.372640997171401978 0.215277999639511108 0.00424693990498781204 100
0.374644011259078979 0.215055003762245178 0.00381641997955739498 100
0.376648008823394775 0.214800998568534851 0.00338555010966956615 100
0.378652006387710571 0.214515998959541321 0.00295438989996910095 100
0.380656003952026367 0.214201003313064575 0.00252294004894793034 100
0.382660001516342163 0.213853999972343445 0.002091200090944767 100
0.384663999080657959 0.213476002216339111 0.00165925000328570604 100
0.386669009923934937 0.213066995143890381 0.00122705998364835978 100
0.388673990964889526 0.212625995278358459 0.000794637016952037811 100
0.390679001808166504 0.212154000997543335 0.000362044986104592681 100
0.391687005758285522 0.210721999406814575 0.00018307000573258847 100
0.393691986799240112 0.210197001695632935 -0.000250226003117859364 100
0.39569699764251709 0.209640994668006897 -0.000683685997501015663 100
0.39670601487159729 0.208155006170272827 -0.000864428002387285233 100
0.398712009191513062 0.207544997334480286 -0.00129848998039960861 100
0.370591014623641968 0.0261198002845048904 0.00863865017890930176 100
0.370599985122680664 0.0242896992713212967 0.00864855013787746429 100
0.37060999870300293 0.022460300475358963 0.00865800026804208755 100
0.370618999004364014 0.0206314008682966232 0.00866696983575820923 100
0.370627999305725098 0.0188030991703271866 0.00867548026144504547 100
0.370638012886047363 0.0169751998037099838 0.0086835203692317009 100
0.370647013187408447 0.015147799625992775 0.00869109015911817551 100
0.370656013488769531 0.0133207999169826508 0.00869819987565279007 100
0.369664996862411499 0.011438099667429924 0.00894432980567216873 100
0.368672996759414673 0.00957342982292175293 0.00918992981314659119 100
0.357612013816833496 0.219432994723320007 0.0054382001981139183 100
0.358619004487991333 0.218316003680229187 0.00526882009580731392 100
0.360621005296707153 0.218308001756668091 0.00482738995924592018 100
0.36162799596786499 0.21716800332069397 0.00465503986924886703 100
0.362634986639022827 0.216021999716758728 0.00448107998818159103 100
0.364638000726699829 0.215948998928070068 0.00403677020221948624 100
0.366641014814376831 0.215845003724098206 0.00359194003976881504 100
0.368643999099731445 0.215711995959281921 0.00314665003679692745 100
0.370647996664047241 0.215549007058143616 0.0027008899487555027 100
0.372651010751724243 0.215354993939399719 0.00225473009049892426 100
0.374655008316040039 0.215130999684333801 0.00180819001980125904 100
0.376659005880355835 0.214875996112823486 0.00136128999292850494 100
0.378663003444671631 0.214589998126029968 0.000914073025342077017 100
0.379669994115829468 0.213282003998756409 0.000731967971660196781 100
0.381675004959106445 0.21294499933719635 0.00028377099079079926 100
0.383679002523422241 0.212576001882553101 -0.000164679993758909404 100
0.385684013366699219 0.212176993489265442 -0.000613364973105490208 100
0.387688010931015015 0.211746007204055786 -0.0010622700210660696 100
0.388696998357772827 0.210344001650810242 -0.00124779995530843735 100
0.370600998401641846 0.0261227991431951523 0.00679747993126511574 100
0.37060999870300293 0.0242922008037567139 0.00680762017145752907 100
0.370620012283325195 0.0224622990936040878 0.00681727007031440735 100
0.370629012584686279 0.0206330008804798126 0.00682643987238407135 100
0.371639013290405273 0.0188958998769521713 0.00658651022240519524 100
0.370647996664047241 0.0169757995754480362 0.0068433200940489769 100
0.370656996965408325 0.0151479998603463173 0.0068510398268699646 100
0.370665997266769409 0.0133205000311136246 0.00685827992856502533 100
0.369675010442733765 0.0114372996613383293 0.0071134897880256176 100
0.368683010339736938 0.00957217998802661896 0.00736817019060254097 100
0.356626003980636597 0.21839199960231781 0.00383783993311226368 100
0.358628988265991211 0.218410000205039978 0.00338153005577623844 100
0.360630989074707031 0.218400001525878906 0.0029244499746710062 100
0.361638009548187256 0.21725800633430481 0.00274606002494692802 100
0.362645000219345093 0.216110005974769592 0.00256597995758056641 100
0.364648014307022095 0.216034993529319763 0.00210584001615643501 100
0.366650998592376709 0.215929999947547913 0.00164515001233667135 100
0.368654996156692505 0.215795993804931641 0.00118392996955662966 100
0.370658010244369507 0.215630993247032166 0.000722237979061901569 100
0.372662007808685303 0.215435996651649475 0.000260111992247402668 100
0.37366899847984314 0.214185997843742371 7.3779097874648869e-05 100
0.374677002429962158 0.212926998734474182 -0.000113775997306220233 100
0.376680999994277954 0.212660998106002808 -0.000577873026486486197 100
0.37868499755859375 0.212365001440048218 -0.00104225997347384691 100
0.371612012386322021 0.0262534990906715393 0.00469704996794462204 100
0.371621012687683105 0.0244134999811649323 0.00470747984945774078 100
0.370629996061325073 0.0224645007401704788 0.00497508002445101738 100
0.371639996767044067 0.0207353997975587845 0.00472678989171981812 100
0.370647996664047241 0.0188053995370864868 0.00499329017475247383 100
0.370658010244369507 0.0169766005128622055 0.00500165997073054314 100
0.370667010545730591 0.0151482000946998596 0.00500951986759901047 100
0.371677994728088379 0.0133851999416947365 0.00475940993055701256 100
0.370685994625091553 0.0114925997331738472 0.00502374023199081421 100
0.369693994522094727 0.00961812958121299744 0.00528750987723469734 100
0.356635987758636475 0.218492001295089722 0.00196346989832818508 100
0.358639001846313477 0.218508005142211914 0.0014915600186213851 100
0.360641002655029297 0.218495994806289673 0.00101880996953696012 100
0.360651999711990356 0.216249004006385803 0.00112359004560858011 100
0.362655013799667358 0.21620100736618042 0.000648287008516490459 100
0.364657998085021973 0.216124996542930603 0.000172325002495199442 100
0.36566498875617981 0.214948996901512146 -1.65786004799883813e-05 100
0.367668986320495605 0.21482500433921814 -0.000494149979203939438 100
0.369672000408172607 0.214670002460479736 -0.000972223002463579178 100
0.370680004358291626 0.213448002934455872 -0.00116452004294842482 100
0.37262299656867981 0.0263844002038240433 0.00257713999599218369 100
0.371630996465682983 0.0244165007025003433 0.00285458005964756012 100
0.371641010046005249 0.0225766003131866455 0.00286470004357397556 100
0.371650010347366333 0.0207372996956110001 0.0028742901049554348 100
0.371659994125366211 0.0188986007124185562 0.00288338004611432552 100
0.370667994022369385 0.0169775001704692841 0.00315848994068801403 100
0.370676994323730469 0.0151487002149224281 0.00316650001332163811 100
0.370687007904052734 0.0133202001452445984 0.00317397993057966232 100
0.370696008205413818 0.0114919999614357948 0.00318095996044576168 100
0.370705008506774902 0.00966417044401168823 0.00318742007948458195 100
0.35664600133895874 0.218595996499061584 8.62031010910868645e-05 100
0.357652992010116577 0.217482998967170715 -0.000101229001302272081 100
0.359654992818832397 0.21748100221157074 -0.000590177020058035851 100
0.359665989875793457 0.215241998434066772 -0.0004821699985768646 100
0.361669003963470459 0.215204000473022461 -0.00097375502809882164 100
0.363671988248825073 0.215137004852294922 -0.0014660500455647707 100
0.372633010149002075 0.0263881999999284744 0.000713414978235960007 100
0.371641010046005249 0.0244196001440286636 0.00100008002482354641 100
0.372651994228363037 0.0226888991892337799 0.000734738016035407782 100
0.372660994529724121 0.0208400990813970566 0.000744584016501903534 100
0.371670007705688477 0.0189002007246017456 0.00102949002757668495 100
0.371679008007049561 0.0170613992959260941 0.00103822001256048679 100
0.371688991785049438 0.0152230998501181602 0.0010464000515639782 100
0.371697992086410522 0.0133851999416947365 0.00105405005160719156 100
0.371706992387771606 0.0115475999191403389 0.00106118002440780401 100
0.371717005968093872 0.00971028022468090057 0.00106775003951042891 100
0.354663997888565063 0.216425999999046326 -0.00117324001621454954 100
0.3556709885597229 0.215333998203277588 -0.00136766000650823116 100
0.372642993927001953 0.0263921003788709641 -0.0011519499821588397 100
0.371652007102966309 0.0244231000542640686 -0.000856040976941585541 100
0.372662007808685303 0.0226917006075382233 -0.00113015994429588318 100
0.371670007705688477 0.0207417998462915421 -0.000835477025248110294 100
0.371679991483688354 0.0189020000398159027 -0.000826037023216485977 100
0.371688991785049438 0.017062600702047348 -0.000817137013655155897 100
0.371699005365371704 0.0152238002046942711 -0.000808804004918783903 100
0.371708005666732788 0.0133852995932102203 -0.000801026006229221821 100
0.371717989444732666 0.0115472003817558289 -0.000793805986177176237 100
0.37272799015045166 0.00975647009909152985 -0.00107152003329247236 100
