ply
format ascii 1.0
element vertex 2672
property float x
property float y
property float z
property float intensity
end_header
0.365756988525390625 0.232261002063751221 0.149533003568649292 100
0.367752999067306519 0.232115998864173889 0.15026499330997467 100
0.369749993085861206 0.231946006417274475 0.150998994708061218 100
0.370754987001419067 0.230636999011039734 0.151283994317054749 100
0.372752994298934937 0.230426996946334839 0.152024000883102417 100
0.374749988317489624 0.230191007256507874 0.152765005826950073 100
0.376747012138366699 0.229928001761436462 0.153509005904197693 100
0.378744989633560181 0.229637995362281799 0.1542540043592453 100
0.380742013454437256 0.229319006204605103 0.155000999569892883 100
0.382739990949630737 0.22897300124168396 0.155748993158340454 100
0.384737998247146606 0.22859799861907959 0.156498998403549194 100
0.387728005647659302 0.229218006134033203 0.157695993781089783 100
0.389726012945175171 0.228773996233940125 0.158446997404098511 100
0.391725003719329834 0.228302001953125 0.159199997782707214 100
0.393723011016845703 0.227799996733665466 0.159953996539115906 100
0.396714001893997192 0.228248000144958496 0.161153003573417664 100
0.398712992668151855 0.22767600417137146 0.161908999085426331 100
0.401704996824264526 0.228033006191253662 0.163108006119728088 100
0.403703987598419189 0.227390006184577942 0.163865000009536743 100
0.40669599175453186 0.227654993534088135 0.165064007043838501 100
0.408695995807647705 0.226942002773284912 0.165822997689247131 100
0.412681013345718384 0.228029996156692505 0.167463004589080811 100
0.415674000978469849 0.228139996528625488 0.168661996722221375 100
0.418666988611221313 0.228199005126953125 0.169861003756523132 100
0.42066800594329834 0.227322995662689209 0.17062099277973175 100
0.423662006855010986 0.22729000449180603 0.171819999814033508 100
0.426656007766723633 0.227204993367195129 0.173020005226135254 100
0.428656011819839478 0.22621600329875946 0.17378099262714386 100
0.431650996208190918 0.226040005683898926 0.174979999661445618 100
0.434646010398864746 0.225812003016471863 0.176180005073547363 100
0.436646997928619385 0.224710002541542053 0.176942005753517151 100
0.439642012119293213 0.224390000104904175 0.178141996264457703 100
0.443630993366241455 0.224821999669075012 0.179776996374130249 100
0.447620987892150879 0.225182995200157166 0.181410998106002808 100
0.36477699875831604 0.230929002165794373 0.147058993577957153 100
0.366773992776870728 0.230800002813339233 0.14777800440788269 100
0.369762003421783447 0.231771007180213928 0.148940995335578918 100
0.369776010513305664 0.229352995753288269 0.148780003190040588 100
0.371773004531860352 0.229157999157905579 0.149505004286766052 100
0.373769998550415039 0.228937000036239624 0.150232002139091492 100
0.376758992671966553 0.229766994714736938 0.15140099823474884 100
0.377764999866485596 0.228412002325057983 0.151692003011703491 100
0.380755007266998291 0.229164004325866699 0.152862995862960815 100
0.382752001285552979 0.228819996118545532 0.153595998883247375 100
0.383758008480072021 0.227414995431900024 0.153892993927001953 100
0.386747986078262329 0.228046998381614685 0.155065998435020447 100
0.38874700665473938 0.227616995573043823 0.155802994966506958 100
0.391737997531890869 0.228158995509147644 0.156975999474525452 100
0.393736004829406738 0.22765900194644928 0.157713994383811951 100
0.396728008985519409 0.228109002113342285 0.158887997269630432 100
0.398725986480712891 0.227539002895355225 0.159628003835678101 100
0.400725990533828735 0.226938992738723755 0.160368993878364563 100
0.403717994689941406 0.22725600004196167 0.161542996764183044 100
0.405716985464096069 0.226585999131202698 0.162285000085830688 100
0.40870898962020874 0.226811006665229797 0.163460001349449158 100
0.411702007055282593 0.226983994245529175 0.164634004235267639 100
0.413702011108398438 0.226200997829437256 0.165378004312515259 100
0.417688995599746704 0.22717699408531189 0.166981995105743408 100
0.420682013034820557 0.227195993065834045 0.16815599799156189 100
0.422683000564575195 0.226291000843048096 0.168900996446609497 100
0.425677001476287842 0.226218000054359436 0.170074999332427979 100
0.42767798900604248 0.225241005420684814 0.170820996165275574 100
0.429679006338119507 0.224233001470565796 0.171568006277084351 100
0.432673990726470947 0.224025994539260864 0.172741994261741638 100
0.434675008058547974 0.222946003079414368 0.173490002751350403 100
0.439657002687454224 0.224272996187210083 0.175518006086349487 100
0.442653000354766846 0.223903000354766846 0.176691994071006775 100
0.445648998022079468 0.223481997847557068 0.177865996956825256 100
0.364789009094238281 0.23075200617313385 0.145044997334480286 100
0.365794003009796143 0.229490995407104492 0.145316004753112793 100
0.368782997131347656 0.230477005243301392 0.146455004811286926 100
0.369787991046905518 0.229187995195388794 0.146731004118919373 100
0.371785014867782593 0.228997007012367249 0.14744199812412262 100
0.37378200888633728 0.22877800464630127 0.148154005408287048 100
0.375779986381530762 0.228532999753952026 0.148867994546890259 100
0.377777010202407837 0.228259995579719543 0.149583995342254639 100
0.379774987697601318 0.227957993745803833 0.150300994515419006 100
0.381772994995117188 0.227627992630004883 0.151019006967544556 100
0.383771002292633057 0.227270007133483887 0.151739001274108887 100
0.386761009693145752 0.227904006838798523 0.152886003255844116 100
0.388758987188339233 0.227476000785827637 0.153607994318008423 100
0.39175000786781311 0.228018999099731445 0.154754996299743652 100
0.393748998641967773 0.227522000670433044 0.155478000640869141 100
0.395747989416122437 0.226995006203651428 0.156202003359794617 100
0.398739993572235107 0.227404996752738953 0.157351002097129822 100
0.400739014148712158 0.226806998252868652 0.158076003193855286 100
0.403730988502502441 0.227126002311706543 0.159225001931190491 100
0.405730009078979492 0.226456999778747559 0.15995199978351593 100
0.407730013132095337 0.225758001208305359 0.16067899763584137 100
0.410723000764846802 0.225942999124526978 0.161828994750976562 100
0.413715988397598267 0.22607700526714325 0.162977993488311768 100
0.416709005832672119 0.226159006357192993 0.164127007126808167 100
0.419703006744384766 0.226190000772476196 0.165276005864143372 100
0.422697007656097412 0.226170003414154053 0.166424006223678589 100
0.425691008567810059 0.226098001003265381 0.167573004961013794 100
0.427691996097564697 0.225122004747390747 0.168302997946739197 100
0.429693013429641724 0.224114999175071716 0.169034004211425781 100
0.432687997817993164 0.223910003900527954 0.170183002948760986 100
0.434689998626708984 0.222830995917320251 0.170913994312286377 100
0.438679009675979614 0.22334599494934082 0.172481000423431396 100
0.442667990922927856 0.223789006471633911 0.174045994877815247 100
0.445663988590240479 0.223369002342224121 0.175193995237350464 100
0.363808989524841309 0.229433000087738037 0.142611995339393616 100
0.365806013345718384 0.229323998093605042 0.143301993608474731 100
0.368795007467269897 0.230312004685401917 0.144416004419326782 100
0.368808001279830933 0.22791600227355957 0.144265994429588318 100
0.371796995401382446 0.228839993476867676 0.145383000373840332 100
0.372801989316940308 0.227535992860794067 0.145659998059272766 100
0.374799996614456177 0.227304995059967041 0.146359995007514954 100
0.376796990633010864 0.227044999599456787 0.147061005234718323 100
0.378794997930526733 0.226758003234863281 0.147762998938560486 100
0.380793005228042603 0.226441994309425354 0.148467004299163818 100
0.383783012628555298 0.227128997445106506 0.149589002132415771 100
0.385780990123748779 0.226743996143341064 0.150294005870819092 100
0.388772010803222656 0.227338999509811401 0.151417002081871033 100
0.391763001680374146 0.227883994579315186 0.152538999915122986 100
0.393761992454528809 0.227387994527816772 0.15324699878692627 100
0.395761013031005859 0.226862996816635132 0.153954997658729553 100
0.397760003805160522 0.226308003067970276 0.154663994908332825 100
0.400752007961273193 0.226678997278213501 0.155788004398345947 100
0.402750998735427856 0.226052999496459961 0.156498000025749207 100
0.404751002788543701 0.225397005677223206 0.157210007309913635 100
0.406751006841659546 0.224710002541542053 0.15792199969291687 100
0.409743010997772217 0.224906995892524719 0.159045994281768799 100
0.411743998527526855 0.224148005247116089 0.159758999943733215 100
0.415729999542236328 0.225145995616912842 0.16129399836063385 100
0.418724000453948975 0.225188001990318298 0.162417992949485779 100
0.421718001365661621 0.225179001688957214 0.163542002439498901 100
0.425704985857009888 0.225980997085571289 0.165075004100799561 100
0.427706986665725708 0.225005999207496643 0.165788993239402771 100
0.429708003997802734 0.224001005291938782 0.166503995656967163 100
0.432702988386154175 0.223796993494033813 0.167627006769180298 100
0.434704989194869995 0.222718998789787292 0.168342992663383484 100
0.438694000244140625 0.223233997821807861 0.169873997569084167 100
0.441689014434814453 0.222875997424125671 0.170996993780136108 100
0.445679008960723877 0.223259001970291138 0.172527000308036804 100
0.449669003486633301 0.223570004105567932 0.1740570068359375 100
0.36382099986076355 0.229267999529838562 0.140617996454238892 100
0.365817993879318237 0.22916199266910553 0.141293004155158997 100
0.367814987897872925 0.229029998183250427 0.141969993710517883 100
0.368820011615753174 0.227761000394821167 0.142236992716789246 100
0.370817005634307861 0.227587997913360596 0.142918005585670471 100
0.372813999652862549 0.227386996150016785 0.143601000308990479 100
0.374812006950378418 0.227158993482589722 0.144284993410110474 100
0.376809000968933105 0.226901993155479431 0.144970998167991638 100
0.378807008266448975 0.226616993546485901 0.145658001303672791 100
0.380804985761642456 0.226302996277809143 0.146346002817153931 100
0.382802993059158325 0.225960001349449158 0.147036001086235046 100
0.385794013738632202 0.226609006524085999 0.148132994771003723 100
0.387791991233825684 0.226197004318237305 0.148824006319046021 100
0.390783011913299561 0.226752996444702148 0.149921000003814697 100
0.392782002687454224 0.226271003484725952 0.150613993406295776 100
0.395774006843566895 0.226735994219779968 0.151712000370025635 100
0.398766010999679565 0.22714899480342865 0.152810007333755493 100
0.400765001773834229 0.226555004715919495 0.153503000736236572 100
0.402765005826950073 0.225930005311965942 0.154198005795478821 100
0.405757009983062744 0.22620999813079834 0.155295997858047485 100
0.407757014036178589 0.225513994693756104 0.155992001295089722 100
0.409756988286972046 0.224787995219230652 0.156689003109931946 100
0.412750005722045898 0.224933996796607971 0.15778699517250061 100
0.414750993251800537 0.224135994911193848 0.158484995365142822 100
0.418738007545471191 0.225071996450424194 0.159983992576599121 100
0.42073899507522583 0.224191993474960327 0.160681992769241333 100
0.424726009368896484 0.225005000829696655 0.162181004881858826 100
0.427720993757247925 0.224894002079963684 0.16327899694442749 100
0.429722011089324951 0.223890006542205811 0.163976997137069702 100
0.432716995477676392 0.223685994744300842 0.165075004100799561 100
0.434718996286392212 0.222609996795654297 0.165775001049041748 100
0.437714993953704834 0.222314000129699707 0.166872993111610413 100
0.442698001861572266 0.223570004105567932 0.168767005205154419 100
0.445693999528884888 0.223151996731758118 0.169863998889923096 100
0.449685007333755493 0.223462998867034912 0.171358004212379456 100
0.363831996917724609 0.22910800576210022 0.138628005981445312 100
0.365828990936279297 0.229004994034767151 0.139287993311882019 100
0.367826998233795166 0.228876993060112 0.139950007200241089 100
0.368831992149353027 0.227612003684043884 0.140211999416351318 100
0.370828986167907715 0.227440997958183289 0.140878006815910339 100
0.37282600998878479 0.227243006229400635 0.141545996069908142 100
0.374823987483978271 0.227017000317573547 0.142214998602867126 100
0.376821994781494141 0.22676299512386322 0.142884999513626099 100
0.378818988800048828 0.226481005549430847 0.143556997179985046 100
0.380816996097564697 0.226169005036354065 0.144228994846343994 100
0.38281598687171936 0.225828006863594055 0.144903004169464111 100
0.384813994169235229 0.225457996129989624 0.145577996969223022 100
0.387805014848709106 0.226068004965782166 0.146650999784469604 100
0.390796005725860596 0.226625993847846985 0.147723004221916199 100
0.392794996500015259 0.226145997643470764 0.148399993777275085 100
0.39578700065612793 0.226612001657485962 0.14947199821472168 100
0.398779004812240601 0.227026000618934631 0.150545001029968262 100
0.400777995586395264 0.226434007287025452 0.15122300386428833 100
0.402777999639511108 0.225811004638671875 0.151902005076408386 100
0.404776990413665771 0.225158005952835083 0.152581006288528442 100
0.407770007848739624 0.225398004055023193 0.153653994202613831 100
0.409770995378494263 0.224673002958297729 0.154335007071495056 100
0.411770999431610107 0.223917007446289062 0.155016005039215088 100
0.414763987064361572 0.224022999405860901 0.156090006232261658 100
0.417757987976074219 0.224077999591827393 0.157162994146347046 100
0.421745985746383667 0.224952995777130127 0.15862700343132019 100
0.424739986658096313 0.224894002079963684 0.159700006246566772 100
0.427735000848770142 0.224784001708030701 0.160771995782852173 100
0.430729985237121582 0.224622994661331177 0.161844000220298767 100
0.432731986045837402 0.223579004406929016 0.162526994943618774 100
0.434733986854553223 0.222504004836082458 0.163211002945899963 100
0.438722997903823853 0.223020002245903015 0.164672002196311951 100
0.442712992429733276 0.223464995622634888 0.16613200306892395 100
0.4467029869556427 0.223838001489639282 0.16759200394153595 100
0.449699997901916504 0.223360002040863037 0.16866399347782135 100
0.363844007253646851 0.228952005505561829 0.136641994118690491 100
0.365841001272201538 0.228854000568389893 0.13728700578212738 100
0.367837995290756226 0.228727996349334717 0.137933999300003052 100
0.368842989206314087 0.227467000484466553 0.138190999627113342 100
0.370840996503829956 0.227299004793167114 0.138842001557350159 100
0.371845990419387817 0.226016998291015625 0.139103993773460388 100
0.374835997819900513 0.226879999041557312 0.140147998929023743 100
0.375840991735458374 0.225565001368522644 0.140413001179695129 100
0.378832012414932251 0.226347997784614563 0.141459003090858459 100
0.380829989910125732 0.226039007306098938 0.142115995287895203 100
0.382827997207641602 0.225700005888938904 0.142774999141693115 100
0.384826004505157471 0.225332006812095642 0.143434002995491028 100
0.38781699538230896 0.225942999124526978 0.144481003284454346 100
0.389815986156463623 0.22550499439239502 0.145142003893852234 100
0.392807990312576294 0.226024001836776733 0.146189004182815552 100
0.395799994468688965 0.226491004228591919 0.14723600447177887 100
0.397798985242843628 0.225941002368927002 0.147898003458976746 100
0.400790989398956299 0.226316004991531372 0.148946002125740051 100
0.402790993452072144 0.225694999098777771 0.149608999490737915 100
0.404790997505187988 0.225042998790740967 0.150271996855735779 100
0.406791001558303833 0.224361002445220947 0.150937005877494812 100
0.409783989191055298 0.224561005830764771 0.151985004544258118 100
0.411783993244171143 0.223807007074356079 0.152649998664855957 100
0.413785010576248169 0.223021999001502991 0.153316006064414978 100
0.417771995067596436 0.223968997597694397 0.154745995998382568 100
0.420765995979309082 0.223973006010055542 0.155793994665145874 100
0.42376101016998291 0.223925992846488953 0.156840994954109192 100
0.427749007940292358 0.224677994847297668 0.158269003033638 100
0.429751008749008179 0.223675996065139771 0.158935993909835815 100
0.431753009557723999 0.222644001245498657 0.159602999687194824 100
0.434747993946075439 0.22240099310874939 0.160649999976158142 100
0.437743991613388062 0.222106993198394775 0.16169700026512146 100
0.441733986139297485 0.222562000155448914 0.163122996687889099 100
0.445724010467529297 0.222946003079414368 0.16454799473285675 100
0.449714988470077515 0.22325800359249115 0.165972992777824402 100
0.362863987684249878 0.227658003568649292 0.134276002645492554 100
0.365853011608123779 0.228707000613212585 0.135290995240211487 100
0.367850005626678467 0.228584006428718567 0.135922998189926147 100
0.367862999439239502 0.226217001676559448 0.135792002081871033 100
0.369859993457794189 0.226063996553421021 0.136427998542785645 100
0.371858000755310059 0.225881993770599365 0.137066006660461426 100
0.373856008052825928 0.225673004984855652 0.137704998254776001 100
0.376845985651016235 0.226497992873191833 0.138724997639656067 100
0.378843992948532104 0.226219996809959412 0.139366000890731812 100
0.379848986864089966 0.224870994687080383 0.139627993106842041 100
0.381846994161605835 0.224546000361442566 0.140272006392478943 100
0.384838998317718506 0.225209996104240417 0.141294002532958984 100
0.386837005615234375 0.224813997745513916 0.141938000917434692 100
0.389829009771347046 0.225385993719100952 0.142959997057914734 100
0.392820000648498535 0.225905999541282654 0.143981993198394775 100
0.39482000470161438 0.225398004055023193 0.144628003239631653 100
0.397812008857727051 0.225825995206832886 0.145649999380111694 100
0.399810999631881714 0.225246995687484741 0.146296992897987366 100
0.402803987264633179 0.225582003593444824 0.147319003939628601 100
0.404803991317749023 0.224932000041007996 0.14796699583530426 100
0.406803995370864868 0.224251002073287964 0.148616001009941101 100
0.409797012805938721 0.224452003836631775 0.149637997150421143 100
0.411798000335693359 0.223699003458023071 0.150288000702857971 100
0.413798004388809204 0.222914993762969971 0.1509380042552948 100
0.416792005300521851 0.222982004284858704 0.151960000395774841 100
0.419786989688873291 0.222996994853019714 0.152982994914054871 100
0.422782003879547119 0.222960993647575378 0.154005005955696106 100
0.426770001649856567 0.223723992705345154 0.155397996306419373 100
0.428772002458572388 0.222733005881309509 0.156048998236656189 100
0.431766986846923828 0.222543001174926758 0.15707099437713623 100
0.434763014316558838 0.222301006317138672 0.158093005418777466 100
0.43775901198387146 0.222007006406784058 0.159115001559257507 100
0.440755009651184082 0.221661999821662903 0.160135999321937561 100
0.4447459876537323 0.222056999802589417 0.161526992917060852 100
0.448736011981964111 0.222379997372627258 0.162917003035545349 100
0.363867014646530151 0.228657007217407227 0.13268299400806427 100
0.365864992141723633 0.228563994169235229 0.13329799473285675 100
0.36786198616027832 0.228444993495941162 0.1339150071144104 100
0.367875009775161743 0.226081997156143188 0.133789002895355225 100
0.370864003896713257 0.227027997374534607 0.134782001376152039 100
0.3718700110912323 0.225751996040344238 0.135031998157501221 100
0.373867005109786987 0.2255450040102005 0.135655999183654785 100
0.375865012407302856 0.225308001041412354 0.13628000020980835 100
0.377862989902496338 0.225042998790740967 0.13690599799156189 100
0.380854010581970215 0.22578999400138855 0.137902006506919861 100
0.382851988077163696 0.225455000996589661 0.138529002666473389 100
0.384851008653640747 0.22509099543094635 0.139156997203826904 100
0.38684999942779541 0.224696993827819824 0.139785006642341614 100
0.389840990304946899 0.225270003080368042 0.140781998634338379 100
0.39283299446105957 0.225791007280349731 0.141779005527496338 100
0.394831985235214233 0.225284993648529053 0.142408996820449829 100
0.397825002670288086 0.225713998079299927 0.1434050053358078 100
0.399823993444442749 0.225136995315551758 0.144036993384361267 100
0.401823997497558594 0.224528998136520386 0.14466799795627594 100
0.404816985130310059 0.224823996424674988 0.145665004849433899 100
0.406816989183425903 0.224143996834754944 0.146298006176948547 100
0.40981099009513855 0.224345996975898743 0.147294998168945312 100
0.411810994148254395 0.223594993352890015 0.147927999496459961 100
0.413812011480331421 0.222811996936798096 0.148561999201774597 100
0.416806012392044067 0.222880005836486816 0.149559006094932556 100
0.419800996780395508 0.222895994782447815 0.150556996464729309 100
0.422794997692108154 0.222859993577003479 0.15155300498008728 100
0.425790995359420776 0.222773000597953796 0.152549996972084045 100
0.428786009550094604 0.222634002566337585 0.153547003865242004 100
0.431782007217407227 0.222443997859954834 0.154542997479438782 100
0.433784008026123047 0.221383005380630493 0.155178993940353394 100
0.436780005693435669 0.221100002527236938 0.156175002455711365 100
0.439776003360748291 0.220765992999076843 0.157170996069908142 100
0.443767011165618896 0.221171006560325623 0.158527001738548279 100
0.447757989168167114 0.221505001187324524 0.159883007407188416 100
0.363878995180130005 0.228516995906829834 0.130709007382392883 100
0.364883989095687866 0.227295994758605957 0.130945995450019836 100
0.366881012916564941 0.227191001176834106 0.131548002362251282 100
0.367886006832122803 0.225951001048088074 0.13178899884223938 100
0.369884014129638672 0.225802004337310791 0.132394999265670776 100
0.371881008148193359 0.225626006722450256 0.133001998066902161 100
0.373878985643386841 0.225419998168945312 0.133609995245933533 100
0.37587699294090271 0.225186005234718323 0.134219005703926086 100
0.378868013620376587 0.225973993539810181 0.1351889967918396 100
0.380865991115570068 0.225670993328094482 0.135799005627632141 100
0.381871998310089111 0.224308997392654419 0.136051997542381287 100
0.384862989187240601 0.224976003170013428 0.137023001909255981 100
0.386862009763717651 0.224583998322486877 0.137636005878448486 100
0.389854013919830322 0.225158005952835083 0.138606995344161987 100
0.391853004693984985 0.224693998694419861 0.13922099769115448 100
0.393851995468139648 0.224200993776321411 0.13983599841594696 100
0.396843999624252319 0.224640995264053345 0.140808001160621643 100
0.399836987257003784 0.225030004978179932 0.141779005527496338 100
0.401836991310119629 0.224423006176948547 0.142395004630088806 100
0.403836995363235474 0.223785996437072754 0.143012002110481262 100
0.405836999416351318 0.223119005560874939 0.143628999590873718 100
0.408831000328063965 0.223332002758979797 0.144601002335548401 100
0.41083100438117981 0.222591996192932129 0.145217999815940857 100
0.413825005292892456 0.222711995244026184 0.14619000256061554 100
0.415825992822647095 0.221900001168251038 0.146808996796607971 100
0.418821007013320923 0.22192700207233429 0.147780999541282654 100
0.421815991401672363 0.221901997923851013 0.148752003908157349 100
0.424811005592346191 0.22182600200176239 0.149724006652832031 100
0.427805989980697632 0.221698001027107239 0.150694996118545532 100
0.430801987648010254 0.221518993377685547 0.151666000485420227 100
0.432803988456726074 0.220468997955322266 0.152285993099212646 100
0.435799986124038696 0.220197007060050964 0.153256997466087341 100
0.439790993928909302 0.22067299485206604 0.154578998684883118 100
0.442786991596221924 0.22028900682926178 0.155550003051757812 100
0.446777999401092529 0.220633000135421753 0.156871005892753601 100
0.449775993824005127 0.220136001706123352 0.157840996980667114 100
0.363889992237091064 0.228380993008613586 0.128739997744560242 100
0.365887999534606934 0.228294000029563904 0.129325002431869507 100
0.367884993553161621 0.228178992867469788 0.12991100549697876 100
0.367897987365722656 0.22582399845123291 0.12979300320148468 100
0.369895994663238525 0.225677996873855591 0.130383998155593872 100
0.371892988681793213 0.225502997636795044 0.130974993109703064 100
0.373890995979309082 0.225299999117851257 0.131567001342773438 100
0.375889003276824951 0.225068002939224243 0.132161006331443787 100
0.37788701057434082 0.224806994199752808 0.132754996418952942 100
0.379886001348495483 0.224517002701759338 0.133350998163223267 100
0.381884008646011353 0.22419700026512146 0.133946999907493591 100
0.383882999420166016 0.223847001791000366 0.134544000029563904 100
0.385881006717681885 0.223467007279396057 0.135141998529434204 100
0.388873010873794556 0.224052995443344116 0.136087998747825623 100
0.391864985227584839 0.224586993455886841 0.137033998966217041 100
0.393864989280700684 0.224095001816749573 0.137632995843887329 100
0.396856993436813354 0.224536001682281494 0.138578996062278748 100
0.398856997489929199 0.223973006010055542 0.139179006218910217 100
0.400857001543045044 0.223378002643585205 0.139779001474380493 100
0.403849989175796509 0.223684996366500854 0.140726000070571899 100
0.405849993228912354 0.223019003868103027 0.141326993703842163 100
0.408843994140625 0.223232999444007874 0.142272993922233582 100
0.410845011472702026 0.222494006156921387 0.142875000834465027 100
0.413839012384414673 0.22261500358581543 0.143821001052856445 100
0.415839999914169312 0.221803992986679077 0.144424006342887878 100
0.41883501410484314 0.221830993890762329 0.145370006561279297 100
0.420836001634597778 0.220947995781898499 0.145972996950149536 100
0.423830986022949219 0.220881998538970947 0.146919995546340942 100
0.425832986831665039 0.219925999641418457 0.147523000836372375 100
0.429821997880935669 0.220596998929977417 0.148811995983123779 100
0.432817995548248291 0.22037699818611145 0.149757996201515198 100
0.434821009635925293 0.219297006726264954 0.150361999869346619 100
0.437817007303237915 0.21898399293422699 0.151308000087738037 100
0.441807985305786133 0.2194100022315979 0.152594000101089478 100
0.445798993110656738 0.219763994216918945 0.153880998492240906 100
0.448796987533569336 0.219277992844581604 0.154826000332832336 100
0.363902002573013306 0.228248998522758484 0.12677299976348877 100
0.365898996591567993 0.228165000677108765 0.12734299898147583 100
0.367897003889083862 0.228053003549575806 0.127913996577262878 100
0.368901997804641724 0.22680799663066864 0.128143996000289917 100
0.370900005102157593 0.226651996374130249 0.128718003630638123 100
0.371904999017715454 0.225384995341300964 0.128950998187065125 100
0.373903006315231323 0.225183993577957153 0.129528000950813293 100
0.376893997192382812 0.226015001535415649 0.13044700026512146 100
0.377898991107940674 0.224694997072219849 0.130685001611709595 100
0.379898011684417725 0.224406003952026367 0.131264999508857727 100
0.381895989179611206 0.224086999893188477 0.131844997406005859 100
0.383895009756088257 0.223738998174667358 0.132425993680953979 100
0.38589400053024292 0.223361000418663025 0.133008003234863281 100
0.387892007827758789 0.222953006625175476 0.133590996265411377 100
0.390884995460510254 0.22349800169467926 0.134512007236480713 100
0.392883986234664917 0.223019003868103027 0.135095000267028809 100
0.39587700366973877 0.223471000790596008 0.136015996336936951 100
0.398869991302490234 0.223872005939483643 0.136937007308006287 100
0.400869995355606079 0.223278999328613281 0.137521997094154358 100
0.403863012790679932 0.223587006330490112 0.1384429931640625 100
0.405862987041473389 0.222921997308731079 0.139027997851371765 100
0.407864004373550415 0.222225993871688843 0.139614000916481018 100
0.410858005285263062 0.222398996353149414 0.14053499698638916 100
0.413852006196975708 0.222519993782043457 0.141454994678497314 100
0.414860010147094727 0.220831006765365601 0.141708001494407654 100
0.417854994535446167 0.220869004726409912 0.142628997564315796 100
0.420850008726119995 0.220855996012687683 0.143549993634223938 100
0.422850996255874634 0.219942003488540649 0.144136995077133179 100
0.425846993923187256 0.219835996627807617 0.145058006048202515 100
0.428842991590499878 0.219678997993469238 0.145979002118110657 100
0.4318389892578125 0.219469994306564331 0.146899998188018799 100
0.434834986925125122 0.219209000468254089 0.147819995880126953 100
0.437831997871398926 0.218896999955177307 0.148739993572235107 100
0.440829008817672729 0.218533992767333984 0.149661004543304443 100
0.444819986820220947 0.218897998332977295 0.150912001729011536 100
0.447818011045455933 0.218422994017601013 0.15183199942111969 100
0.363912999629974365 0.22812199592590332 0.124810002744197845 100
0.365911006927490234 0.228039994835853577 0.125365003943443298 100
0.367908000946044922 0.227930992841720581 0.125920996069908142 100
0.368914008140563965 0.226688995957374573 0.126145005226135254 100
0.370911002159118652 0.226535007357597351 0.126704007387161255 100
0.371917009353637695 0.225270003080368042 0.126930996775627136 100
0.374906986951828003 0.226143002510070801 0.127823993563652039 100
0.375912994146347046 0.224842995405197144 0.128055006265640259 100
0.377911001443862915 0.224585995078086853 0.128618001937866211 100
0.379909008741378784 0.224298998713493347 0.129181995987892151 100
0.381907999515533447 0.223982006311416626 0.129746004939079285 100
0.38390699028968811 0.223635002970695496 0.1303119957447052 100
0.385906010866165161 0.22325800359249115 0.13087800145149231 100
0.387905001640319824 0.222850993275642395 0.131444007158279419 100
0.390897005796432495 0.223398000001907349 0.132339999079704285 100
0.39289700984954834 0.222920000553131104 0.13290800154209137 100
0.395889014005661011 0.223372995853424072 0.133802995085716248 100
0.397888988256454468 0.222822993993759155 0.13437199592590332 100
0.40088200569152832 0.223183006048202515 0.135267004370689392 100
0.402882993221282959 0.222561001777648926 0.135836005210876465 100
0.405876010656356812 0.222828000783920288 0.136731997132301331 100
0.40787699818611145 0.22213299572467804 0.137301996350288391 100
0.409877985715866089 0.221406996250152588 0.137871995568275452 100
0.412871986627578735 0.221539005637168884 0.138767004013061523 100
0.414873003959655762 0.220741003751754761 0.139338001608848572 100
0.4168739914894104 0.219910994172096252 0.13990899920463562 100
0.419869989156723022 0.219908997416496277 0.14080500602722168 100
0.422865003347396851 0.219854995608329773 0.141699999570846558 100
0.425861001014709473 0.219749003648757935 0.142596006393432617 100
0.427863001823425293 0.218764007091522217 0.143168002367019653 100
0.430858999490737915 0.218565002083778381 0.144062995910644531 100
0.433854997158050537 0.218315005302429199 0.144958004355430603 100
0.436852008104324341 0.218014001846313477 0.145853996276855469 100
0.440842986106872559 0.218449994921684265 0.147071003913879395 100
0.444835007190704346 0.218814998865127563 0.148287996649742126 100
0.44683799147605896 0.21757100522518158 0.148859992623329163 100
0.363925009965896606 0.22800000011920929 0.122850999236106873 100
0.365922003984451294 0.227919995784759521 0.123389996588230133 100
0.367920011281967163 0.227813005447387695 0.123930998146533966 100
0.368925005197525024 0.226573005318641663 0.124149002134799957 100
0.370923012495040894 0.22642199695110321 0.124692000448703766 100
0.371928006410598755 0.225160002708435059 0.124913997948169708 100
0.373926013708114624 0.224961996078491211 0.125459000468254089 100
0.375925004482269287 0.224736005067825317 0.126006007194519043 100
0.377923011779785156 0.224480003118515015 0.126552999019622803 100
0.379920989274978638 0.224195003509521484 0.127102002501487732 100
0.381920009851455688 0.223879992961883545 0.127649992704391479 100
0.383919000625610352 0.223535001277923584 0.128199994564056396 100
0.386911004781723022 0.224163994193077087 0.129069998860359192 100
0.388909995555877686 0.223747998476028442 0.129620000720024109 100
0.39090999960899353 0.2233009934425354 0.130171000957489014 100
0.392908990383148193 0.222824007272720337 0.130722999572753906 100
0.395902007818222046 0.223278000950813293 0.131593003869056702 100
0.397902011871337891 0.222728997468948364 0.132145002484321594 100
0.399901986122131348 0.222148999571800232 0.132697999477386475 100
0.402895987033843994 0.22246900200843811 0.133569002151489258 100
0.404895991086959839 0.221816003322601318 0.134121999144554138 100
0.406895995140075684 0.221132993698120117 0.134675994515419006 100
0.409891009330749512 0.22131800651550293 0.135545998811721802 100
0.41189199686050415 0.220561996102333069 0.136100992560386658 100
0.414887011051177979 0.220652997493743896 0.136970996856689453 100
0.416887998580932617 0.219824999570846558 0.137526005506515503 100
0.419883012771606445 0.219823002815246582 0.138395994901657104 100
0.421885013580322266 0.218921005725860596 0.138952001929283142 100
0.424881011247634888 0.218826994299888611 0.139822006225585938 100
0.42787700891494751 0.218679994344711304 0.140691995620727539 100
0.430873006582260132 0.21848200261592865 0.141561999917030334 100
0.433869987726211548 0.218233004212379456 0.14243200421333313 100
0.43686598539352417 0.217932000756263733 0.143300995230674744 100
0.439864009618759155 0.217580005526542664 0.144170999526977539 100
0.443854987621307373 0.21795499324798584 0.145353004336357117 100
0.446853011846542358 0.217490002512931824 0.14622199535369873 100
0.363936007022857666 0.22788199782371521 0.120893999934196472 100
0.365934014320373535 0.227804005146026611 0.121417999267578125 100
0.367931008338928223 0.227699995040893555 0.12194400280714035 100
0.368936985731124878 0.226462006568908691 0.122156001627445221 100
0.370934009552001953 0.226312994956970215 0.122684001922607422 100
0.371939986944198608 0.225052997469902039 0.122899003326892853 100
0.373937994241714478 0.22485700249671936 0.123429000377655029 100
0.375936001539230347 0.224632993340492249 0.123960003256797791 100
0.37793499231338501 0.224378004670143127 0.124491997063159943 100
0.379932999610900879 0.224095001816749573 0.125024005770683289 100
0.381931990385055542 0.223781004548072815 0.125557005405426025 100
0.383931010961532593 0.223436996340751648 0.12609100341796875 100
0.386922985315322876 0.224068000912666321 0.126936003565788269 100
0.388922005891799927 0.223653003573417664 0.127470001578330994 100
0.390922009944915771 0.223206996917724609 0.128004997968673706 100
0.392921000719070435 0.22273099422454834 0.128540992736816406 100
0.394921004772186279 0.222224995493888855 0.1290770024061203 100
0.397913992404937744 0.222637996077537537 0.129922002553939819 100
0.399915009737014771 0.222058996558189392 0.130458995699882507 100
0.402907997369766235 0.222379997372627258 0.131303995847702026 100
0.404909014701843262 0.221728995442390442 0.131841003894805908 100
0.406908988952636719 0.221046000719070435 0.132378995418548584 100
0.409904003143310547 0.221231997013092041 0.133223995566368103 100
0.411904990673065186 0.220476999878883362 0.133762001991271973 100
0.414900004863739014 0.220568999648094177 0.134607002139091492 100
0.416900992393493652 0.219741001725196838 0.135146006941795349 100
0.419896990060806274 0.219740003347396851 0.135991007089614868 100
0.422892987728118896 0.219686999917030334 0.136834993958473206 100
0.424894005060195923 0.218744993209838867 0.137374997138977051 100
0.427890986204147339 0.218599006533622742 0.138218998908996582 100
0.429892987012863159 0.217583999037742615 0.138759002089500427 100
0.433883994817733765 0.218152999877929688 0.139908000826835632 100
0.436881005764007568 0.217852994799613953 0.140752002596855164 100
0.440872013568878174 0.218290001153945923 0.141900002956390381 100
0.443870007991790771 0.217877000570297241 0.142743006348609924 100
0.446868002414703369 0.217412993311882019 0.143586993217468262 100
0.449865996837615967 0.216896995902061462 0.144429996609687805 100
0.363947004079818726 0.227768003940582275 0.11894100159406662 100
0.365945011377334595 0.22769300639629364 0.119450002908706665 100
0.367942988872528076 0.227589994668960571 0.119958996772766113 100
0.368948012590408325 0.226355001330375671 0.120166003704071045 100
0.370945990085601807 0.226208001375198364 0.120678000152111053 100
0.371951013803482056 0.224950000643730164 0.120888002216815948 100
0.373950004577636719 0.224756002426147461 0.12140200287103653 100
0.375948011875152588 0.224533006548881531 0.121917001903057098 100
0.377947002649307251 0.224279999732971191 0.122432999312877655 100
0.37994500994682312 0.223997995257377625 0.122950002551078796 100
0.381944000720977783 0.223684996366500854 0.123466998338699341 100
0.384936004877090454 0.224358007311820984 0.124286003410816193 100
0.386934995651245117 0.223975002765655518 0.124803997576236725 100
0.388934999704360962 0.223561003804206848 0.125322997570037842 100
0.390933990478515625 0.22311699390411377 0.125842005014419556 100
0.39293399453163147 0.222642004489898682 0.126361995935440063 100
0.394933998584747314 0.222136005759239197 0.126882001757621765 100
0.397926986217498779 0.222551003098487854 0.12770099937915802 100
0.399926990270614624 0.221973001956939697 0.128222003579139709 100
0.402920991182327271 0.222294002771377563 0.129041001200675964 100
0.404922008514404297 0.221643999218940735 0.129563003778457642 100
0.406922012567520142 0.220962002873420715 0.130083993077278137 100
0.409916996955871582 0.22114899754524231 0.130904003977775574 100
0.411918014287948608 0.22039400041103363 0.131426006555557251 100
0.414912998676300049 0.220486998558044434 0.132245004177093506 100
0.416914999485015869 0.219659999012947083 0.132768005132675171 100
0.419910013675689697 0.219659999012947083 0.133587002754211426 100
0.422906011343002319 0.219607993960380554 0.134406000375747681 100
0.42490801215171814 0.218666002154350281 0.134929999709129333 100
0.427904993295669556 0.218520998954772949 0.135748997330665588 100
0.430900990962982178 0.218324005603790283 0.136567994952201843 100
0.433898001909255981 0.218076005578041077 0.137386992573738098 100
0.435900986194610596 0.216978996992111206 0.137911006808280945 100
0.439893007278442383 0.21742500364780426 0.139024004340171814 100
0.443884998559951782 0.217801004648208618 0.140136003494262695 100
0.44688299298286438 0.217336997389793396 0.140954002737998962 100
0.449880987405776978 0.216821998357772827 0.141772001981735229 100
0.363959014415740967 0.227658003568649292 0.116990998387336731 100
0.365956008434295654 0.227585002779960632 0.117484003305435181 100
0.367953985929489136 0.227484002709388733 0.117977999150753021 100
0.368959009647369385 0.226252004504203796 0.118179000914096832 100
0.36996498703956604 0.225014001131057739 0.118381001055240631 100
0.371962994337081909 0.224849998950958252 0.11887899786233902 100
0.373961001634597778 0.224657997488975525 0.119378000497817993 100
0.375959992408752441 0.22443699836730957 0.119877003133296967 100
0.377957999706268311 0.224185004830360413 0.120376996695995331 100
0.379956990480422974 0.223903998732566833 0.120878003537654877 100
0.381956011056900024 0.223592996597290039 0.121379002928733826 100
0.383955001831054688 0.223251998424530029 0.121881000697612762 100
0.385953992605209351 0.222881004214286804 0.122383996844291687 100
0.388947010040283203 0.223471999168395996 0.123177997767925262 100
0.390947014093399048 0.223029002547264099 0.123681001365184784 100
0.392946004867553711 0.222554996609687805 0.124185003340244293 100
0.394946008920669556 0.222050994634628296 0.124688997864723206 100
0.397940009832382202 0.222466006875038147 0.125483006238937378 100
0.399940013885498047 0.221889004111289978 0.125988006591796875 100
0.402934014797210693 0.222211003303527832 0.126781001687049866 100
0.404935002326965332 0.221561998128890991 0.127287000417709351 100
0.407929003238677979 0.221790000796318054 0.128080993890762329 100
0.409929990768432617 0.221067994832992554 0.128585994243621826 100
0.411931008100509644 0.22031499445438385 0.129093006253242493 100
0.414927005767822266 0.220407992601394653 0.129886001348495483 100
0.416927993297576904 0.219582006335258484 0.130392998456954956 100
0.418929994106292725 0.218724995851516724 0.130899995565414429 100
0.421925991773605347 0.218683004379272461 0.131694003939628601 100
0.424921989440917969 0.218590006232261658 0.13248799741268158 100
0.427919000387191772 0.218445003032684326 0.133281007409095764 100
0.429921001195907593 0.217432007193565369 0.133789002895355225 100
0.433912009000778198 0.218002006411552429 0.134867995977401733 100
0.436910003423690796 0.217702001333236694 0.135661005973815918 100
0.4399070143699646 0.217352002859115601 0.136454001069068909 100
0.443899005651473999 0.217727005481719971 0.13753199577331543 100
0.446898013353347778 0.217263996601104736 0.138324007391929626 100
0.363970011472702026 0.22755199670791626 0.115042999386787415 100
0.365967988967895508 0.227480992674827576 0.11552099883556366 100
0.367965996265411377 0.227382004261016846 0.115998998284339905 100
0.368970990180969238 0.226152002811431885 0.116194002330303192 100
0.369976013898849487 0.224915996193885803 0.116391003131866455 100
0.371973991394042969 0.224755004048347473 0.116873003542423248 100
0.37397301197052002 0.224564000964164734 0.117356002330780029 100
0.375970989465713501 0.224344000220298767 0.11783900111913681 100
0.377970010042190552 0.224094003438949585 0.118323996663093567 100
0.379969000816345215 0.223813995718955994 0.11880899965763092 100
0.381967991590499878 0.223505005240440369 0.119294002652168274 100
0.383967012166976929 0.223165005445480347 0.119779996573925018 100
0.385966002941131592 0.222794994711875916 0.120266996324062347 100
0.387966006994247437 0.222394004464149475 0.120754003524780273 100
0.390958994626998901 0.22294500470161438 0.121522001922130585 100
0.392958998680114746 0.222471997141838074 0.122010000050067902 100
0.394959002733230591 0.221968993544578552 0.122497998178005219 100
0.397951990365982056 0.222384005784988403 0.123267002403736115 100
0.399953007698059082 0.22180899977684021 0.123755998909473419 100
0.402947008609771729 0.222130998969078064 0.12452399730682373 100
0.405941009521484375 0.222402006387710571 0.125292003154754639 100
0.407941997051239014 0.221711993217468262 0.125780999660491943 100
0.40994301438331604 0.220990002155303955 0.126270994544029236 100
0.411944985389709473 0.220238000154495239 0.126761004328727722 100
0.414939999580383301 0.22033199667930603 0.127529993653297424 100
0.416942000389099121 0.219506993889808655 0.128020003437995911 100
0.419937014579772949 0.219506993889808655 0.128787994384765625 100
0.421938985586166382 0.218609005212783813 0.129279002547264099 100
0.424935996532440186 0.21851600706577301 0.130048006772994995 100
0.427931994199752808 0.218372002243995667 0.130815997719764709 100
0.430929005146026611 0.218177005648612976 0.131584003567695618 100
0.433925986289978027 0.21792900562286377 0.132350996136665344 100
0.435929000377655029 0.216832995414733887 0.132843002676963806 100
0.43992200493812561 0.217280998826026917 0.133886992931365967 100
0.44391399621963501 0.217656001448631287 0.134929999709129333 100
0.446911990642547607 0.217194005846977234 0.135697007179260254 100
0.363981008529663086 0.227449998259544373 0.113098002970218658 100
0.365978986024856567 0.227381005883216858 0.113559998571872711 100
0.367976993322372437 0.22728399932384491 0.114023000001907349 100
0.367989003658294678 0.224953994154930115 0.113936997950077057 100
0.369987994432449341 0.224821999669075012 0.114403001964092255 100
0.37198600172996521 0.22466200590133667 0.114868998527526855 100
0.373984009027481079 0.224472999572753906 0.115336000919342041 100
0.375982999801635742 0.224253997206687927 0.115804001688957214 100
0.377981990575790405 0.224005997180938721 0.116273000836372375 100
0.379981011152267456 0.223728001117706299 0.116741999983787537 100
0.381980001926422119 0.22341899573802948 0.117210999131202698 100
0.383978992700576782 0.223079994320869446 0.117682002484798431 100
0.385978013277053833 0.222710996866226196 0.11815200001001358 100
0.38797798752784729 0.222312003374099731 0.118623003363609314 100
0.390971004962921143 0.222863003611564636 0.119365997612476349 100
0.392971009016036987 0.222391992807388306 0.11983799934387207 100
0.394971013069152832 0.221889004111289978 0.120310001075267792 100
0.397965013980865479 0.222305998206138611 0.121053002774715424 100
0.399964988231658936 0.221731007099151611 0.121526002883911133 100
0.402960002422332764 0.222054004669189453 0.122268997132778168 100
0.404960006475448608 0.2214059978723526 0.122741997241973877 100
0.407954990863800049 0.221635997295379639 0.123484998941421509 100
0.409956008195877075 0.22091500461101532 0.123957999050617218 100
0.411958009004592896 0.220164000988006592 0.124431997537612915 100
0.414952993392944336 0.220257997512817383 0.125174999237060547 100
0.416954994201660156 0.219433993101119995 0.125650003552436829 100
0.419950991868972778 0.219435006380081177 0.126392006874084473 100
0.421952992677688599 0.218537002801895142 0.126866996288299561 100
0.424950003623962402 0.218445003032684326 0.127609997987747192 100
0.427946001291275024 0.21830199658870697 0.128352999687194824 100
0.430943012237548828 0.218106001615524292 0.129095003008842468 100
0.433941006660461426 0.217859998345375061 0.129837006330490112 100
0.43594399094581604 0.216764003038406372 0.130312994122505188 100
0.439936012029647827 0.217212006449699402 0.131321996450424194 100
0.443928986787796021 0.21758800745010376 0.132330000400543213 100
0.446927011013031006 0.217125996947288513 0.133071005344390869 100
0.449925988912582397 0.216611996293067932 0.133812993764877319 100
0.362998992204666138 0.22621600329875946 0.110889002680778503 100
0.364996999502182007 0.226160004734992981 0.111336000263690948 100
0.366995006799697876 0.226076006889343262 0.111784003674983978 100
0.368001013994216919 0.224861994385719299 0.111966997385025024 100
0.3699989914894104 0.224731996655464172 0.11241699755191803 100
0.37199699878692627 0.224573999643325806 0.11286800354719162 100
0.373995989561080933 0.224386006593704224 0.113319002091884613 100
0.375995010137557983 0.224168002605438232 0.113770999014377594 100
0.377992987632751465 0.223921000957489014 0.11422400176525116 100
0.379992008209228516 0.22364400327205658 0.114676997065544128 100
0.38199201226234436 0.223336994647979736 0.115130998194217682 100
0.383991003036499023 0.222999006509780884 0.115584999322891235 100
0.385989993810653687 0.222631007432937622 0.116039998829364777 100
0.387989997863769531 0.222232997417449951 0.116494998335838318 100
0.389990001916885376 0.221802994608879089 0.116951003670692444 100
0.392982989549636841 0.222314000129699707 0.117668002843856812 100
0.394982993602752686 0.221812993288040161 0.118124000728130341 100
0.396984010934829712 0.221279993653297424 0.118580996990203857 100
0.399978011846542358 0.221655994653701782 0.11929900199174881 100
0.402972012758255005 0.221979007124900818 0.120016001164913177 100
0.404973000288009644 0.22133299708366394 0.120472997426986694 100
0.407968014478683472 0.221562996506690979 0.121189996600151062 100
0.40996900200843811 0.220843002200126648 0.121647998690605164 100
0.411971002817153931 0.22009199857711792 0.122106000781059265 100
0.413971990346908569 0.219310000538825989 0.122564002871513367 100
0.416967988014221191 0.219364002346992493 0.123281002044677734 100
0.419963985681533813 0.21936500072479248 0.12399899959564209 100
0.421966999769210815 0.218467995524406433 0.124457001686096191 100
0.424962997436523438 0.218376994132995605 0.125174999237060547 100
0.427960008382797241 0.218234002590179443 0.125891998410224915 100
0.430956989526748657 0.218039005994796753 0.126608997583389282 100
0.433955013751983643 0.217792004346847534 0.127324998378753662 100
0.436951994895935059 0.217494994401931763 0.12804199755191803 100
0.439949989318847656 0.217144995927810669 0.128758996725082397 100
0.443942993879318237 0.217521995306015015 0.129731997847557068 100
0.445946991443634033 0.216293007135391235 0.130191996693611145 100
0.449941009283065796 0.216546997427940369 0.131164997816085815 100
0.363009989261627197 0.226123005151748657 0.10895799845457077 100
0.365007996559143066 0.226068004965782166 0.109389998018741608 100
0.367006987333297729 0.225986003875732422 0.109821997582912445 100
0.368012011051177979 0.224774003028869629 0.109999001026153564 100
0.37000998854637146 0.224646002054214478 0.110434003174304962 100
0.372009009122848511 0.224488005042076111 0.110868997871875763 100
0.374006986618041992 0.224301993846893311 0.111304000020027161 100
0.376006007194519043 0.224086001515388489 0.111740998923778534 100
0.378004997968673706 0.223839998245239258 0.112176999449729919 100
0.380003988742828369 0.223563998937606812 0.112614996731281281 100
0.38200300931930542 0.22325800359249115 0.113052003085613251 100
0.384003013372421265 0.222920998930931091 0.1134909987449646 100
0.386002004146575928 0.222553998231887817 0.113930001854896545 100
0.388002008199691772 0.222157001495361328 0.114368997514247894 100
0.390002012252807617 0.221727997064590454 0.11480800062417984 100
0.392001986503601074 0.221268996596336365 0.115249000489711761 100
0.394995987415313721 0.221738994121551514 0.11594100296497345 100
0.397989988327026367 0.222157001495361328 0.116632997989654541 100
0.399989992380142212 0.221584007143974304 0.117072999477386475 100
0.40298500657081604 0.221908003091812134 0.117765001952648163 100
0.404985994100570679 0.221261993050575256 0.118206001818180084 100
0.407981008291244507 0.221492007374763489 0.118897996842861176 100
0.409981995820999146 0.220773994922637939 0.119338996708393097 100
0.412977993488311768 0.220910996198654175 0.120030999183654785 100
0.414979994297027588 0.220118999481201172 0.120472997426986694 100
0.416981995105743408 0.219295993447303772 0.1209150031208992 100
0.41997799277305603 0.219298005104064941 0.121606998145580292 100
0.421979993581771851 0.218401998281478882 0.122050002217292786 100
0.424977004528045654 0.218310996890068054 0.122740998864173889 100
0.42797398567199707 0.218168005347251892 0.123433001339435577 100
0.430970996618270874 0.217972993850708008 0.124123997986316681 100
0.433968991041183472 0.217728003859519958 0.124816000461578369 100
0.435972005128860474 0.216634005308151245 0.125258997082710266 100
0.439965009689331055 0.217080995440483093 0.126197993755340576 100
0.442963004112243652 0.216681003570556641 0.126889005303382874 100
0.446956008672714233 0.216996997594833374 0.127828001976013184 100
0.449954986572265625 0.216483995318412781 0.128518998622894287 100
0.364013999700546265 0.227169007062911987 0.107277996838092804 100
0.365020006895065308 0.225979998707771301 0.107445999979972839 100
0.367018014192581177 0.225899994373321533 0.107863001525402069 100
0.368023008108139038 0.224689006805419922 0.108033999800682068 100
0.37002098560333252 0.224562004208564758 0.108452998101711273 100
0.37202000617980957 0.224407002329826355 0.108871996402740479 100
0.374018996953964233 0.224221006035804749 0.109292000532150269 100
0.376017987728118896 0.224005997180938721 0.109711997210979462 100
0.378017008304595947 0.223761007189750671 0.11013299971818924 100
0.38001599907875061 0.223487004637718201 0.110554002225399017 100
0.382014989852905273 0.223180994391441345 0.110976003110408783 100
0.384014993906021118 0.222846001386642456 0.111399002373218536 100
0.386014014482498169 0.22247999906539917 0.111821003258228302 100
0.388013988733291626 0.222083002328872681 0.112245000898838043 100
0.390013992786407471 0.221655994653701782 0.112668000161647797 100
0.393007993698120117 0.222167998552322388 0.113334998488426208 100
0.395007997751235962 0.221668004989624023 0.113759003579616547 100
0.397008001804351807 0.221137002110481262 0.114183001220226288 100
0.400002986192703247 0.221514001488685608 0.1148499995470047 100
0.402998000383377075 0.221838995814323425 0.115515999495983124 100
0.404998987913131714 0.221193999052047729 0.11594100296497345 100
0.407994002103805542 0.221424996852874756 0.116608001291751862 100
0.409994989633560181 0.2207069993019104 0.117032997310161591 100
0.412990987300872803 0.220844000577926636 0.117698997259140015 100
0.413998991250991821 0.219176992774009705 0.117885001003742218 100
0.416994988918304443 0.219230994582176208 0.118551000952720642 100
0.419990986585617065 0.219233006238937378 0.119217000901699066 100
0.421994000673294067 0.218337997794151306 0.119644001126289368 100
0.424991011619567871 0.218246996402740479 0.120310001075267792 100
0.427987992763519287 0.218105003237724304 0.120976001024246216 100
0.430985003709793091 0.217911005020141602 0.12164200097322464 100
0.433982998132705688 0.217665001749992371 0.122308000922203064 100
0.43598601222038269 0.216572001576423645 0.122735001146793365 100
0.439978986978530884 0.217020004987716675 0.123640000820159912 100
0.442977994680404663 0.216619998216629028 0.124305002391338348 100
0.445975989103317261 0.216168999671936035 0.124971002340316772 100
0.44897499680519104 0.215666994452476501 0.1256369948387146 100
0.364024996757507324 0.227082997560501099 0.105342000722885132 100
0.365031003952026367 0.225896000862121582 0.105504997074604034 100
0.367029011249542236 0.225816994905471802 0.105906002223491669 100
0.368034005165100098 0.224608004093170166 0.106071002781391144 100
0.370032995939254761 0.224482998251914978 0.106473997235298157 100
0.37203100323677063 0.224327996373176575 0.106876999139785767 100
0.373037010431289673 0.223076999187469482 0.107045002281665802 100
0.376029014587402344 0.223930001258850098 0.107684999704360962 100
0.378028005361557007 0.223685994744300842 0.108089998364448547 100
0.38002699613571167 0.223413005471229553 0.108496002852916718 100
0.382027000188827515 0.223107993602752686 0.108901999890804291 100
0.384025990962982178 0.222773998975753784 0.109307996928691864 100
0.386025995016098022 0.222408995032310486 0.109714999794960022 100
0.389019995927810669 0.223003998398780823 0.110356003046035767 100
0.390026003122329712 0.221587002277374268 0.110529996454715729 100
0.393020004034042358 0.222099006175994873 0.111170999705791473 100
0.395020008087158203 0.221599996089935303 0.111579000949859619 100
0.397020995616912842 0.221070006489753723 0.111988000571727753 100
0.40001600980758667 0.221447005867958069 0.1126289963722229 100
0.402016013860702515 0.220844998955726624 0.113036997616291046 100
0.405012011528015137 0.221128001809120178 0.113678000867366791 100
0.407012999057769775 0.220451995730400085 0.114087998867034912 100
0.410008013248443604 0.220642000436782837 0.114729002118110657 100
0.412010014057159424 0.219894006848335266 0.11513800173997879 100
0.415006011724472046 0.219990000128746033 0.115778997540473938 100
0.417008012533187866 0.219168007373809814 0.116189002990722656 100
0.419010013341903687 0.218315005302429199 0.116599000990390778 100
0.423002004623413086 0.219121992588043213 0.117470003664493561 100
0.425004005432128906 0.21818600594997406 0.11788100004196167 100
0.428000986576080322 0.218043997883796692 0.11852099746465683 100
0.431993991136550903 0.218666002154350281 0.119392000138759613 100
0.433997005224227905 0.217604994773864746 0.119801998138427734 100
0.43599998950958252 0.216512992978096008 0.12021300196647644 100
0.439992994070053101 0.216960996389389038 0.121082998812198639 100
0.44299200177192688 0.216561004519462585 0.121723003685474396 100
0.445991009473800659 0.216110005974769592 0.122363999485969543 100
0.448989987373352051 0.215608000755310059 0.123003996908664703 100
0.364035993814468384 0.226999998092651367 0.103408999741077423 100
0.366035014390945435 0.226938992738723755 0.103793002665042877 100
0.367040008306503296 0.225738003849983215 0.103950999677181244 100
0.368045002222061157 0.224530994892120361 0.104110002517700195 100
0.37004399299621582 0.224406003952026367 0.104497000575065613 100
0.372043013572692871 0.224252998828887939 0.10488399863243103 100
0.373048007488250732 0.223003000020980835 0.105045996606349945 100
0.376040995121002197 0.223857000470161438 0.105660997331142426 100
0.37803998589515686 0.223615005612373352 0.106049999594688416 100
0.380039006471633911 0.223342001438140869 0.106440000236034393 100
0.382039010524749756 0.223039001226425171 0.106830000877380371 100
0.384038001298904419 0.22270500659942627 0.107220001518726349 100
0.386038005352020264 0.222341001033782959 0.107611000537872314 100
0.38903200626373291 0.222937002778053284 0.108226001262664795 100
0.391032010316848755 0.222500994801521301 0.108617998659610748 100
0.3930320143699646 0.222032994031906128 0.109008997678756714 100
0.395033001899719238 0.221534997224807739 0.109401002526283264 100
0.398027002811431885 0.221954002976417542 0.110017001628875732 100
0.400027990341186523 0.221384003758430481 0.110408999025821686 100
0.40202900767326355 0.220780998468399048 0.110802002251148224 100
0.40502399206161499 0.22106499969959259 0.111417002975940704 100
0.407025992870330811 0.220390006899833679 0.111810997128486633 100
0.409027010202407837 0.219684004783630371 0.112204000353813171 100
0.412023007869720459 0.219833001494407654 0.112819001078605652 100
0.414025008678436279 0.219053000211715698 0.113213002681732178 100
0.417021006345748901 0.21910800039768219 0.113829001784324646 100
0.420017987489700317 0.219111993908882141 0.114444002509117126 100
0.422021001577377319 0.218217000365257263 0.114837996661663055 100
0.425018012523651123 0.218126997351646423 0.115452997386455536 100
0.428014993667602539 0.217986002564430237 0.116068996489048004 100
0.431012988090515137 0.217792004346847534 0.116683997213840485 100
0.434011012315750122 0.217547997832298279 0.117298997938632965 100
0.436013996601104736 0.216455996036529541 0.117692999541759491 100
0.440008014440536499 0.216903999447822571 0.118528999388217926 100
0.443006008863449097 0.216505005955696106 0.119143001735210419 100
0.446004986763000488 0.216054007411003113 0.119758002460002899 100
0.449005007743835449 0.215553000569343567 0.12037300318479538 100
0.365040004253387451 0.228055998682975769 0.101695999503135681 100
0.366046011447906494 0.226861998438835144 0.101846002042293549 100
0.367051005363464355 0.225661993026733398 0.101998001337051392 100
0.369049996137619019 0.225556999444961548 0.102367997169494629 100
0.37005499005317688 0.224334001541137695 0.102522000670433044 100
0.372054010629653931 0.224180996417999268 0.102893002331256866 100
0.374053001403808594 0.223998993635177612 0.103266000747680664 100
0.376051992177963257 0.223787993192672729 0.103638000786304474 100
0.378051012754440308 0.223545998334884644 0.104010999202728271 100
0.380050987005233765 0.223274007439613342 0.104385003447532654 100
0.383044004440307617 0.223995000123977661 0.104975000023841858 100
0.385044008493423462 0.223651006817817688 0.105348996818065643 100
0.387044012546539307 0.223277002573013306 0.105723001062870026 100
0.389043986797332764 0.22287200391292572 0.106098003685474396 100
0.391043990850448608 0.222436994314193726 0.106473997235298157 100
0.393043994903564453 0.221970006823539734 0.106848999857902527 100
0.395045012235641479 0.221472993493080139 0.107225000858306885 100
0.397045999765396118 0.220944002270698547 0.107601001858711243 100
0.400040000677108765 0.221322000026702881 0.108191996812820435 100
0.402042001485824585 0.220721006393432617 0.108567997813224792 100
0.405036985874176025 0.221004992723464966 0.109158001840114594 100
0.408033013343811035 0.221238002181053162 0.109747998416423798 100
0.409040004014968872 0.219624996185302734 0.109912000596523285 100
0.412036001682281494 0.219773992896080017 0.110501997172832489 100
0.414038002490997314 0.218995004892349243 0.110880002379417419 100
0.417035013437271118 0.219051003456115723 0.111469998955726624 100
0.420031994581222534 0.219054996967315674 0.112060002982616425 100
0.423029005527496338 0.219006001949310303 0.112649999558925629 100
0.425031006336212158 0.218070998787879944 0.113027997314929962 100
0.428029000759124756 0.217930004000663757 0.113617002964019775 100
0.431026995182037354 0.217737004160881042 0.114206999540328979 100
0.434024989604949951 0.217491999268531799 0.114797003567218781 100
0.436028987169265747 0.216400995850563049 0.115175001323223114 100
0.439027011394500732 0.216062992811203003 0.115764997899532318 100
0.443020999431610107 0.216450005769729614 0.116564996540546417 100
0.446020007133483887 0.216000005602836609 0.11715400218963623 100
0.449019014835357666 0.215498998761177063 0.117743998765945435 100
0.365051001310348511 0.227980002760887146 0.0997565984725952148 100
0.366057008504867554 0.226787999272346497 0.0999007970094680786 100
0.368054986000061035 0.226701006293296814 0.10025399923324585 100
0.369060993194580078 0.225485995411872864 0.100400999188423157 100
0.370065987110137939 0.224263995885848999 0.100547999143600464 100
0.37206500768661499 0.224113002419471741 0.100904002785682678 100
0.374063998460769653 0.223931998014450073 0.101259998977184296 100
0.376062989234924316 0.22372099757194519 0.101617000997066498 100
0.378062993288040161 0.223480001091957092 0.101975001394748688 100
0.380062013864517212 0.223208993673324585 0.10233200341463089 100
0.382061988115310669 0.222908005118370056 0.102689996361732483 100
0.385055005550384521 0.2235880047082901 0.103255003690719604 100
0.387055009603500366 0.223214998841285706 0.103612996637821198 100
0.389055997133255005 0.222810998558998108 0.103972002863883972 100
0.39105600118637085 0.222376003861427307 0.10433100163936615 100
0.393056005239486694 0.221909999847412109 0.104690998792648315 100
0.395056992769241333 0.221413001418113708 0.105051003396511078 100
0.397058010101318359 0.220884993672370911 0.105411000549793243 100
0.4000529944896698 0.221264004707336426 0.105976000428199768 100
0.402054011821746826 0.220662996172904968 0.106335997581481934 100
0.404054999351501465 0.220030993223190308 0.106697000563144684 100
0.407050997018814087 0.220274001359939575 0.107261002063751221 100
0.409052997827529907 0.219568997621536255 0.107623003423213959 100
0.412048995494842529 0.219717994332313538 0.108186997473239899 100
0.41405099630355835 0.218940004706382751 0.108548998832702637 100
0.417048007249832153 0.218996003270149231 0.109113000333309174 100
0.420044988393783569 0.218999996781349182 0.109678000211715698 100
0.423041999340057373 0.218952000141143799 0.110242001712322235 100
0.426039993762969971 0.218852996826171875 0.110806003212928772 100
0.428043007850646973 0.217876002192497253 0.111167997121810913 100
0.43104100227355957 0.217684000730514526 0.11173199862241745 100
0.434038996696472168 0.217439994215965271 0.112296000123023987 100
0.436042994260787964 0.216349005699157715 0.112658999860286713 100
0.439040988683700562 0.216011002659797668 0.11322300136089325 100
0.442039996385574341 0.215623006224632263 0.113787002861499786 100
0.446034997701644897 0.215948998928070068 0.114552997052669525 100
0.449034005403518677 0.215448006987571716 0.115116000175476074 100
0.36406901478767395 0.226775005459785461 0.0976201966404914856 100
0.366068005561828613 0.2267179936170578 0.0979574024677276611 100
0.368066012859344482 0.226631999015808105 0.0982951968908309937 100
0.369071990251541138 0.225418001413345337 0.0984354019165039062 100
0.370077997446060181 0.224197998642921448 0.0985767021775245667 100
0.37207600474357605 0.224047005176544189 0.0989167019724845886 100
0.374076008796691895 0.22386699914932251 0.0992572009563446045 100
0.376074999570846558 0.223657995462417603 0.0995981022715568542 100
0.378073990345001221 0.223417997360229492 0.099939398467540741 100
0.380073994398117065 0.223148003220558167 0.100281000137329102 100
0.38207399845123291 0.222846999764442444 0.100622996687889099 100
0.385066986083984375 0.223526999354362488 0.101162001490592957 100
0.38706699013710022 0.223155006766319275 0.101504996418952942 100
0.389068007469177246 0.222752004861831665 0.101847000420093536 100
0.391068011522293091 0.222317993640899658 0.102191001176834106 100
0.393068999052047729 0.221853002905845642 0.102534003555774689 100
0.395069003105163574 0.221357002854347229 0.102877996861934662 100
0.397069990634918213 0.220828995108604431 0.103221997618675232 100
0.400065004825592041 0.221208006143569946 0.103761002421379089 100
0.402067005634307861 0.220607995986938477 0.104106001555919647 100
0.4040679931640625 0.219975993037223816 0.104450002312660217 100
0.407063990831375122 0.220219999551773071 0.104988999664783478 100
0.410059988498687744 0.220411002635955811 0.105527997016906738 100
0.412061989307403564 0.219665005803108215 0.105874001979827881 100
0.414063990116119385 0.218887001276016235 0.106219001114368439 100
0.416067004203796387 0.218078002333641052 0.106564000248908997 100
0.420058012008666992 0.218948006629943848 0.107297003269195557 100
0.42305600643157959 0.218899995088577271 0.107836000621318817 100
0.426052987575531006 0.218801006674766541 0.10837399959564209 100
0.429051011800765991 0.218649998307228088 0.10891299694776535 100
0.431053996086120605 0.217632994055747986 0.109259001910686493 100
0.434053003787994385 0.217389002442359924 0.109797999262809753 100
0.436057001352310181 0.216298997402191162 0.110143996775150299 100
0.43905600905418396 0.215961992740631104 0.110683001577854156 100
0.443049997091293335 0.216349005699157715 0.111414000391960144 100
0.446049004793167114 0.215899005532264709 0.111951999366283417 100
0.449048995971679688 0.215398997068405151 0.112490996718406677 100
0.36507299542427063 0.227840006351470947 0.0958836972713470459 100
0.366079002618789673 0.226650997996330261 0.0960156992077827454 100
0.368077993392944336 0.226566001772880554 0.0963378027081489563 100
0.369082987308502197 0.225354000926017761 0.0964718014001846313 100
0.371082007884979248 0.225223004817962646 0.096795201301574707 100
0.372087985277175903 0.223985001444816589 0.0969308987259864807 100
0.374087005853652954 0.223805993795394897 0.0972554981708526611 100
0.376085996627807617 0.223597005009651184 0.0975804999470710754 100
0.378086000680923462 0.223358005285263062 0.0979057997465133667 100
0.380084991455078125 0.22308899462223053 0.0982315987348556519 100
0.38208499550819397 0.222789004445075989 0.0985577031970024109 100
0.384084999561309814 0.222459003329277039 0.0988842025399208069 100
0.387079000473022461 0.223097994923591614 0.0993975028395652771 100
0.388085991144180298 0.221706002950668335 0.0995379984378814697 100
0.391079992055892944 0.222261995077133179 0.100051000714302063 100
0.393081009387969971 0.22179800271987915 0.100378997623920441 100
0.395081013441085815 0.221302002668380737 0.100707001984119415 100
0.397082000970840454 0.220776006579399109 0.101034998893737793 100
0.399084001779556274 0.220218002796173096 0.101363003253936768 100
0.402078986167907715 0.22055499255657196 0.101876996457576752 100
0.404080986976623535 0.219925001263618469 0.102205000817775726 100
0.407077014446258545 0.220167994499206543 0.102719001471996307 100
0.410073012113571167 0.22035999596118927 0.103231996297836304 100
0.412075012922286987 0.219613999128341675 0.103560999035835266 100
0.414077013731002808 0.218836992979049683 0.103891000151634216 100
0.417073994874954224 0.218893006443977356 0.10440400242805481 100
0.420071005821228027 0.218897998332977295 0.104918003082275391 100
0.423069000244140625 0.218851000070571899 0.105430997908115387 100
0.426066994667053223 0.218751996755599976 0.10594400018453598 100
0.42906498908996582 0.218601003289222717 0.106458000838756561 100
0.432063013315200806 0.218399003148078918 0.106971003115177155 100
0.434067010879516602 0.217341005802154541 0.107300996780395508 100
0.437065988779067993 0.217045992612838745 0.107813999056816101 100
0.440064996480941772 0.216699004173278809 0.108327001333236694 100
0.443064004182815552 0.216302007436752319 0.108840003609657288 100
0.446063995361328125 0.215852007269859314 0.109353996813297272 100
0.449063003063201904 0.215351998805999756 0.109866999089717865 100
0.365083992481231689 0.227776005864143372 0.0939496979117393494 100
0.366089999675750732 0.226587995886802673 0.0940755978226661682 100
0.368088990449905396 0.226503998041152954 0.0943818986415863037 100
0.369094014167785645 0.225292995572090149 0.0945096984505653381 100
0.371093004941940308 0.225162997841835022 0.0948171988129615784 100
0.372099012136459351 0.223927006125450134 0.0949466004967689514 100
0.374098002910614014 0.223747998476028442 0.0952553004026412964 100
0.376098006963729858 0.223539993166923523 0.0955642983317375183 100
0.378096997737884521 0.223302006721496582 0.0958736985921859741 100
0.380097001791000366 0.22303299605846405 0.0961835011839866638 100
0.382097005844116211 0.222734004259109497 0.0964936017990112305 100
0.384097009897232056 0.222405001521110535 0.0968040004372596741 100
0.387091010808944702 0.22304399311542511 0.097291901707649231 100
0.389091014862060547 0.222643002867698669 0.0976027026772499084 100
0.391092002391815186 0.222210004925727844 0.0979138016700744629 100
0.393092989921569824 0.221745997667312622 0.0982251986861228943 100
0.395094007253646851 0.221250995993614197 0.0985367968678474426 100
0.397094994783401489 0.220724999904632568 0.0988487005233764648 100
0.399096012115478516 0.220167994499206543 0.099160902202129364 100
0.402092009782791138 0.220504999160766602 0.0996491014957427979 100
0.404092997312545776 0.219874992966651917 0.099961496889591217 100
0.407088994979858398 0.220118999481201172 0.100450001657009125 100
0.409090995788574219 0.219416007399559021 0.100762002170085907 100
0.412088006734848022 0.219566002488136292 0.101250998675823212 100
0.414090007543563843 0.218788996338844299 0.101563997566699982 100
0.417086988687515259 0.218845993280410767 0.102052003145217896 100
0.420085012912750244 0.218851000070571899 0.102540001273155212 100
0.42308199405670166 0.218804001808166504 0.103027999401092529 100
0.426079988479614258 0.21870499849319458 0.103515997529029846 100
0.429078012704849243 0.21855500340461731 0.10400400310754776 100
0.432076990604400635 0.218353003263473511 0.104491002857685089 100
0.435075998306274414 0.218099996447563171 0.104979000985622406 100
0.43707999587059021 0.216999992728233337 0.105292998254299164 100
0.440079003572463989 0.216654002666473389 0.105780996382236481 100
0.443078011274337769 0.216255992650985718 0.106269001960754395 100
0.446078002452850342 0.215808004140853882 0.106756001710891724 100
0.364102005958557129 0.226582005620002747 0.0918470025062561035 100
0.366100996732711792 0.226528003811836243 0.0921370014548301697 100
0.368099987506866455 0.226445004343986511 0.0924274995923042297 100
0.369105011224746704 0.225235000252723694 0.0925490036606788635 100
0.370110988616943359 0.22401900589466095 0.0926714017987251282 100
0.37211000919342041 0.223870992660522461 0.0929637998342514038 100
0.374108999967575073 0.223692998290061951 0.0932565033435821533 100
0.376109004020690918 0.223486006259918213 0.0935496017336845398 100
0.378109008073806763 0.223249003291130066 0.0938429981470108032 100
0.380107998847961426 0.222981005907058716 0.0941367968916893005 100
0.382108002901077271 0.222681999206542969 0.0944309011101722717 100
0.384108990430831909 0.222352996468544006 0.0947253033518791199 100
0.386108994483947754 0.221992999315261841 0.095020003616809845 100
0.388108998537063599 0.22160300612449646 0.0953148975968360901 100
0.390109986066818237 0.221181005239486694 0.095610201358795166 100
0.393105000257492065 0.221697002649307251 0.0960728004574775696 100
0.394111990928649902 0.220245003700256348 0.0962013974785804749 100
0.39710700511932373 0.220677003264427185 0.0966641008853912354 100
0.399107992649078369 0.22011999785900116 0.0969602018594741821 100
0.401109993457794189 0.219531998038291931 0.0972563996911048889 100
0.404105991125106812 0.219827994704246521 0.0977191999554634094 100
0.406107991933822632 0.219166994094848633 0.0980158001184463501 100
0.409103989601135254 0.219368994235992432 0.0984785035252571106 100
0.412101000547409058 0.219520002603530884 0.0989411994814872742 100
0.414103001356124878 0.218743994832038879 0.0992380976676940918 100
0.417100012302398682 0.218801006674766541 0.0997008010745048523 100
0.419102996587753296 0.217950999736785889 0.0999979004263877869 100
0.422100991010665894 0.217914000153541565 0.100460998713970184 100
0.425098985433578491 0.217825993895530701 0.100923001766204834 100
0.428097009658813477 0.217685997486114502 0.101386003196239471 100
0.431095987558364868 0.217494994401931763 0.101847998797893524 100
0.434094995260238647 0.217252001166343689 0.102311000227928162 100
0.437094002962112427 0.216957002878189087 0.102773003280162811 100
0.440093010663986206 0.216610997915267944 0.103235997259616852 100
0.443093001842498779 0.216214001178741455 0.103698000311851501 100
0.446092009544372559 0.215764999389648438 0.104160003364086151 100
0.365105986595153809 0.227657005190849304 0.0900863036513328552 100
0.366111993789672852 0.226471006870269775 0.0901997983455657959 100
0.368111014366149902 0.22639000415802002 0.0904745981097221375 100
0.369116008281707764 0.22518099844455719 0.0905897989869117737 100
0.371114999055862427 0.225051999092102051 0.090865597128868103 100
0.37212100625038147 0.223818004131317139 0.0909823030233383179 100
0.374121010303497314 0.223642006516456604 0.091259002685546875 100
0.376120001077651978 0.223434999585151672 0.091536201536655426 100
0.378120005130767822 0.223197996616363525 0.091813601553440094 100
0.380120009183883667 0.222930997610092163 0.0920913964509963989 100
0.382120013236999512 0.222633004188537598 0.0923694968223571777 100
0.384119987487792969 0.222304999828338623 0.0926479026675224304 100
0.387115001678466797 0.22294500470161438 0.0930847004055976868 100
0.38812100887298584 0.221555992960929871 0.0932053998112678528 100
0.390121996402740479 0.221134006977081299 0.0934844985604286194 100
0.393117010593414307 0.221650004386901855 0.0939216986298561096 100
0.394124001264572144 0.22019900381565094 0.0940435007214546204 100
0.397118985652923584 0.220631003379821777 0.0944807976484298706 100
0.39912000298500061 0.22007499635219574 0.094760701060295105 100
0.401122003793716431 0.219486996531486511 0.0950409024953842163 100
0.404118001461029053 0.219784006476402283 0.0954781994223594666 100
0.406120002269744873 0.219123005867004395 0.0957586020231246948 100
0.409117013216018677 0.219326004385948181 0.0961958989500999451 100
0.412113994359970093 0.219476997852325439 0.0966330990195274353 100
0.414115995168685913 0.218701004981994629 0.0969137996435165405 100
0.417113989591598511 0.218758001923561096 0.0973510965704917908 100
0.419115990400314331 0.217908993363380432 0.0976321026682853699 100
0.423108994960784912 0.218716993927955627 0.0982253998517990112 100
0.42610698938369751 0.218619003891944885 0.0986625030636787415 100
0.428110986948013306 0.217645004391670227 0.0989437028765678406 100
0.431109994649887085 0.2174530029296875 0.0993807986378669739 100
0.434109002351760864 0.217209994792938232 0.0998179018497467041 100
0.437108010053634644 0.216915994882583618 0.100254997611045837 100
0.440106987953186035 0.216570004820823669 0.100691996514797211 100
0.443107008934020996 0.216172993183135986 0.101129002869129181 100
0.447102010250091553 0.216490000486373901 0.101721003651618958 100
0.364124000072479248 0.226469993591308594 0.0880056023597717285 100
0.365128993988037109 0.225297003984451294 0.0881132036447525024 100
0.36712801456451416 0.225227996706962585 0.0883722975850105286 100
0.368133991956710815 0.224031999707221985 0.0884813964366912842 100
0.370133012533187866 0.223914995789527893 0.0887415036559104919 100
0.372132003307342529 0.223768994212150574 0.0890019983053207397 100
0.374132007360458374 0.223592996597290039 0.0892627984285354614 100
0.376130998134613037 0.223387002944946289 0.089524000883102417 100
0.378131002187728882 0.22315099835395813 0.0897855013608932495 100
0.381125003099441528 0.223915994167327881 0.0901964977383613586 100
0.382131010293960571 0.22258700430393219 0.0903092995285987854 100
0.385125994682312012 0.223269000649452209 0.0907206013798713684 100
0.386132001876831055 0.221900001168251038 0.090834200382232666 100
0.389126986265182495 0.222499996423721313 0.091245703399181366 100
0.391128003597259521 0.222068995237350464 0.0915085971355438232 100
0.39312899112701416 0.221606001257896423 0.0917716994881629944 100
0.394136011600494385 0.220155999064445496 0.0918869003653526306 100
0.396136999130249023 0.219641998410224915 0.0921505987644195557 100
0.399132996797561646 0.220033004879951477 0.0925624966621398926 100
0.401134014129638672 0.219445005059242249 0.0928265005350112915 100
0.403135985136032104 0.218826994299888611 0.0930906981229782104 100
0.406132996082305908 0.219081997871398926 0.0935026034712791443 100
0.40912899374961853 0.219284996390342712 0.0939143970608711243 100
0.411132007837295532 0.218550994992256165 0.0941789001226425171 100
0.414128988981246948 0.21865999698638916 0.094590798020362854 100
0.417127013206481934 0.218718007206916809 0.0950025990605354309 100
0.419129997491836548 0.217868998646736145 0.0952674001455307007 100
0.422127991914749146 0.217832997441291809 0.0956792011857032776 100
0.425125986337661743 0.217745006084442139 0.0960910022258758545 100
0.428124010562896729 0.217604994773864746 0.0965026989579200745 100
0.43112298846244812 0.217414006590843201 0.0969144031405448914 100
0.434121996164321899 0.217171996831893921 0.0973260998725891113 100
0.436127007007598877 0.21608300507068634 0.097591497004032135 100
0.440120995044708252 0.216532006859779358 0.0981493964791297913 100
0.443120986223220825 0.216134995222091675 0.0985611006617546082 100
0.446121007204055786 0.215687006711959839 0.0989727005362510681 100
0.364134013652801514 0.226420000195503235 0.0860866978764533997 100
0.365139991044998169 0.225247994065284729 0.086188100278377533 100
0.36713901162147522 0.225179001688957214 0.0864313989877700806 100
0.368144989013671875 0.223984003067016602 0.0865342020988464355 100
0.370144009590148926 0.223867997527122498 0.0867784023284912109 100
0.372143000364303589 0.223722994327545166 0.0870229005813598633 100
0.374143004417419434 0.223546996712684631 0.0872678011655807495 100
0.376143008470535278 0.223342001438140869 0.0875129997730255127 100
0.378143012523651123 0.22310599684715271 0.0877584964036941528 100
0.38014298677444458 0.222839996218681335 0.0880042016506195068 100
0.382142990827560425 0.222543999552726746 0.0882501974701881409 100
0.38414299488067627 0.222215995192527771 0.0884964987635612488 100
0.386144012212753296 0.221857994794845581 0.0887430980801582336 100
0.388144999742507935 0.221468999981880188 0.0889898017048835754 100
0.391140013933181763 0.222027003765106201 0.0893758982419967651 100
0.393141001462936401 0.221564993262290955 0.0896228998899459839 100
0.39514198899269104 0.221072003245353699 0.0898701995611190796 100
0.397143006324768066 0.220548003911972046 0.0901177003979682922 100
0.399145007133483887 0.219992995262145996 0.0903652980923652649 100
0.401147007942199707 0.219405993819236755 0.0906132012605667114 100
0.404143005609512329 0.219703003764152527 0.090999603271484375 100
0.406145006418228149 0.219043001532554626 0.0912477001547813416 100
0.409141987562179565 0.219246000051498413 0.0916341021656990051 100
0.411145001649856567 0.218512997031211853 0.0918824002146720886 100
0.414142012596130371 0.218621999025344849 0.0922688022255897522 100
0.416144996881484985 0.217814996838569641 0.0925173982977867126 100
0.419142991304397583 0.217831000685691833 0.0929038003087043762 100
0.422140985727310181 0.217794999480247498 0.0932902023196220398 100
0.425139009952545166 0.217708006501197815 0.0936765968799591064 100
0.428137987852096558 0.217567995190620422 0.09406290203332901 100
0.431136995553970337 0.217377007007598877 0.0944491997361183167 100
0.434136003255844116 0.217134997248649597 0.0948354974389076233 100
0.436141014099121094 0.216047003865242004 0.0950846970081329346 100
0.439139991998672485 0.215710997581481934 0.0954710990190505981 100
0.443134993314743042 0.216098994016647339 0.0959943011403083801 100
0.446135997772216797 0.215651005506515503 0.0963805988430976868 100
0.44913598895072937 0.215150997042655945 0.0967668965458869934 100
0.364145010709762573 0.226373001933097839 0.0841690003871917725 100
0.366144001483917236 0.226321995258331299 0.0843959003686904907 100
0.367150008678436279 0.225134000182151794 0.0844916030764579773 100
0.368155002593994141 0.223939001560211182 0.0845881029963493347 100
0.370155006647109985 0.223823994398117065 0.0848162993788719177 100
0.372153997421264648 0.223679006099700928 0.0850450024008750916 100
0.374154001474380493 0.223505005240440369 0.0852738991379737854 100
0.376154005527496338 0.223299995064735413 0.0855031013488769531 100
0.378154009580612183 0.223065003752708435 0.0857324972748756409 100
0.381148010492324829 0.223830997943878174 0.0860927030444145203 100
0.382153987884521484 0.222503006458282471 0.086192302405834198 100
0.385149002075195312 0.223186001181602478 0.0865525975823402405 100
0.386155992746353149 0.221818998456001282 0.0866528972983360291 100
0.389151006937026978 0.22241799533367157 0.0870134979486465454 100
0.391151994466781616 0.221988007426261902 0.0872441977262496948 100
0.393153011798858643 0.221526995301246643 0.0874752029776573181 100
0.394160002470016479 0.220076993107795715 0.0875769034028053284 100
0.397156000137329102 0.220510005950927734 0.0879376977682113647 100
0.39915698766708374 0.219954997301101685 0.0881692022085189819 100
0.401158988475799561 0.219368994235992432 0.0884009972214698792 100
0.404155999422073364 0.219666004180908203 0.0887619033455848694 100
0.406158000230789185 0.219006001949310303 0.0889938026666641235 100
0.408160001039505005 0.218315005302429199 0.0892260000109672546 100
0.411157011985778809 0.218476995825767517 0.0895868986845016479 100
0.413159996271133423 0.217712000012397766 0.089819297194480896 100
0.416157990694046021 0.217779994010925293 0.0901803001761436462 100
0.419155985116958618 0.217795997858047485 0.0905413031578063965 100
0.422154009342193604 0.217759996652603149 0.0909022986888885498 100
0.425152987241744995 0.217673003673553467 0.0912631973624229431 100
0.428151994943618774 0.217534005641937256 0.0916241034865379333 100
0.431151002645492554 0.217343002557754517 0.0919850990176200867 100
0.434150010347366333 0.217100992798805237 0.09234599769115448 100
0.436154007911682129 0.216012999415397644 0.0925789996981620789 100
0.440149992704391479 0.216462001204490662 0.0930676981806755066 100
0.442153990268707275 0.215290993452072144 0.0933009013533592224 100
0.446150004863739014 0.215617001056671143 0.0937895998358726501 100
0.364156007766723633 0.226328998804092407 0.0822523981332778931 100
0.365161001682281494 0.225159004330635071 0.0823412984609603882 100
0.368153989315032959 0.226200997829437256 0.0826748013496398926 100
0.3681659996509552 0.223897993564605713 0.0826430022716522217 100
0.370166003704071045 0.223783999681472778 0.0828552991151809692 100
0.372164994478225708 0.223638996481895447 0.0830679982900619507 100
0.374164998531341553 0.223464995622634888 0.0832808986306190491 100
0.376165002584457397 0.223260998725891113 0.0834940969944000244 100
0.378165006637573242 0.223026007413864136 0.0837076008319854736 100
0.380165994167327881 0.222761005163192749 0.0839212983846664429 100
0.382165998220443726 0.222464993596076965 0.0841351971030235291 100
0.384166985750198364 0.22213900089263916 0.0843494012951850891 100
0.387160986661911011 0.222781002521514893 0.0846844017505645752 100
0.388168007135391235 0.221393004059791565 0.0847783982753753662 100
0.391162991523742676 0.221952006220817566 0.0851135030388832092 100
0.393164992332458496 0.221490994095802307 0.0853284001350402832 100
0.395166009664535522 0.220999002456665039 0.0855434015393257141 100
0.397168010473251343 0.220475003123283386 0.085758700966835022 100
0.399168998003005981 0.219920992851257324 0.0859740972518920898 100
0.401170998811721802 0.219334006309509277 0.0861897021532058716 100
0.403172999620437622 0.218716993927955627 0.0864053964614868164 100
0.406170010566711426 0.21897299587726593 0.0867409035563468933 100
0.409168004989624023 0.219175994396209717 0.0870764032006263733 100
0.411170005798339844 0.218443006277084351 0.087292402982711792 100
0.413172990083694458 0.217678993940353394 0.0875085964798927307 100
0.416171014308929443 0.217747002840042114 0.0878442004323005676 100
0.419169008731842041 0.217763006687164307 0.0881797969341278076 100
0.422167003154754639 0.217728003859519958 0.0885152965784072876 100
0.425166010856628418 0.217639997601509094 0.0888508036732673645 100
0.42816498875617981 0.217500999569892883 0.0891863033175468445 100
0.431163996458053589 0.217310994863510132 0.0895218998193740845 100
0.433169007301330566 0.216264992952346802 0.089738599956035614 100
0.436167985200881958 0.215981006622314453 0.090074196457862854 100
0.439168006181716919 0.21564599871635437 0.0904098004102706909 100
0.442169010639190674 0.215259000658988953 0.0907453969120979309 100
0.44616401195526123 0.215586006641387939 0.0911995023488998413 100
0.449164986610412598 0.215086996555328369 0.0915350988507270813 100
0.364167004823684692 0.22628900408744812 0.0803368017077445984 100
0.366165995597839355 0.226239994168281555 0.0805319026112556458 100
0.367170989513397217 0.225052997469902039 0.0806151032447814941 100
0.36817699670791626 0.223859995603561401 0.0806988030672073364 100
0.370177000761032104 0.223746001720428467 0.0808952003717422485 100
0.372175991535186768 0.223601996898651123 0.0810919031500816345 100
0.374175995588302612 0.223427996039390564 0.0812888965010643005 100
0.376175999641418457 0.223224997520446777 0.0814860984683036804 100
0.378176987171173096 0.2229900062084198 0.0816835984587669373 100
0.38017699122428894 0.222726002335548401 0.081881202757358551 100
0.382176995277404785 0.222430005669593811 0.0820790976285934448 100
0.385172009468078613 0.223113998770713806 0.0823884978890419006 100
0.38617900013923645 0.221747994422912598 0.0824756026268005371 100
0.389174014329910278 0.222348004579544067 0.0827850997447967529 100
0.391175001859664917 0.221918001770973206 0.0829837024211883545 100
0.393177002668380737 0.221458002924919128 0.0831824988126754761 100
0.394183993339538574 0.220008999109268188 0.0832706019282341003 100
0.397179991006851196 0.220442995429039001 0.08358050137758255 100
0.399181991815567017 0.219888001680374146 0.0837797969579696655 100
0.402177989482879639 0.220228001475334167 0.0840896964073181152 100
0.403185993432998657 0.218685001134872437 0.0841787979006767273 100
0.406183004379272461 0.218941003084182739 0.0844888985157012939 100
0.409179985523223877 0.219144999980926514 0.0847989022731781006 100
0.411182999610900879 0.218411996960639954 0.0849988013505935669 100
0.413186013698577881 0.21764799952507019 0.0851987972855567932 100
0.416184008121490479 0.217717006802558899 0.0855088979005813599 100
0.419182002544403076 0.217732995748519897 0.0858191028237342834 100
0.422181010246276855 0.217696994543075562 0.0861292034387588501 100
0.42418399453163147 0.216775998473167419 0.0863296017050743103 100
0.427183002233505249 0.216647997498512268 0.086639799177646637 100
0.430182993412017822 0.216466993093490601 0.0869499966502189636 100
0.433182001113891602 0.216234996914863586 0.0872602015733718872 100
0.436181992292404175 0.215950995683670044 0.0875703990459442139 100
0.439182013273239136 0.215616002678871155 0.0878805965185165405 100
0.443177998065948486 0.21600399911403656 0.0883001983165740967 100
0.446179002523422241 0.21555599570274353 0.0886104032397270203 100
0.36417698860168457 0.226252004504203796 0.0784220024943351746 100
0.366176992654800415 0.226202994585037231 0.0786013007164001465 100
0.367181986570358276 0.225016996264457703 0.0786781981587409973 100
0.368187993764877319 0.223824992775917053 0.078755497932434082 100
0.370187997817993164 0.223710998892784119 0.0789360031485557556 100
0.372186988592147827 0.223568007349967957 0.0791167020797729492 100
0.374186992645263672 0.223395004868507385 0.0792976990342140198 100
0.376188009977340698 0.223190993070602417 0.0794788971543312073 100
0.378188014030456543 0.222957998514175415 0.0796602964401245117 100
0.38018798828125 0.222692996263504028 0.07984200119972229 100
0.382189005613327026 0.222397997975349426 0.0800238028168678284 100
0.384189993143081665 0.222073003649711609 0.0802059024572372437 100
0.387185007333755493 0.222715005278587341 0.0804899036884307861 100
0.389185994863510132 0.22231699526309967 0.0806721970438957214 100
0.391187012195587158 0.22188800573348999 0.0808546990156173706 100
0.393189013004302979 0.221426993608474731 0.0810372978448867798 100
0.395190000534057617 0.220936000347137451 0.0812202021479606628 100
0.397192001342773438 0.220412999391555786 0.0814032033085823059 100
0.399194002151489258 0.219859004020690918 0.081586301326751709 100
0.402191013097763062 0.220198005437850952 0.0818706974387168884 100
0.404193013906478882 0.21957099437713623 0.0820541009306907654 100
0.406195014715194702 0.218912005424499512 0.0822376012802124023 100
0.408197999000549316 0.218222007155418396 0.0824213027954101562 100
0.411195993423461914 0.218383997678756714 0.0827059000730514526 100
0.414193987846374512 0.218493998050689697 0.082990601658821106 100
0.416197001934051514 0.217687994241714478 0.0831744968891143799 100
0.418199986219406128 0.216850996017456055 0.0833586007356643677 100
0.422194004058837891 0.217668995261192322 0.0837439000606536865 100
0.42519301176071167 0.217582002282142639 0.0840286016464233398 100
0.427197009325027466 0.216619998216629028 0.0842128992080688477 100
0.430195987224578857 0.216440007090568542 0.084497697651386261 100
0.433196008205413818 0.216207996010780334 0.0847825035452842712 100
0.436195999383926392 0.215923994779586792 0.0850673019886016846 100
0.439195990562438965 0.215589001774787903 0.0853521972894668579 100
0.443192005157470703 0.215976998209953308 0.0857371985912322998 100
0.446193009614944458 0.215528994798660278 0.0860221013426780701 100
0.449194014072418213 0.21503099799156189 0.0863069966435432434 100
0.36418798565864563 0.226218000054359436 0.0765080004930496216 100
0.365193992853164673 0.225050002336502075 0.0765781030058860779 100
0.368187010288238525 0.226092994213104248 0.0768352970480918884 100
0.368198990821838379 0.223792999982833862 0.0768129974603652954 100
0.370198994874954224 0.223680004477500916 0.0769774988293647766 100
0.372197985649108887 0.22353699803352356 0.0771422982215881348 100
0.374197989702224731 0.223363995552062988 0.0773072987794876099 100
0.376199007034301758 0.223160997033119202 0.0774725005030632019 100
0.378199011087417603 0.2229280024766922 0.0776379033923149109 100
0.380199998617172241 0.222663998603820801 0.0778034999966621399 100
0.382200002670288086 0.222369000315666199 0.0779692977666854858 100
0.384200990200042725 0.222044005990028381 0.0781351998448371887 100
0.387196004390716553 0.22268599271774292 0.0783936977386474609 100
0.389198005199432373 0.222287997603416443 0.0785600021481513977 100
0.391198992729187012 0.221858993172645569 0.0787264034152030945 100
0.393200010061264038 0.221398994326591492 0.0788929015398025513 100
0.395202010869979858 0.220908001065254211 0.079059697687625885 100
0.397204011678695679 0.220385998487472534 0.0792265012860298157 100
0.399206012487411499 0.219832003116607666 0.0793934985995292664 100
0.402202993631362915 0.2201710045337677 0.0796525031328201294 100
0.404204994440078735 0.219543993473052979 0.079819701611995697 100
0.406208008527755737 0.218886002898216248 0.0799871012568473816 100
0.408210009336471558 0.218195006251335144 0.0801545977592468262 100
0.411208003759384155 0.21835799515247345 0.0804138034582138062 100
0.414205998182296753 0.218467995524406433 0.0806730017066001892 100
0.416209995746612549 0.217662006616592407 0.0808408036828041077 100
0.419207990169525146 0.217678993940353394 0.0811000019311904907 100
0.421211987733840942 0.216800004243850708 0.0812679976224899292 100
0.424210995435714722 0.216722995042800903 0.0815273970365524292 100
0.427210003137588501 0.216594994068145752 0.0817867964506149292 100
0.430209994316101074 0.216414004564285278 0.0820462033152580261 100
0.433209985494613647 0.21618199348449707 0.0823056027293205261 100
0.435214012861251831 0.215104997158050537 0.0824740007519721985 100
0.439209997653961182 0.215563997626304626 0.0828244984149932861 100
0.442211002111434937 0.215177997946739197 0.0830840989947319031 100
0.446206986904144287 0.215505003929138184 0.0834344998002052307 100
0.449209004640579224 0.215005993843078613 0.0836941003799438477 100
0.364199012517929077 0.226187005639076233 0.0745948031544685364 100
0.36619800329208374 0.226140007376670837 0.0747425034642219543 100
0.367204010486602783 0.224955007433891296 0.07480660080909729 100
0.368209987878799438 0.223764002323150635 0.0748711004853248596 100
0.370209008455276489 0.223651006817817688 0.0750197023153305054 100
0.372209012508392334 0.22350899875164032 0.0751684978604316711 100
0.374210000038146973 0.223335996270179749 0.0753175020217895508 100
0.376210004091262817 0.22313399612903595 0.0754666998982429504 100
0.378210008144378662 0.222901001572608948 0.075616098940372467 100
0.380210995674133301 0.222636997699737549 0.0757656022906303406 100
0.382212013006210327 0.222342997789382935 0.0759154036641120911 100
0.385206997394561768 0.223027005791664124 0.076148301362991333 100
0.386213988065719604 0.221661999821662903 0.0762152969837188721 100
0.388215005397796631 0.221275001764297485 0.0763655975461006165 100
0.391211003065109253 0.221834003925323486 0.0765986964106559753 100
0.393211990594863892 0.221374005079269409 0.0767491981387138367 100
0.394219011068344116 0.219926998019218445 0.0768171027302742004 100
0.397215992212295532 0.220360994338989258 0.0770504996180534363 100
0.399217993021011353 0.21980699896812439 0.0772014036774635315 100
0.402215003967285156 0.220146998763084412 0.0774348974227905273 100
0.404217988252639771 0.219520002603530884 0.0775860026478767395 100
0.406219989061355591 0.218860998749732971 0.0777371972799301147 100
0.408223003149032593 0.218171000480651855 0.0778886005282402039 100
0.41122099757194519 0.218334004282951355 0.0781223028898239136 100
0.413224011659622192 0.217570006847381592 0.0782738029956817627 100
0.416222989559173584 0.217638999223709106 0.0785076990723609924 100
0.419221013784408569 0.217656001448631287 0.0787414982914924622 100
0.421225011348724365 0.216776996850967407 0.0788932964205741882 100
0.424223989248275757 0.216700002551078796 0.0791272968053817749 100
0.427224010229110718 0.216571003198623657 0.0793612971901893616 100
0.430222988128662109 0.216390997171401978 0.0795952975749969482 100
0.43322300910949707 0.216159000992774963 0.0798292979598045349 100
0.43522799015045166 0.21508200466632843 0.0799816027283668518 100
0.439224004745483398 0.21554100513458252 0.0802974998950958252 100
0.442225009202957153 0.21515500545501709 0.0805317014455795288 100
0.445226013660430908 0.21471799910068512 0.0807659029960632324 100
0.44922301173210144 0.214983001351356506 0.0810818970203399658 100
0.364208996295928955 0.226160004734992981 0.0726822018623352051 100
0.3662090003490448 0.226113006472587585 0.0728140026330947876 100
0.367215007543563843 0.224929004907608032 0.0728717967867851257 100
0.369213998317718506 0.224834993481636047 0.0730040967464447021 100
0.370220005512237549 0.223626002669334412 0.073062501847743988 100
0.372220009565353394 0.223483994603157043 0.0731953009963035583 100
0.373225986957550049 0.222248002886772156 0.0732543990015983582 100
0.376221001148223877 0.223109006881713867 0.0734615027904510498 100
0.378221005201339722 0.222875997424125671 0.073594801127910614 100
0.38022199273109436 0.222613006830215454 0.0737283974885940552 100
0.382223010063171387 0.22231900691986084 0.0738620012998580933 100
0.384223997592926025 0.221993997693061829 0.0739959031343460083 100
0.386224985122680664 0.221637994050979614 0.0741297975182533264 100
0.389221012592315674 0.222239002585411072 0.074337497353553772 100
0.391223013401031494 0.221810996532440186 0.074471697211265564 100
0.393224000930786133 0.221350997686386108 0.0746060013771057129 100
0.395226001739501953 0.220861002802848816 0.0747404992580413818 100
0.39623299241065979 0.21939300000667572 0.0748018026351928711 100
0.399230003356933594 0.219785004854202271 0.0750098973512649536 100
0.401232987642288208 0.219200000166893005 0.0751447007060050964 100
0.404229998588562012 0.219497993588447571 0.0753528028726577759 100
0.406233012676239014 0.21884000301361084 0.0754878968000411987 100
0.409231007099151611 0.219043999910354614 0.0756961032748222351 100
0.411233991384506226 0.218311995267868042 0.0758313983678817749 100
0.414231985807418823 0.218422994017601013 0.0760397017002105713 100
0.415239989757537842 0.2167540043592453 0.0761021971702575684 100
0.419234007596969604 0.217634007334709167 0.0763835981488227844 100
0.422232985496520996 0.217599004507064819 0.0765921026468276978 100
0.424237996339797974 0.216679006814956665 0.0767278000712394714 100
0.427237004041671753 0.216551005840301514 0.0769364014267921448 100
0.430236995220184326 0.216370999813079834 0.0771450027823448181 100
0.433236986398696899 0.21613900363445282 0.0773535966873168945 100
0.435241997241973877 0.215062007308006287 0.0774896964430809021 100
0.438243001699447632 0.214736998081207275 0.0776984989643096924 100
0.442238986492156982 0.215134993195533752 0.0779798999428749084 100
0.446236014366149902 0.215461000800132751 0.0782613977789878845 100
0.449238002300262451 0.214963003993034363 0.0784702003002166748 100
0.364219993352890015 0.226135998964309692 0.0707700997591018677 100
0.366219013929367065 0.226089999079704285 0.0708860009908676147 100
0.367224991321563721 0.224905997514724731 0.0709374994039535522 100
0.368230998516082764 0.223716005682945251 0.0709891989827156067 100
0.370231002569198608 0.223603993654251099 0.0711058005690574646 100
0.372231006622314453 0.223462000489234924 0.0712227001786231995 100
0.374231994152069092 0.223289996385574341 0.0713396966457366943 100
0.376231998205184937 0.223087996244430542 0.0714567974209785461 100
0.378232985734939575 0.22285500168800354 0.0715740993618965149 100
0.38023298978805542 0.222591996192932129 0.0716916024684906006 100
0.382234007120132446 0.222297996282577515 0.0718092024326324463 100
0.384234994649887085 0.221973001956939697 0.0719270035624504089 100
0.386236995458602905 0.221617996692657471 0.0720449015498161316 100
0.388238012790679932 0.221230998635292053 0.0721628963947296143 100
0.391234010457992554 0.221790999174118042 0.0723451003432273865 100
0.393236011266708374 0.221331000328063965 0.0724632963538169861 100
0.394243001937866211 0.219885006546974182 0.0725177004933357239 100
0.397240012884140015 0.220319002866744995 0.072700202465057373 100
0.399242013692855835 0.219764992594718933 0.0728188008069992065 100
0.401244997978210449 0.21918100118637085 0.072937503457069397 100
0.404242008924484253 0.219478994607925415 0.0731201991438865662 100
0.406244993209838867 0.218821004033088684 0.0732391029596328735 100
0.409242987632751465 0.219025000929832458 0.0734219029545783997 100
0.411246001720428467 0.218292996287345886 0.0735410004854202271 100
0.414245009422302246 0.218403995037078857 0.0737238973379135132 100
0.41624799370765686 0.217599004507064819 0.0738430991768836975 100
0.418251991271972656 0.216762006282806396 0.0739625021815299988 100
0.421250998973846436 0.21673700213432312 0.0741456001996994019 100
0.424250990152359009 0.216661006212234497 0.0743288025259971619 100
0.42725101113319397 0.216532006859779358 0.0745119005441665649 100
0.430251002311706543 0.216352000832557678 0.074695199728012085 100
0.433250993490219116 0.216120004653930664 0.074878498911857605 100
0.435256004333496094 0.215044006705284119 0.0749984011054039001 100
0.438257008790969849 0.214718997478485107 0.0751817971467971802 100
0.442252993583679199 0.215115994215011597 0.0754287019371986389 100
0.446249991655349731 0.215443000197410583 0.0756755992770195007 100
0.449252009391784668 0.214945003390312195 0.0758591964840888977 100
0.36423000693321228 0.226116001605987549 0.0688584968447685242 100
0.366230010986328125 0.226069003343582153 0.0689586028456687927 100
0.368229985237121582 0.225994005799293518 0.0690587982535362244 100
0.369235992431640625 0.224793002009391785 0.0691040977835655212 100
0.370241999626159668 0.223583996295928955 0.0691495984792709351 100
0.372242003679275513 0.223443001508712769 0.0692505016922950745 100
0.374242991209030151 0.223270997405052185 0.0693513974547386169 100
0.376242995262145996 0.223068997263908386 0.0694525986909866333 100
0.378244012594223022 0.222836002707481384 0.0695537999272346497 100
0.380245000123977661 0.222572997212409973 0.069655299186706543 100
0.3822459876537323 0.222279995679855347 0.0697567984461784363 100
0.384247004985809326 0.221955001354217529 0.0698584988713264465 100
0.386247992515563965 0.221599996089935303 0.0699603036046028137 100
0.389243990182876587 0.22220100462436676 0.0701169967651367188 100
0.390251010656356812 0.220796003937721252 0.0701643005013465881 100
0.393247991800308228 0.221313998103141785 0.0703210979700088501 100
0.394255012273788452 0.219867005944252014 0.0703686997294425964 100
0.397251993417739868 0.220302000641822815 0.0705256983637809753 100
0.399253994226455688 0.219748005270957947 0.0706280991435050964 100
0.402251988649368286 0.220088005065917969 0.0707852989435195923 100
0.404255002737045288 0.219462007284164429 0.0708879008889198303 100
0.406257987022399902 0.218804001808166504 0.0709906965494155884 100
0.409256011247634888 0.219007998704910278 0.0711480006575584412 100
0.411258995532989502 0.218277007341384888 0.0712509006261825562 100
0.413262009620666504 0.217513993382453918 0.0713540017604827881 100
0.416260987520217896 0.217582002282142639 0.0715114995837211609 100
0.418265014886856079 0.216746002435684204 0.0716146975755691528 100
0.421263992786407471 0.216720998287200928 0.0717723965644836426 100
0.424264013767242432 0.216644003987312317 0.0719301998615264893 100
0.427264004945755005 0.216516003012657166 0.0720880031585693359 100
0.430263996124267578 0.216335996985435486 0.0722457990050315857 100
0.433263987302780151 0.216104000806808472 0.0724036991596221924 100
0.435270011425018311 0.215027004480361938 0.0725073963403701782 100
0.439265996217727661 0.215486004948616028 0.0727197006344795227 100
0.442267000675201416 0.215100005269050598 0.0728778988122940063 100
0.44626501202583313 0.215426996350288391 0.0730902999639511108 100
0.449265986680984497 0.214928001165390015 0.0732484981417655945 100
0.36424100399017334 0.226098001003265381 0.0669473037123680115 100
0.366241008043289185 0.226052001118659973 0.0670315027236938477 100
0.368241012096405029 0.225977003574371338 0.0671157985925674438 100
0.368252992630004883 0.223679006099700928 0.0671091005206108093 100
0.370252996683120728 0.223568007349967957 0.0671937987208366394 100
0.372253000736236572 0.223425999283790588 0.0672786012291908264 100
0.374253988265991211 0.223254993557929993 0.0673635974526405334 100
0.376253992319107056 0.223052993416786194 0.0674486979842185974 100
0.378255009651184082 0.22282099723815918 0.0675339028239250183 100
0.380255997180938721 0.222558006644248962 0.0676193013787269592 100
0.382257014513015747 0.222264006733894348 0.0677047967910766602 100
0.384258002042770386 0.221939995884895325 0.067790396511554718 100
0.386260002851486206 0.221585005521774292 0.0678761005401611328 100
0.389256000518798828 0.222185999155044556 0.0680072978138923645 100
0.390262991189956665 0.220780998468399048 0.0680477991700172424 100
0.393260002136230469 0.22129899263381958 0.0681791976094245911 100
0.394266992807388306 0.219852998852729797 0.0682199969887733459 100
0.396268993616104126 0.219340994954109192 0.0683062002062797546 100
0.399266988039016724 0.21973399817943573 0.0684377998113632202 100
0.402263998985290527 0.220073997974395752 0.0685695037245750427 100
0.404267013072967529 0.219447001814842224 0.0686559975147247314 100
0.406269997358322144 0.218788996338844299 0.068742603063583374 100
0.409267991781234741 0.218994006514549255 0.0688745006918907166 100
0.411271989345550537 0.218262001872062683 0.0689612999558448792 100
0.413275003433227539 0.217500001192092896 0.0690480992197990417 100
0.416274011135101318 0.217567995190620422 0.0691803023219108582 100
0.418278008699417114 0.216731995344161987 0.0692673027515411377 100
0.421276986598968506 0.216707006096839905 0.0693996027112007141 100
0.424277007579803467 0.2166299968957901 0.0695319026708602905 100
0.42727699875831604 0.216501995921134949 0.069664299488067627 100
0.430278003215789795 0.216322004795074463 0.0697968006134033203 100
0.433277994394302368 0.216089993715286255 0.0699293017387390137 100
0.436278998851776123 0.215807005763053894 0.070061899721622467 100
0.439280003309249878 0.215471997857093811 0.0701946020126342773 100
0.441285997629165649 0.214313000440597534 0.0702823027968406677 100
0.445282995700836182 0.214649006724357605 0.070460200309753418 100
0.449281007051467896 0.214913994073867798 0.0706382021307945251 100
0.363256990909576416 0.224953994154930115 0.0650001987814903259 100
0.365256994962692261 0.22491900622844696 0.0650684982538223267 100
0.367256999015808105 0.224856004118919373 0.0651369988918304443 100
0.368263006210327148 0.223665997385978699 0.0651694983243942261 100
0.370263993740081787 0.22355400025844574 0.0652382001280784607 100
0.372263997793197632 0.223413005471229553 0.0653069987893104553 100
0.374264985322952271 0.223241999745368958 0.0653759986162185669 100
0.376264989376068115 0.223039999604225159 0.0654451027512550354 100
0.378266006708145142 0.222808003425598145 0.065514296293258667 100
0.38026699423789978 0.222544997930526733 0.0655836015939712524 100
0.382268011569976807 0.222251996397972107 0.065652996301651001 100
0.385264009237289429 0.222936004400253296 0.0657584965229034424 100
0.387266010046005249 0.22257000207901001 0.0658280998468399048 100
0.389268010854721069 0.222174003720283508 0.0658978000283241272 100
0.39127001166343689 0.221745997667312622 0.0659675970673561096 100
0.39327201247215271 0.221286997199058533 0.066037498414516449 100
0.394279003143310547 0.219840005040168762 0.0660715997219085693 100
0.396281003952026367 0.219328999519348145 0.0661417022347450256 100
0.399278998374938965 0.219722002744674683 0.0662477985024452209 100
0.402276009321212769 0.220062002539634705 0.0663539990782737732 100
0.404278993606567383 0.219435006380081177 0.0664243996143341064 100
0.40727698802947998 0.219681993126869202 0.0665306970477104187 100
0.409280985593795776 0.218981996178627014 0.0666012987494468689 100
0.411283999681472778 0.218251004815101624 0.0666719004511833191 100
0.414283007383346558 0.218361005187034607 0.0667785033583641052 100
0.416287004947662354 0.217555999755859375 0.0668492987751960754 100
0.418291002511978149 0.21671999990940094 0.0669201016426086426 100
0.421290993690490723 0.216694995760917664 0.0670270025730133057 100
0.424290001392364502 0.216618001461029053 0.0671339035034179688 100
0.427291005849838257 0.216490000486373901 0.0672409012913703918 100
0.429295003414154053 0.215497002005577087 0.0673120990395545959 100
0.433292001485824585 0.216077998280525208 0.0674552023410797119 100
0.435297012329101562 0.215002000331878662 0.067526496946811676 100
0.439294010400772095 0.215461000800132751 0.0676698014140129089 100
0.44229501485824585 0.215075001120567322 0.0677772015333175659 100
0.445297002792358398 0.214636996388435364 0.0678846985101699829 100
0.449295014142990112 0.214902997016906738 0.0680281966924667358 100
0.364262014627456665 0.226073995232582092 0.0631256997585296631 100
0.36526799201965332 0.224908992648124695 0.0631515011191368103 100
0.367267996072769165 0.224845007061958313 0.0632039979100227356 100
0.368274003267288208 0.223655998706817627 0.0632300972938537598 100
0.370274007320404053 0.223544001579284668 0.0632828027009963989 100
0.372274994850158691 0.223403006792068481 0.0633357018232345581 100
0.374274998903274536 0.223231002688407898 0.0633886009454727173 100
0.376275986433029175 0.223030000925064087 0.0634417012333869934 100
0.378277003765106201 0.222798004746437073 0.0634948015213012695 100
0.38027799129486084 0.222534999251365662 0.0635481029748916626 100
0.38227999210357666 0.222241997718811035 0.0636013969779014587 100
0.384281009435653687 0.221918001770973206 0.0636548027396202087 100
0.386283010244369507 0.221562996506690979 0.0637084022164344788 100
0.389279007911682129 0.222164005041122437 0.0637886002659797668 100
0.391281008720397949 0.22173599898815155 0.0638422966003417969 100
0.392287999391555786 0.220311000943183899 0.0638694986701011658 100
0.395285993814468384 0.220787003636360168 0.0639500021934509277 100
0.396293014287948608 0.219319999217987061 0.0639773011207580566 100
0.399291008710861206 0.219712004065513611 0.0640579015016555786 100
0.402289003133773804 0.220052003860473633 0.0641387030482292175 100
0.404291987419128418 0.219426006078720093 0.0641928985714912415 100
0.407290011644363403 0.21967199444770813 0.0642737969756126404 100
0.409292995929718018 0.218971997499465942 0.0643282011151313782 100
0.412292003631591797 0.21912500262260437 0.064409300684928894 100
0.414296001195907593 0.218352004885673523 0.0644638016819953918 100
0.416299998760223389 0.217546999454498291 0.0645184963941574097 100
0.418303996324539185 0.216710999608039856 0.0645731016993522644 100
0.421303987503051758 0.21668599545955658 0.0646546036005020142 100
0.424304008483886719 0.216609001159667969 0.064736098051071167 100
0.426308006048202515 0.21565699577331543 0.0647910982370376587 100
0.42930901050567627 0.215487003326416016 0.0648726969957351685 100
0.43330499529838562 0.216068997979164124 0.0649811998009681702 100
0.436305999755859375 0.215785995125770569 0.0650630965828895569 100
0.439307987689971924 0.21545100212097168 0.0651450976729393005 100
0.442308992147445679 0.21506500244140625 0.0652272030711174011 100
0.445311009883880615 0.21462799608707428 0.0653093010187149048 100
0.449308991432189941 0.214892998337745667 0.0654183030128479004 100
0.363278001546859741 0.224935993552207947 0.0611981004476547241 100
0.365278005599975586 0.224901005625724792 0.061234600841999054 100
0.367278993129730225 0.224837005138397217 0.0612712018191814423 100
0.368285000324249268 0.223647996783256531 0.0612908005714416504 100
0.370285004377365112 0.22353699803352356 0.0613275989890098572 100
0.372285991907119751 0.223396003246307373 0.0613644011318683624 100
0.373291999101638794 0.222160995006561279 0.0613842010498046875 100
0.376287013292312622 0.223022997379302979 0.0614384002983570099 100
0.378288000822067261 0.222791001200675964 0.0614755004644393921 100
0.380290001630783081 0.222527995705604553 0.0615127012133598328 100
0.38229098916053772 0.222234994173049927 0.0615499988198280334 100
0.384292006492614746 0.221910998225212097 0.0615873001515865326 100
0.386294007301330566 0.221554994583129883 0.0616246983408927917 100
0.389290988445281982 0.222157001495361328 0.061679501086473465 100
0.391292989253997803 0.221728995442390442 0.0617171004414558411 100
0.393294990062713623 0.221269994974136353 0.0617546997964382172 100
0.395296990871429443 0.22078000009059906 0.0617925003170967102 100
0.397300004959106445 0.220257997512817383 0.0618303008377552032 100
0.39930298924446106 0.219705000519752502 0.0618681982159614563 100
0.401306003332138062 0.219120994210243225 0.0619061999022960663 100
0.404303997755050659 0.219419002532958984 0.0619615986943244934 100
0.407301992177963257 0.219665005803108215 0.0620171017944812775 100
0.409305989742279053 0.218964993953704834 0.0620553009212017059 100
0.411309003829956055 0.218234002590179443 0.0620936006307601929 100
0.414308995008468628 0.218344002962112427 0.0621493011713027954 100
0.415316998958587646 0.216676995158195496 0.0621703006327152252 100
0.41831699013710022 0.21670299768447876 0.0622262991964817047 100
0.420320987701416016 0.215835005044937134 0.0622649006545543671 100
0.423321008682250977 0.215768992900848389 0.062320999801158905 100
0.426322013139724731 0.215650007128715515 0.0623771995306015015 100
0.429322004318237305 0.215479999780654907 0.0624334998428821564 100
0.433319002389907837 0.216061994433403015 0.0625073984265327454 100
0.435324013233184814 0.214984998106956482 0.0625464022159576416 100
0.439321994781494141 0.215443998575210571 0.062620602548122406 100
0.442322999238967896 0.215057998895645142 0.0626773014664649963 100
0.445324987173080444 0.214619994163513184 0.0627340972423553467 100
0.448327988386154175 0.214131996035575867 0.0627911016345024109 100
0.364282995462417603 0.226061999797821045 0.0593045987188816071 100
0.365289002656936646 0.224896997213363647 0.0593177005648612976 100
0.36728900671005249 0.224832996726036072 0.059338398277759552 100
0.368295013904571533 0.22364400327205658 0.059351600706577301 100
0.370296001434326172 0.223532006144523621 0.0593723990023136139 100
0.372296988964080811 0.22339099645614624 0.0593932010233402252 100
0.373302996158599854 0.222157001495361328 0.0594065003097057343 100
0.37530401349067688 0.221965998411178589 0.0594273991882801056 100
0.377305001020431519 0.221744999289512634 0.0594484992325305939 100
0.380300998687744141 0.222524002194404602 0.0594772994518280029 100
0.382301986217498779 0.222230002284049988 0.0594985000789165497 100
0.3843039870262146 0.221906006336212158 0.0595198012888431549 100
0.38630598783493042 0.221551001071929932 0.0595410987734794617 100
0.38830798864364624 0.221165001392364502 0.0595625005662441254 100
0.391304999589920044 0.221724003553390503 0.0595919005572795868 100
0.393307000398635864 0.221265003085136414 0.059613499790430069 100
0.395309001207351685 0.220774993300437927 0.0596350990235805511 100
0.397311985492706299 0.220253005623817444 0.0596567988395690918 100
0.399314999580383301 0.21969999372959137 0.0596784986555576324 100
0.402312994003295898 0.220039993524551392 0.0597084015607833862 100
0.4043160080909729 0.219413995742797852 0.0597302988171577454 100
0.406318992376327515 0.218756005167961121 0.059752199798822403 100
0.409318000078201294 0.218960002064704895 0.0597824007272720337 100
0.412317007780075073 0.219113007187843323 0.0598126016557216644 100
0.414321005344390869 0.218339994549751282 0.059834800660610199 100
0.416325002908706665 0.217535004019737244 0.059857100248336792 100
0.418330013751983643 0.216699004173278809 0.0598795004189014435 100
0.421330004930496216 0.216674000024795532 0.0599100999534130096 100
0.423334002494812012 0.21576400101184845 0.0599326007068157196 100
0.426335006952285767 0.215645000338554382 0.0599634014070034027 100
0.429336011409759521 0.215474992990493774 0.0599942989647388458 100
0.433333009481430054 0.216056004166603088 0.060033600777387619 100
0.435337990522384644 0.214980006217956543 0.0600565001368522644 100
0.43834000825881958 0.214654996991157532 0.0600876994431018829 100
0.442337006330490112 0.215051993727684021 0.06012750044465065 100
0.444344013929367065 0.213851004838943481 0.0601506009697914124 100
0.448341995477676392 0.21412600576877594 0.0601904988288879395 100
0.364293992519378662 0.226060003042221069 0.0573940984904766083 100
0.366293996572494507 0.226014003157615662 0.0573987998068332672 100
0.36730000376701355 0.224831998348236084 0.0574055984616279602 100
0.368306010961532593 0.223643004894256592 0.0574123002588748932 100
0.370306998491287231 0.223530992865562439 0.0574170984327793121 100
0.372307002544403076 0.223389998078346252 0.057422000914812088 100
0.373313993215560913 0.222155004739761353 0.0574286989867687225 100
0.375315010547637939 0.221965000033378601 0.0574336014688014984 100
0.377315998077392578 0.221744000911712646 0.0574386008083820343 100
0.3803119957447052 0.222522005438804626 0.0574419982731342316 100
0.382313013076782227 0.222228005528450012 0.0574470981955528259 100
0.384315013885498047 0.221903994679450989 0.0574522987008094788 100
0.386317014694213867 0.221549004316329956 0.0574574992060661316 100
0.389313995838165283 0.22214999794960022 0.0574612990021705627 100
0.391315996646881104 0.221722006797790527 0.0574667006731033325 100
0.393319010734558105 0.221263006329536438 0.0574720986187458038 100
0.395321011543273926 0.220772996544837952 0.0574776008725166321 100
0.39732399582862854 0.220250993967056274 0.0574831999838352203 100
0.399327009916305542 0.219697996973991394 0.0574887990951538086 100
0.40232500433921814 0.220037996768951416 0.0574931986629962921 100
0.404327988624572754 0.219411998987197876 0.0574988983571529388 100
0.407326996326446533 0.219658002257347107 0.0575034990906715393 100
0.409330993890762329 0.218958005309104919 0.057509399950504303 100
0.412330001592636108 0.219109997153282166 0.0575142987072467804 100
0.414333999156951904 0.218336999416351318 0.0575203001499176025 100
0.4163379967212677 0.217531993985176086 0.0575263984501361847 100
0.419337987899780273 0.217548996210098267 0.0575315989553928375 100
0.421342998743057251 0.216671004891395569 0.0575378015637397766 100
0.423346996307373047 0.215761005878448486 0.0575441010296344757 100
0.426348000764846802 0.215643003582954407 0.057549498975276947 100
0.429349005222320557 0.215471997857093811 0.0575551018118858337 100
0.432350009679794312 0.215250000357627869 0.057560700923204422 100
0.43535199761390686 0.214976996183395386 0.0575665012001991272 100
0.439348995685577393 0.215435996651649475 0.0575716011226177216 100
0.442351013422012329 0.215048998594284058 0.0575775988399982452 100
0.44535401463508606 0.214612007141113281 0.0575837008655071259 100
0.448356002569198608 0.214122995734214783 0.057590000331401825 100
0.364304006099700928 0.226062998175621033 0.055483400821685791 100
0.366304010152816772 0.226015999913215637 0.0554722994565963745 100
0.367309987545013428 0.22483399510383606 0.0554727017879486084 100
0.368317008018493652 0.22364400327205658 0.0554728992283344269 100
0.370317012071609497 0.223533004522323608 0.0554618015885353088 100
0.372317999601364136 0.22339099645614624 0.0554507002234458923 100
0.373324990272521973 0.222157001495361328 0.0554508008062839508 100
0.375326007604598999 0.221965998411178589 0.0554396994411945343 100
0.377326995134353638 0.221744999289512634 0.0554286018013954163 100
0.38032299280166626 0.222523003816604614 0.0554064996540546417 100
0.38232499361038208 0.222230002284049988 0.0553954988718032837 100
0.384326010942459106 0.221904993057250977 0.0553845986723899841 100
0.386328011751174927 0.221550002694129944 0.055373799055814743 100
0.388330996036529541 0.221164003014564514 0.055362999439239502 100
0.391328006982803345 0.221723005175590515 0.0553414002060890198 100
0.393330007791519165 0.221264004707336426 0.0553307011723518372 100
0.394338011741638184 0.219817996025085449 0.0553308017551898956 100
0.397336006164550781 0.220252007246017456 0.0553095005452632904 100
0.399338990449905396 0.219698995351791382 0.0552989989519119263 100
0.401342004537582397 0.219114005565643311 0.0552885010838508606 100
0.404341012239456177 0.219411998987197876 0.0552675016224384308 100
0.406343996524810791 0.218753993511199951 0.0552572011947631836 100
0.40934300422668457 0.218958005309104919 0.0552363991737365723 100
0.412342995405197144 0.219109997153282166 0.0552157983183860779 100
0.414346992969512939 0.218336999416351318 0.0552056990563869476 100
0.416350990533828735 0.217531993985176086 0.0551955997943878174 100
0.418354988098144531 0.216695994138717651 0.0551856011152267456 100
0.420359998941421509 0.215828001499176025 0.0551756992936134338 100
0.423359990119934082 0.215761005878448486 0.0551556013524532318 100
0.426360994577407837 0.215642005205154419 0.0551356002688407898 100
0.429361999034881592 0.215471997857093811 0.0551156997680664062 100
0.432363986968994141 0.215250000357627869 0.0550960004329681396 100
0.435364991426467896 0.214975997805595398 0.0550764016807079315 100
0.439363002777099609 0.215434998273849487 0.0550469011068344116 100
0.442364990711212158 0.21504800021648407 0.0550276003777980804 100
0.445367991924285889 0.2146109938621521 0.0550084002315998077 100
0.448370993137359619 0.214121997356414795 0.0549893006682395935 100
0.364313989877700806 0.226068004965782166 0.0535724982619285583 100
0.365319997072219849 0.224903002381324768 0.0535666011273860931 100
0.368315011262893677 0.225945994257926941 0.0535185001790523529 100
0.36832699179649353 0.223648995161056519 0.0535334013402462006 100
0.370328009128570557 0.22353699803352356 0.0535061992704868317 100
0.372328996658325195 0.223396003246307373 0.0534791015088558197 100
0.373335003852844238 0.222160995006561279 0.0534727014601230621 100
0.37633100152015686 0.223021999001502991 0.0534248985350131989 100
0.377337992191314697 0.221748992800712585 0.0534184016287326813 100
0.380333989858627319 0.222526997327804565 0.0533707998692989349 100
0.38233599066734314 0.222232997417449951 0.053343798965215683 100
0.38433799147605896 0.221909001469612122 0.0533168017864227295 100
0.38633999228477478 0.221553996205329895 0.053289901465177536 100
0.388341993093490601 0.221166998147964478 0.0532629005610942841 100
0.391339987516403198 0.221726000308990479 0.0532158985733985901 100
0.392347007989883423 0.220301002264022827 0.0532092005014419556 100
0.394349992275238037 0.219821006059646606 0.0531824007630348206 100
0.396351993083953857 0.219309002161026001 0.0531556010246276855 100
0.399351000785827637 0.219701007008552551 0.0531090013682842255 100
0.402348995208740234 0.220041006803512573 0.0530624017119407654 100
0.40435299277305603 0.219414994120597839 0.0530358999967575073 100
0.40735200047492981 0.21966099739074707 0.0529895983636379242 100
0.409355998039245605 0.218961000442504883 0.0529632009565830231 100
0.412355005741119385 0.219113007187843323 0.0529171004891395569 100
0.414359003305435181 0.218338996171951294 0.0528909005224704742 100
0.416364014148712158 0.217534005641937256 0.0528647005558013916 100
0.418368011713027954 0.216698005795478821 0.052838500589132309 100
0.421368986368179321 0.216673001646995544 0.0527928993105888367 100
0.424369007349014282 0.216596007347106934 0.0527473986148834229 100
0.426375001668930054 0.215644001960754395 0.0527213998138904572 100
0.429376006126403809 0.215472996234893799 0.0526762008666992188 100
0.432377010583877563 0.215250998735427856 0.0526310987770557404 100
0.435378998517990112 0.214977994561195374 0.0525861009955406189 100
0.438380986452102661 0.214653000235557556 0.0525413006544113159 100
0.442378997802734375 0.215049996972084045 0.0524774007499217987 100
0.445381999015808105 0.214612007141113281 0.0524328984320163727 100
0.448385000228881836 0.214122995734214783 0.0523885004222393036 100
0.364324986934661865 0.226076006889343262 0.0516613982617855072 100
0.36632499098777771 0.226030007004737854 0.0516185015439987183 100
0.368326008319854736 0.225953996181488037 0.0515756011009216309 100
0.36833798885345459 0.223656997084617615 0.0515936017036437988 100
0.370339006185531616 0.223544999957084656 0.051550399512052536 100
0.372339993715286255 0.223403006792068481 0.0515073016285896301 100
0.373346000909805298 0.222167998552322388 0.0514944009482860565 100
0.37634199857711792 0.223029002547264099 0.0514210984110832214 100
0.377348989248275757 0.221755996346473694 0.0514080002903938293 100
0.380344986915588379 0.222534000873565674 0.0513348989188671112 100
0.382346987724304199 0.22224000096321106 0.0512918010354042053 100
0.38434898853302002 0.221915006637573242 0.051248699426651001 100
0.38635098934173584 0.221560001373291016 0.0512056984007358551 100
0.389349013566970825 0.222160995006561279 0.0511329993605613708 100
0.390356004238128662 0.220755994319915771 0.0511197000741958618 100
0.39335399866104126 0.22127300500869751 0.051047198474407196 100
0.394360989332199097 0.219825997948646545 0.0510337986052036285 100
0.396364003419876099 0.219315007328987122 0.0509908013045787811 100
0.399363011121749878 0.219706997275352478 0.0509186983108520508 100
0.401365995407104492 0.219121992588043213 0.0508758984506130219 100
0.404365003108978271 0.219420000910758972 0.0508040003478527069 100
0.406369000673294067 0.218761995434761047 0.0507613010704517365 100
0.409368008375167847 0.218966007232666016 0.0506897009909152985 100
0.41236799955368042 0.219117000699043274 0.0506182014942169189 100
0.414371997117996216 0.218344002962112427 0.0505758002400398254 100
0.416377007961273193 0.217538997530937195 0.0505333989858627319 100
0.418381005525588989 0.216701999306678772 0.0504910983145236969 100
0.421382009983062744 0.216676995158195496 0.0504200011491775513 100
0.424383014440536499 0.216600000858306885 0.0503491982817649841 100
0.426387995481491089 0.215647995471954346 0.0503069981932640076 100
0.429388999938964844 0.215477004647254944 0.0502364002168178558 100
0.432390987873077393 0.215255007147789001 0.0501658990979194641 100
0.435393005609512329 0.214981004595756531 0.0500955991446971893 100
0.438394993543624878 0.21465599536895752 0.050025399774312973 100
0.442393004894256592 0.215053007006645203 0.0499269999563694 100
0.445396006107330322 0.214615002274513245 0.0498570986092090607 100
0.448399007320404053 0.21412600576877594 0.0497873984277248383 100
0.364335000514984131 0.226088002324104309 0.0497498996555805206 100
0.36633598804473877 0.226041004061698914 0.0496910996735095978 100
0.368337005376815796 0.225966006517410278 0.0496322996914386749 100
0.368348002433776855 0.223667994141578674 0.0496533997356891632 100
0.370348989963531494 0.223555997014045715 0.0495943017303943634 100
0.372350007295608521 0.223414003849029541 0.0495351999998092651 100
0.374352008104324341 0.223241999745368958 0.0494760982692241669 100
0.375357985496520996 0.22198699414730072 0.0494564995169639587 100
0.377359986305236816 0.221764996647834778 0.049397200345993042 100
0.380356013774871826 0.222543001174926758 0.0492985993623733521 100
0.382358014583587646 0.222249001264572144 0.0492395013570785522 100
0.384359985589981079 0.221924006938934326 0.0491802990436553955 100
0.386362999677658081 0.2215690016746521 0.0491212010383605957 100
0.389360010623931885 0.222168996930122375 0.0490229986608028412 100
0.390368014574050903 0.220763996243476868 0.0490029007196426392 100
0.393364995718002319 0.221281006932258606 0.0489050000905990601 100
0.394372999668121338 0.219834998250007629 0.0488848015666007996 100
0.39637601375579834 0.219322994351387024 0.0488256998360157013 100
0.399374991655349731 0.219714999198913574 0.0487281009554862976 100
0.401378005743026733 0.219129994511604309 0.0486690998077392578 100
0.404377013444900513 0.219427004456520081 0.0485717989504337311 100
0.406381011009216309 0.218768998980522156 0.0485129989683628082 100
0.408385008573532104 0.21807900071144104 0.0484541989862918854 100
0.411384999752044678 0.218241006135940552 0.0483571998775005341 100
0.414384990930557251 0.218351006507873535 0.0482603982090950012 100
0.416388988494873047 0.217546001076698303 0.0482018999755382538 100
0.418393999338150024 0.21670900285243988 0.0481433011591434479 100
0.421395003795623779 0.216683000326156616 0.0480469018220901489 100
0.424396008253097534 0.216606006026268005 0.04795059934258461 100
0.427397012710571289 0.216477006673812866 0.0478545017540454865 100
0.430397987365722656 0.216297000646591187 0.0477585010230541229 100
0.432404011487960815 0.215260997414588928 0.0477004013955593109 100
0.435405999422073364 0.214986994862556458 0.0476046986877918243 100
0.438407987356185913 0.21466200053691864 0.0475091002881526947 100
0.441410988569259644 0.214285001158714294 0.0474136993288993835 100
0.445410013198852539 0.214621007442474365 0.0472810007631778717 100
0.44841301441192627 0.214131996035575867 0.047185901552438736 100
0.36434599757194519 0.22610299289226532 0.0478379018604755402 100
0.366346001625061035 0.226055994629859924 0.0477632991969585419 100
0.367352992296218872 0.224871993064880371 0.0477381981909275055 100
0.368358999490737915 0.223682001233100891 0.0477127991616725922 100
0.370359987020492554 0.223569005727767944 0.0476377010345458984 100
0.37236100435256958 0.223426997661590576 0.0475625991821289062 100
0.3743630051612854 0.223254993557929993 0.0474875010550022125 100
0.376363992691040039 0.223051995038986206 0.0474122986197471619 100
0.378365993499755859 0.222819000482559204 0.0473370999097824097 100
0.38036799430847168 0.222554996609687805 0.0472619011998176575 100
0.3823699951171875 0.222260996699333191 0.0471866987645626068 100
0.38437199592590332 0.221936002373695374 0.0471115000545978546 100
0.387369006872177124 0.222578004002571106 0.0469878017902374268 100
0.388375997543334961 0.221193000674247742 0.0469609983265399933 100
0.390379011631011963 0.220774993300437927 0.0468857996165752411 100
0.393377006053924561 0.221292003989219666 0.0467623993754386902 100
0.394385010004043579 0.219844996929168701 0.0467353984713554382 100
0.396387994289398193 0.219332993030548096 0.046660199761390686 100
0.399387001991271973 0.219724997878074646 0.0465371012687683105 100
0.401389986276626587 0.219139993190765381 0.0464619994163513184 100
0.403394013643264771 0.218522995710372925 0.0463869012892246246 100
0.406392991542816162 0.218778997659683228 0.0462642014026641846 100
0.409393012523651123 0.218981996178627014 0.046141698956489563 100
0.411397010087966919 0.218250006437301636 0.0460667982697486877 100
0.413401991128921509 0.21748700737953186 0.045991998165845871 100
0.41640201210975647 0.217555001378059387 0.0458699017763137817 100
0.41840699315071106 0.216718003153800964 0.045795198529958725 100
0.421407997608184814 0.2166920006275177 0.0456732995808124542 100
0.424409002065658569 0.216615006327629089 0.0455516017973423004 100
0.427410006523132324 0.21648600697517395 0.0454301014542579651 100
0.430411994457244873 0.216305002570152283 0.0453087985515594482 100
0.43341401219367981 0.216073006391525269 0.0451875999569892883 100
0.435420006513595581 0.214994996786117554 0.0451133996248245239 100
0.43842199444770813 0.214670002460479736 0.0449923984706401825 100
0.44142499566078186 0.214293003082275391 0.044871598482131958 100
0.445423990488052368 0.214628994464874268 0.0447044000029563904 100
0.44842800498008728 0.214138999581336975 0.0445839986205101013 100
0.364356011152267456 0.226122006773948669 0.0459255017340183258 100
0.365361988544464111 0.224955007433891296 0.0458942018449306488 100
0.367363005876541138 0.224889993667602539 0.0458034984767436981 100
0.368369013071060181 0.223699003458023071 0.0457715988159179688 100
0.370371013879776001 0.223585993051528931 0.0456806011497974396 100
0.37237200140953064 0.223443001508712769 0.0455894991755485535 100
0.374372988939285278 0.223270997405052185 0.0454984009265899658 100
0.376374989748001099 0.223067998886108398 0.0454071983695030212 100
0.378376990556716919 0.222834005951881409 0.0453159995377063751 100
0.380378991365432739 0.222571000456809998 0.0452247001230716705 100
0.38238099217414856 0.222276002168655396 0.0451335012912750244 100
0.38438299298286438 0.221950992941856384 0.0450421981513500214 100
0.387380987405776978 0.222592994570732117 0.0448930002748966217 100
0.388388007879257202 0.221206992864608765 0.0448594987392425537 100
0.3913860023021698 0.221765995025634766 0.0447104983031749725 100
0.393388986587524414 0.221305996179580688 0.0446192994713783264 100
0.394396990537643433 0.219859004020690918 0.0445854999125003815 100
0.396400004625320435 0.219346001744270325 0.0444942004978656769 100
0.399399012327194214 0.219738006591796875 0.0443455986678600311 100
0.401401996612548828 0.219152003526687622 0.0442542992532253265 100
0.404401987791061401 0.219449996948242188 0.0441060997545719147 100
0.406405001878738403 0.218790993094444275 0.0440149009227752686 100
0.408410012722015381 0.218100994825363159 0.0439237989485263824 100
0.411410003900527954 0.218262001872062683 0.0437760017812252045 100
0.41341400146484375 0.21749800443649292 0.0436850003898143768 100
0.415419012308120728 0.21670299768447876 0.0435939989984035492 100
0.418419986963272095 0.216729000210762024 0.0434464998543262482 100
0.42142099142074585 0.21670299768447876 0.0432992987334728241 100
0.424421995878219604 0.216626003384590149 0.0431521013379096985 100
0.426427006721496582 0.215672999620437622 0.0430614985525608063 100
0.430424988269805908 0.216315999627113342 0.0428585000336170197 100
0.432431012392044067 0.215279996395111084 0.0427680015563964844 100
0.435433000326156616 0.215005993843078613 0.0426215007901191711 100
0.438436001539230347 0.214680001139640808 0.0424752011895179749 100
0.441439002752304077 0.214303001761436462 0.042329099029302597 100
0.445437997579574585 0.214638993144035339 0.0421273000538349152 100
0.448442012071609497 0.214148998260498047 0.0419816002249717712 100
0.364365994930267334 0.226143002510070801 0.0440124012529850006 100
0.365372985601425171 0.224976003170013428 0.043974798172712326 100
0.367374002933502197 0.224910005927085876 0.0438681989908218384 100
0.36838001012802124 0.223719000816345215 0.0438298992812633514 100
0.370380997657775879 0.223606005311012268 0.0437229983508586884 100
0.372382998466491699 0.223462998867034912 0.0436158999800682068 100
0.373389005661010742 0.222225993871688843 0.0435767993330955505 100
0.376385986804962158 0.223085999488830566 0.0434015989303588867 100
0.378387987613677979 0.222853004932403564 0.0432942993938922882 100
0.380389988422393799 0.222588002681732178 0.0431869998574256897 100
0.382391989231109619 0.222294002771377563 0.0430797003209590912 100
0.385389000177383423 0.222976997494697571 0.0429048985242843628 100
0.386397004127502441 0.221612006425857544 0.0428649000823497772 100
0.388399004936218262 0.221223995089530945 0.0427573993802070618 100
0.391398012638092041 0.221781998872756958 0.0425829999148845673 100
0.393400996923446655 0.221322000026702881 0.0424755997955799103 100
0.394407987594604492 0.219873994588851929 0.0424350984394550323 100
0.396411985158920288 0.219362005591392517 0.0423276014626026154 100
0.399410992860794067 0.219752997159957886 0.0421535000205039978 100
0.401414006948471069 0.219168007373809814 0.0420460999011993408 100
0.404413998126983643 0.219465002417564392 0.0418724007904529572 100
0.406417995691299438 0.218805998563766479 0.0417651012539863586 100
0.409417986869812012 0.219008997082710266 0.0415917001664638519 100
0.411422014236450195 0.218277007341384888 0.0414845012128353119 100
0.413426995277404785 0.217511996626853943 0.0413773991167545319 100
0.415430992841720581 0.216717004776000977 0.0412702001631259918 100
0.418431997299194336 0.216743007302284241 0.041097298264503479 100
0.421433985233306885 0.216717004776000977 0.0409246012568473816 100
0.42443498969078064 0.216638997197151184 0.0407521016895771027 100
0.426441013813018799 0.215685993432998657 0.040645301342010498 100
0.429441988468170166 0.215515002608299255 0.0404730997979640961 100
0.433441013097763062 0.216095998883247375 0.0402356982231140137 100
0.435447007417678833 0.215018004179000854 0.0401291996240615845 100
0.438450008630752563 0.214691996574401855 0.0399575009942054749 100
0.441453009843826294 0.21431499719619751 0.0397859998047351837 100
0.445452004671096802 0.214651003479957581 0.039549700915813446 100
0.448455989360809326 0.214160993695259094 0.0393785983324050903 100
0.364376991987228394 0.226168006658554077 0.0420986004173755646 100
0.365382999181747437 0.224999994039535522 0.0420547015964984894 100
0.367383986711502075 0.224933996796607971 0.0419321991503238678 100
0.3683910071849823 0.223741993308067322 0.0418874993920326233 100
0.370391994714736938 0.223627999424934387 0.0417645983397960663 100
0.372393012046813965 0.223484992980957031 0.0416416004300117493 100
0.374395012855529785 0.223311007022857666 0.0415184013545513153 100
0.376397013664245605 0.223107993602752686 0.0413951985538005829 100
0.378399014472961426 0.222874000668525696 0.0412718988955020905 100
0.380400985479354858 0.222608998417854309 0.041148599237203598 100
0.382402986288070679 0.222314000129699707 0.0410251989960670471 100
0.385401010513305664 0.222996994853019714 0.0408249013125896454 100
0.386408001184463501 0.2216310054063797 0.0407782010734081268 100
0.388410985469818115 0.221242994070053101 0.0406547002494335175 100
0.390413999557495117 0.220824003219604492 0.0405311994254589081 100
0.393411993980407715 0.221340999007225037 0.0403313003480434418 100
0.394419997930526733 0.219892993569374084 0.0402840003371238708 100
0.397419005632400513 0.220326006412506104 0.040084298700094223 100
0.399421989917755127 0.219770997762680054 0.0399608016014099121 100
0.401425987482070923 0.219184994697570801 0.0398373007774353027 100
0.404426008462905884 0.219482004642486572 0.0396380983293056488 100
0.40643000602722168 0.21882300078868866 0.0395147018134593964 100
0.408434003591537476 0.218132004141807556 0.039391200989484787 100
0.41143500804901123 0.218292996287345886 0.0391925014555454254 100
0.413439005613327026 0.217528998851776123 0.0390691012144088745 100
0.415443986654281616 0.216732993721961975 0.0389458015561103821 100
0.418444991111755371 0.216758996248245239 0.0387475006282329559 100
0.420450001955032349 0.215889006853103638 0.038624301552772522 100
0.423451989889144897 0.215820997953414917 0.0384262017905712128 100
0.426454007625579834 0.21570199728012085 0.0382284000515937805 100
0.429455995559692383 0.215529993176460266 0.0380307994782924652 100
0.432458013296127319 0.215306997299194336 0.0378334000706672668 100
0.43546101450920105 0.215032994747161865 0.037636101245880127 100
0.438463002443313599 0.21470700204372406 0.037439100444316864 100
0.441466987133026123 0.214330002665519714 0.0372422002255916595 100
0.445466011762619019 0.214664995670318604 0.0369714014232158661 100
0.448469996452331543 0.214175000786781311 0.036774899810552597 100
0.364387005567550659 0.226197004318237305 0.0401839986443519592 100
0.365393012762069702 0.225027993321418762 0.0401339009404182434 100
0.367395013570785522 0.224960997700691223 0.0399954989552497864 100
0.368400990962982178 0.223767995834350586 0.0399443991482257843 100
0.370402008295059204 0.223654001951217651 0.0398055016994476318 100
0.372404009103775024 0.223509997129440308 0.0396664999425411224 100
0.374406009912490845 0.223335996270179749 0.039527401328086853 100
0.376408010721206665 0.223131999373435974 0.0393881984055042267 100
0.378410011529922485 0.222898006439208984 0.0392488986253738403 100
0.380412012338638306 0.222633004188537598 0.0391094982624053955 100
0.383408993482589722 0.223357006907463074 0.0388836003839969635 100
0.38441699743270874 0.222010999917984009 0.0388305000960826874 100
0.387414991855621338 0.222652003169059753 0.0386047996580600739 100
0.388422012329101562 0.221265003085136414 0.0385513007640838623 100
0.391420990228652954 0.221823006868362427 0.0383258014917373657 100
0.393424004316329956 0.221361994743347168 0.0381863005459308624 100
0.394432008266448975 0.21991400420665741 0.0381321981549263 100
0.397430986166000366 0.220346003770828247 0.0379071012139320374 100
0.399434000253677368 0.219791993498802185 0.0377673991024494171 100
0.401437997817993164 0.219205006957054138 0.0376277007162570953 100
0.404437988996505737 0.219502002000808716 0.0374030992388725281 100
0.406441986560821533 0.218841999769210815 0.0372635014355182648 100
0.408446997404098511 0.218151003122329712 0.037123899906873703 100
0.411446988582611084 0.218311995267868042 0.0368997007608413696 100
0.413451999425888062 0.217547997832298279 0.0367601998150348663 100
0.415457010269165039 0.216750994324684143 0.036620698869228363 100
0.418458014726638794 0.216776996850967407 0.0363968983292579651 100
0.421458989381790161 0.216749995946884155 0.0361733995378017426 100
0.42346501350402832 0.215838998556137085 0.0360340997576713562 100
0.426467001438140869 0.21571899950504303 0.0358107984066009521 100
0.429468989372253418 0.215547993779182434 0.0355877988040447235 100
0.432471007108688354 0.215324997901916504 0.0353650003671646118 100
0.435474008321762085 0.215049996972084045 0.0351423993706703186 100
0.438477009534835815 0.21472400426864624 0.0349198989570140839 100
0.442476987838745117 0.215120002627372742 0.0346142984926700592 100
0.445479989051818848 0.214680999517440796 0.0343923009932041168 100
0.44848400354385376 0.214191004633903503 0.0341705009341239929 100
0.364396989345550537 0.226227998733520508 0.038268599659204483 100
0.365404009819030762 0.225059002637863159 0.0382121987640857697 100
0.3674049973487854 0.224990993738174438 0.0380579009652137756 100
0.368411988019943237 0.223798006772994995 0.038000401109457016 100
0.370413005352020264 0.223682999610900879 0.0378456003963947296 100
0.372415006160736084 0.223538994789123535 0.0376905985176563263 100
0.373421013355255127 0.22229999303817749 0.0376319997012615204 100
0.376419007778167725 0.223159000277519226 0.0373803004622459412 100
0.378421008586883545 0.222925007343292236 0.0372250005602836609 100
0.380423009395599365 0.222659006714820862 0.0370694994926452637 100
0.382425010204315186 0.222362995147705078 0.0369139984250068665 100
0.3844279944896698 0.222036004066467285 0.0367584004998207092 100
0.386431008577346802 0.221679002046585083 0.0366027988493442535 100
0.388433992862701416 0.22129000723361969 0.0364471003413200378 100
0.391431987285614014 0.221847996115684509 0.0361961014568805695 100
0.392439991235733032 0.220419004559516907 0.036135498434305191 100
0.394443005323410034 0.219936996698379517 0.0359795987606048584 100
0.397442996501922607 0.220369994640350342 0.0357289984822273254 100
0.399446010589599609 0.219814002513885498 0.0355731993913650513 100
0.401450008153915405 0.219227999448776245 0.0354174003005027771 100
0.404449999332427979 0.219523996114730835 0.035167299211025238 100
0.406453996896743774 0.218863993883132935 0.0350115001201629639 100
0.408459007740020752 0.218172997236251831 0.0348558016121387482 100
0.411460012197494507 0.218334004282951355 0.0346060991287231445 100
0.413464009761810303 0.21756899356842041 0.0344505012035369873 100
0.415468990802764893 0.216772004961967468 0.0342947989702224731 100
0.418471008539199829 0.216796994209289551 0.0340455994009971619 100
0.420475989580154419 0.215927004814147949 0.0338900014758110046 100
0.423478007316589355 0.215858995914459229 0.0336410999298095703 100
0.426479995250701904 0.215738996863365173 0.0333925001323223114 100
0.429482012987136841 0.21556699275970459 0.033144000917673111 100
0.433481007814407349 0.216147005558013916 0.0328028984367847443 100
0.435487985610961914 0.215068995952606201 0.0326477997004985809 100
0.438490986824035645 0.214743003249168396 0.0324000008404254913 100
0.442490994930267334 0.215139001607894897 0.0320597998797893524 100
0.445495009422302246 0.214699998497962952 0.0318125002086162567 100
0.448498994112014771 0.214209005236625671 0.0315653011202812195 100
0.364407986402511597 0.226263001561164856 0.0363521985709667206 100
0.36541399359703064 0.22509300708770752 0.0362894982099533081 100
0.36741599440574646 0.225024998188018799 0.0361193008720874786 100
0.368422001600265503 0.223829999566078186 0.0360555015504360199 100
0.370424002408981323 0.223715007305145264 0.0358848012983798981 100
0.372424989938735962 0.223570004105567932 0.0357137992978096008 100
0.373432010412216187 0.222331002354621887 0.0356486998498439789 100
0.375434011220932007 0.222137004137039185 0.0354772992432117462 100
0.378432005643844604 0.222954005002975464 0.0352002009749412537 100
0.380434006452560425 0.222688004374504089 0.0350286997854709625 100
0.382436007261276245 0.222391992807388306 0.0348571017384529114 100
0.384438991546630859 0.222065001726150513 0.0346854999661445618 100
0.386442005634307861 0.221706002950668335 0.0345138013362884521 100
0.388444989919662476 0.221316993236541748 0.0343419983983039856 100
0.390448004007339478 0.220897004008293152 0.034170098602771759 100
0.392450988292694092 0.220446005463600159 0.0339981988072395325 100
0.394454985857009888 0.219962999224662781 0.0338261984288692474 100
0.396459013223648071 0.219449996948242188 0.0336542017757892609 100
0.399457991123199463 0.219840005040168762 0.0333781987428665161 100
0.401461988687515259 0.219253003597259521 0.0332061983644962311 100
0.403465986251831055 0.218633994460105896 0.0330342017114162445 100
0.40646699070930481 0.218888998031616211 0.0327587015926837921 100
0.408470988273620605 0.21819700300693512 0.0325868017971515656 100
0.41147199273109436 0.218356996774673462 0.0323117002844810486 100
0.413477003574371338 0.217592000961303711 0.0321399010717868805 100
0.416478008031845093 0.21765899658203125 0.0318651013076305389 100
0.418484002351760864 0.216820001602172852 0.0316933989524841309 100
0.421485006809234619 0.2167930006980896 0.0314190015196800232 100
0.424486994743347168 0.216714993119239807 0.0311447996646165848 100
0.426492989063262939 0.215761005878448486 0.0309731997549533844 100
0.42949599027633667 0.215589001774787903 0.0306994002312421799 100
0.433494985103607178 0.216168999671936035 0.0303236003965139389 100
0.435501009225845337 0.215090006589889526 0.0301523003727197647 100
0.439500987529754639 0.215547993779182434 0.0297772008925676346 100
0.441507995128631592 0.214386001229286194 0.0296061001718044281 100
0.445508986711502075 0.214719995856285095 0.0292316991835832596 100
0.448513001203536987 0.214230000972747803 0.0289591997861862183 100
0.363422989845275879 0.22517000138759613 0.0345516018569469452 100
0.365424990653991699 0.225130006670951843 0.0343657992780208588 100
0.367426007986068726 0.225060999393463135 0.0341797992587089539 100
0.368432998657226562 0.223866000771522522 0.0341095998883247375 100
0.370433986186981201 0.223749995231628418 0.0339228995144367218 100
0.372435986995697021 0.223603993654251099 0.0337360017001628876 100
0.373443007469177246 0.222365006804466248 0.0336644984781742096 100
0.375445008277893066 0.222169995307922363 0.033477000892162323 100
0.378443002700805664 0.222986996173858643 0.0331743992865085602 100
0.380445003509521484 0.22271999716758728 0.0329869017004966736 100
0.382447987794876099 0.222423002123832703 0.0327992998063564301 100
0.384449988603591919 0.222095996141433716 0.0326116010546684265 100
0.386453002691268921 0.221736997365951538 0.0324238017201423645 100
0.388455986976623535 0.221347004175186157 0.032235901802778244 100
0.390460014343261719 0.220927000045776367 0.0320479981601238251 100
0.39345899224281311 0.221441999077796936 0.0317461006343364716 100
0.394466996192932129 0.219991996884346008 0.0316717997193336487 100
0.397466003894805908 0.220423996448516846 0.0313702002167701721 100
0.399470001459121704 0.219868004322052002 0.0311821997165679932 100
0.4014739990234375 0.219280004501342773 0.030994100496172905 100
0.403477996587753296 0.218661993741989136 0.0308059006929397583 100
0.406479001045227051 0.218915998935699463 0.0305049996823072433 100
0.408484011888504028 0.218223005533218384 0.0303169004619121552 100
0.411484003067016602 0.218383997678756714 0.0300162993371486664 100
0.413489013910293579 0.217618003487586975 0.0298283006995916367 100
0.415495008230209351 0.216820999979972839 0.0296403001993894577 100
0.418496012687683105 0.216846004128456116 0.0293402001261711121 100
0.420502007007598877 0.215975001454353333 0.0291523002088069916 100
0.423503994941711426 0.215905994176864624 0.0288525000214576721 100
0.426506012678146362 0.215784996747970581 0.0285529997199773788 100
0.429509013891220093 0.215612992644309998 0.0282537005841732025 100
0.432511985301971436 0.21538899838924408 0.0279546994715929031 100
0.435514986515045166 0.215113997459411621 0.0276558995246887207 100
0.438517987728118896 0.214787006378173828 0.0273573007434606552 100
0.441522002220153809 0.214408993721008301 0.0270588994026184082 100
0.444525986909866333 0.213979005813598633 0.0267607998102903366 100
0.448527008295059204 0.21425299346446991 0.0263521000742912292 100
0.363433986902236938 0.225210994482040405 0.0326425991952419281 100
0.365435004234313965 0.22517000138759613 0.0324410013854503632 100
0.367435991764068604 0.225100994110107422 0.0322391018271446228 100
0.368443012237548828 0.223904997110366821 0.0321626998484134674 100
0.370445013046264648 0.223787993192672729 0.0319599993526935577 100
0.371452003717422485 0.222567006945610046 0.0318824015557765961 100
0.373454004526138306 0.22240099310874939 0.031679101288318634 100
0.375456005334854126 0.222205996513366699 0.0314757004380226135 100
0.377458006143569946 0.221980005502700806 0.0312720984220504761 100
0.380456000566482544 0.222754999995231628 0.0309440996497869492 100
0.382459014654159546 0.222458004951477051 0.0307404007762670517 100
0.38446199893951416 0.222129002213478088 0.030536700040102005 100
0.386465013027191162 0.221770003437995911 0.0303328000009059906 100
0.388467997312545776 0.221379995346069336 0.0301287993788719177 100
0.390471011400222778 0.220958992838859558 0.0299248006194829941 100
0.39346998929977417 0.221474006772041321 0.0295975003391504288 100
0.394477993249893188 0.220024004578590393 0.0295164007693529129 100
0.397478014230728149 0.220455005764961243 0.0291892997920513153 100
0.399482011795043945 0.219898000359535217 0.0289852004498243332 100
0.401486009359359741 0.219310998916625977 0.0287808999419212341 100
0.403490990400314331 0.218691006302833557 0.0285767000168561935 100
0.406491011381149292 0.21894499659538269 0.0282502006739377975 100
0.408495992422103882 0.218252003192901611 0.028046000748872757 100
0.411496996879577637 0.218411996960639954 0.0277199000120162964 100
0.413502007722854614 0.217646002769470215 0.0275158006697893143 100
0.416503995656967163 0.217712998390197754 0.0271901004016399384 100
0.418509006500244141 0.216873005032539368 0.026985999196767807 100
0.421510994434356689 0.216846004128456116 0.0266606993973255157 100
0.423516988754272461 0.215932995080947876 0.0264567006379365921 100
0.426519006490707397 0.215811997652053833 0.0261317994445562363 100
0.428526014089584351 0.214826002717018127 0.0259278006851673126 100
0.432525008916854858 0.215415999293327332 0.0254826992750167847 100
0.435528010129928589 0.215139999985694885 0.0251583997160196304 100
0.437534987926483154 0.214028999209403992 0.0249547995626926422 100
0.441536009311676025 0.214433997869491577 0.0245107002556324005 100
0.44453999400138855 0.214003995060920715 0.0241870991885662079 100
0.447544008493423462 0.213523000478744507 0.0238637998700141907 100
0.363444000482559204 0.225255995988845825 0.030732499435544014 100
0.365444988012313843 0.225214004516601562 0.0305150002241134644 100
0.367446988821029663 0.225143998861312866 0.0302972998470067978 100
0.368454009294509888 0.223947003483772278 0.0302144996821880341 100
0.370454996824264526 0.223829001188278198 0.0299958996474742889 100
0.371461987495422363 0.222607001662254333 0.0299118999391794205 100
0.373463988304138184 0.222441002726554871 0.029692700132727623 100
0.375467002391815186 0.222244992852210999 0.0294732991605997086 100
0.377469003200531006 0.222019001841545105 0.0292537007480859756 100
0.37947198748588562 0.221762001514434814 0.0290338993072509766 100
0.382470011711120605 0.222495004534721375 0.0286804009228944778 100
0.38447299599647522 0.222166001796722412 0.0284605994820594788 100
0.386476010084152222 0.221806004643440247 0.0282406993210315704 100
0.388478994369506836 0.221415996551513672 0.0280207004398107529 100
0.391478002071380615 0.221972003579139709 0.0276677999645471573 100
0.393481999635696411 0.221508994698524475 0.0274477005004882812 100
0.395485997200012207 0.22101399302482605 0.027227599173784256 100
0.397489994764328003 0.220488995313644409 0.0270073991268873215 100
0.399493992328643799 0.219932004809379578 0.0267869997769594193 100
0.401497989892959595 0.219343006610870361 0.0265666991472244263 100
0.403503000736236572 0.218722999095916748 0.0263461992144584656 100
0.406502991914749146 0.218977004289627075 0.0259943008422851562 100
0.408508002758026123 0.218283995985984802 0.0257740002125501633 100
0.411509007215499878 0.218443006277084351 0.0254223998636007309 100
0.413515001535415649 0.217676997184753418 0.0252020992338657379 100
0.415520012378692627 0.216878995299339294 0.0249816998839378357 100
0.418522000312805176 0.216903001070022583 0.0246306993067264557 100
0.420527994632720947 0.2160319983959198 0.0244104005396366119 100
0.423530012369155884 0.215961992740631104 0.0240598004311323166 100
0.426533013582229614 0.215840995311737061 0.023709399625658989 100
0.429535001516342163 0.215667992830276489 0.0233593005686998367 100
0.431542009115219116 0.214640006422996521 0.0231392998248338699 100
0.435541987419128418 0.215167999267578125 0.0226597990840673447 100
0.437548995018005371 0.214056998491287231 0.0224399995058774948 100
0.440553009510040283 0.213687002658843994 0.0220906995236873627 100
0.443556994199752808 0.213266998529434204 0.0217416007071733475 100
0.447557985782623291 0.213550001382827759 0.0212635993957519531 100
0.36345401406288147 0.225303992629051208 0.0288210008293390274 100
0.36545601487159729 0.225261002779006958 0.0285877995193004608 100
0.366461992263793945 0.224080994725227356 0.0284991990774869919 100
0.368463993072509766 0.223992004990577698 0.028265099972486496 100
0.36947101354598999 0.222786992788314819 0.0281751006841659546 100
0.371473014354705811 0.222650006413459778 0.0279402006417512894 100
0.373474985361099243 0.222483992576599121 0.027705000713467598 100
0.375476986169815063 0.222286999225616455 0.0274695996195077896 100
0.377480000257492065 0.22205999493598938 0.0272339992225170135 100
0.379483014345169067 0.221801996231079102 0.0269981995224952698 100
0.382481008768081665 0.222534999251365662 0.02661919966340065 100
0.384483993053436279 0.222205996513366699 0.0263833999633789062 100
0.386487007141113281 0.221845000982284546 0.0261473990976810455 100
0.388489991426467896 0.221453994512557983 0.0259112995117902756 100
0.391490012407302856 0.222010001540184021 0.0255328994244337082 100
0.393494009971618652 0.221545994281768799 0.0252967998385429382 100
0.394502013921737671 0.220093995332717896 0.0252021998167037964 100
0.397500991821289062 0.220524996519088745 0.0248242001980543137 100
0.39950600266456604 0.219966992735862732 0.0245878007262945175 100
0.401510000228881836 0.219377994537353516 0.0243513006716966629 100
0.403515011072158813 0.218758001923561096 0.0241147000342607498 100
0.405519008636474609 0.218106001615524292 0.0238780006766319275 100
0.408520013093948364 0.218318000435829163 0.0235006995499134064 100
0.410526007413864136 0.217592999339103699 0.0232641994953155518 100
0.413527011871337891 0.217710003256797791 0.0228873006999492645 100
0.415533006191253662 0.216912001371383667 0.0226507000625133514 100
0.418534994125366211 0.216936007142066956 0.0222743004560470581 100
0.420540004968643188 0.216064006090164185 0.0220378004014492035 100
0.423543006181716919 0.215994000434875488 0.0216617006808519363 100
0.426546007394790649 0.215872004628181458 0.0212859008461236954 100
0.428552001714706421 0.21488499641418457 0.0210496000945568085 100
0.431555002927780151 0.214671000838279724 0.0206741001456975937 100
0.434558987617492676 0.214404001832008362 0.0202989000827074051 100
0.437563002109527588 0.214086994528770447 0.0199239999055862427 100
0.440566986799240112 0.213716998696327209 0.0195493008941411972 100
0.443571001291275024 0.213295996189117432 0.0191747993230819702 100
0.44657599925994873 0.212824001908302307 0.0188005007803440094 100
0.363463997840881348 0.225354999303817749 0.0269080996513366699 100
0.365465998649597168 0.225311994552612305 0.0266590993851423264 100
0.366472989320755005 0.224130004644393921 0.0265643000602722168 100
0.367478996515274048 0.222941994667053223 0.0264685992151498795 100
0.369480997323989868 0.222834005951881409 0.0262180007994174957 100
0.371482998132705688 0.222697004675865173 0.0259671006351709366 100
0.37348601222038269 0.222528994083404541 0.0257159993052482605 100
0.375488013029098511 0.222332000732421875 0.0254645999521017075 100
0.377490997314453125 0.222103998064994812 0.0252129994332790375 100
0.379492998123168945 0.221845999360084534 0.0249611996114253998 100
0.382492005825042725 0.222578004002571106 0.0245568007230758667 100
0.384494990110397339 0.222248002886772156 0.0243049003183841705 100
0.386498004198074341 0.221887007355690002 0.0240528006106615067 100
0.388502001762390137 0.221495002508163452 0.0238006003201007843 100
0.390504986047744751 0.221072003245353699 0.0235482994467020035 100
0.393505007028579712 0.22158600389957428 0.0231446009129285812 100
0.39451301097869873 0.220133006572723389 0.0230432990938425064 100
0.397513002157211304 0.220563992857933044 0.0226397998631000519 100
0.399518013000488281 0.220006003975868225 0.0223871991038322449 100
0.401522010564804077 0.219416007399559021 0.0221346002072095871 100
0.403526991605758667 0.21879500150680542 0.0218819007277488708 100
0.405532002449035645 0.218143001198768616 0.0216291006654500961 100
0.408533006906509399 0.218354001641273499 0.0212262999266386032 100
0.410537987947463989 0.217628002166748047 0.0209734998643398285 100
0.413540005683898926 0.217746004462242126 0.0205712001770734787 100
0.415544986724853516 0.216947004199028015 0.0203185006976127625 100
0.418547004461288452 0.216969996690750122 0.0199165996164083481 100
0.420552998781204224 0.216097995638847351 0.0196639001369476318 100
0.423555999994277954 0.216028004884719849 0.0192623995244503021 100
0.425561994314193726 0.21508200466632843 0.0190097000449895859 100
0.428564995527267456 0.214919000864028931 0.0186085999011993408 100
0.431569010019302368 0.214702993631362915 0.0182077009230852127 100
0.434572011232376099 0.214436993002891541 0.0178070999681949615 100
0.437575995922088623 0.214119002223014832 0.0174067001789808273 100
0.43958398699760437 0.212974995374679565 0.0171543993055820465 100
0.443585008382797241 0.213328003883361816 0.016606699675321579 100
0.446590006351470947 0.212855994701385498 0.0162071008235216141 100
0.449595004320144653 0.212331995368003845 0.0158076006919145584 100
0.363474011421203613 0.225410997867584229 0.02499379962682724 100
0.365476012229919434 0.225365996360778809 0.0247290004044771194 100
0.367478013038635254 0.225292995572090149 0.0244638007134199142 100
0.368485003709793091 0.224092006683349609 0.024362100288271904 100
0.369491994380950928 0.222884997725486755 0.0242595002055168152 100
0.371493995189666748 0.222745999693870544 0.0239927005022764206 100
0.373495995998382568 0.222578004002571106 0.0237256009131669998 100
0.37549901008605957 0.222379997372627258 0.0234581995755434036 100
0.377501994371414185 0.222150996327400208 0.023190600797533989 100
0.379503995180130005 0.221891999244689941 0.0229228008538484573 100
0.381507009267807007 0.22160300612449646 0.0226549003273248672 100
0.384505987167358398 0.222293004393577576 0.0222249999642372131 100
0.386510014533996582 0.221930995583534241 0.0219569001346826553 100
0.388512998819351196 0.221539005637168884 0.0216885991394519806 100
0.39151298999786377 0.22209399938583374 0.0212593004107475281 100
0.393516987562179565 0.22162899374961853 0.0209909994155168533 100
0.394524991512298584 0.220174998044967651 0.020882999524474144 100
0.397525012493133545 0.220605000853538513 0.0204540006816387177 100
0.399529010057449341 0.220045998692512512 0.0201852992177009583 100
0.401533991098403931 0.219456002116203308 0.0199165996164083481 100
0.403539001941680908 0.218834996223449707 0.0196477007120847702 100
0.405544012784957886 0.218181997537612915 0.0193787999451160431 100
0.408544987440109253 0.218392997980117798 0.0189504995942115784 100
0.41054999828338623 0.217666998505592346 0.0186816006898880005 100
0.413551986217498779 0.217784002423286438 0.0182537995278835297 100
0.415558010339736938 0.216984003782272339 0.0179849006235599518 100
0.41756400465965271 0.216152995824813843 0.0177158992737531662 100
0.420565992593765259 0.216133996844291687 0.0172885991632938385 100
0.423568993806838989 0.216064006090164185 0.0168616008013486862 100
0.42657199501991272 0.21594199538230896 0.0164349991828203201 100
0.428579002618789673 0.214954003691673279 0.0161662008613348007 100
0.431582003831863403 0.214738994836807251 0.0157398991286754608 100
0.434585988521575928 0.214471995830535889 0.0153139000758528709 100
0.436592996120452881 0.213368996977806091 0.0150453001260757446 100
0.440593987703323364 0.213782995939254761 0.0144626004621386528 100
0.44359898567199707 0.213361993432044983 0.0140372002497315407 100
0.446604013442993164 0.212889000773429871 0.0136121995747089386 100
0.363485008478164673 0.225468993186950684 0.0230778995901346207 100
0.365485996007919312 0.225422993302345276 0.0227972995489835739 100
0.367487996816635132 0.225348994135856628 0.0225163009017705917 100
0.367500007152557373 0.223048001527786255 0.0225818995386362076 100
0.369502007961273193 0.222938999533653259 0.0222995001822710037 100
0.371504008769989014 0.222799003124237061 0.0220167003571987152 100
0.373506993055343628 0.22262999415397644 0.0217336993664503098 100
0.37551000714302063 0.222431004047393799 0.0214504003524780273 100
0.37751200795173645 0.22220100462436676 0.0211667995899915695 100
0.379514992237091064 0.2219419926404953 0.020882999524474144 100
0.381518006324768066 0.221651002764701843 0.0205990001559257507 100
0.384517014026641846 0.222341001033782959 0.0201436001807451248 100
0.386521011590957642 0.221979007124900818 0.0198595002293586731 100
0.388525009155273438 0.221585005521774292 0.0195751991122961044 100
0.391523987054824829 0.222139999270439148 0.0191203001886606216 100
0.393528014421463013 0.22167399525642395 0.018835999071598053 100
0.394535988569259644 0.220219999551773071 0.0187213998287916183 100
0.397536993026733398 0.220649003982543945 0.0182668007910251617 100
0.399540990591049194 0.220090001821517944 0.0179820004850625992 100
0.401546001434326172 0.219499006867408752 0.0176972001791000366 100
0.403551012277603149 0.218877002596855164 0.0174122005701065063 100
0.405555993318557739 0.218224003911018372 0.0171271003782749176 100
0.407561004161834717 0.217538997530937195 0.0168418996036052704 100
0.410562992095947266 0.217708006501197815 0.0163882002234458923 100
0.412568002939224243 0.216949000954627991 0.0161031000316143036 100
0.414573997259140015 0.216159000992774963 0.0158178005367517471 100
0.417575985193252563 0.216192007064819336 0.0153646999970078468 100
0.420578986406326294 0.216172993183135986 0.0149119999259710312 100
0.422585010528564453 0.215268000960350037 0.0146268997341394424 100
0.425588011741638184 0.215156003832817078 0.014174499548971653 100
0.428591996431350708 0.21499200165271759 0.0137224998325109482 100
0.430599004030227661 0.213972002267837524 0.0134375002235174179 100
0.434599012136459351 0.214508995413780212 0.0128191998228430748 100
0.436607003211975098 0.213404998183250427 0.0125344004482030869 100
0.439610987901687622 0.213045001029968262 0.0120833003893494606 100
0.442615985870361328 0.212632998824119568 0.0116323996335268021 100
0.446617990732192993 0.212925001978874207 0.0110157998278737068 100
0.449622988700866699 0.212400004267692566 0.0105656003579497337 100
0.363494992256164551 0.225530996918678284 0.0211603008210659027 100
0.365496993064880371 0.225483998656272888 0.0208640005439519882 100
0.366504013538360596 0.224298000335693359 0.0207506008446216583 100
0.367509990930557251 0.22310599684715271 0.0206361003220081329 100
0.369513005018234253 0.222995996475219727 0.0203377995640039444 100
0.371515005826950073 0.22285500168800354 0.0200392007827758789 100
0.37252199649810791 0.221618995070457458 0.0199222993105649948 100
0.375519990921020508 0.222485005855560303 0.0194409992545843124 100
0.37752300500869751 0.222255006432533264 0.0191415008157491684 100
0.379525989294052124 0.221993997693061829 0.0188417006283998489 100
0.382524996995925903 0.222725003957748413 0.0183607004582881927 100
0.384528994560241699 0.222391992807388306 0.0180607996881008148 100
0.386532008647918701 0.222029000520706177 0.0177606008946895599 100
0.388536006212234497 0.221634998917579651 0.0174602996557950974 100
0.390540003776550293 0.221210002899169922 0.0171597003936767578 100
0.393539994955062866 0.221722006797790527 0.0166794992983341217 100
0.394547998905181885 0.220266997814178467 0.0165582001209259033 100
0.396551996469497681 0.219749003648757935 0.0162572003901004791 100
0.399553000926971436 0.220136001706123352 0.01577720046043396 100
0.401558011770248413 0.21954500675201416 0.0154761997982859612 100
0.403562992811203003 0.218922004103660583 0.0151751004159450531 100
0.40556800365447998 0.218268007040023804 0.0148739004507660866 100
0.407573014497756958 0.217583000659942627 0.0145725002512335777 100
0.410575002431869507 0.217750996351242065 0.0140933999791741371 100
0.412580996751785278 0.216992005705833435 0.0137921003624796867 100
0.414586007595062256 0.21620100736618042 0.0134905995801091194 100
0.417589008808135986 0.216233998537063599 0.0130121000111103058 100
0.419595003128051758 0.215369999408721924 0.0127106001600623131 100
0.422598004341125488 0.215308994054794312 0.0122325001284480095 100
0.425601005554199219 0.215195998549461365 0.0117546999827027321 100
0.427608013153076172 0.214217007160186768 0.0114534003660082817 100
0.430611997842788696 0.214010998606681824 0.0109759997576475143 100
0.433616012334823608 0.213752999901771545 0.0104988999664783478 100
0.435622990131378174 0.212659001350402832 0.0101977000012993813 100
0.439624994993209839 0.213082998991012573 0.00954546965658664703 100
0.442629992961883545 0.212670996785163879 0.00906915031373500824 100
0.445634990930557251 0.212207004427909851 0.00859308987855911255 100
0.449636995792388916 0.212438002228736877 0.0079423198476433754 100
0.363505005836486816 0.225596994161605835 0.0192409008741378784 100
0.364511996507644653 0.224426001310348511 0.0191223006695508957 100
0.366513997316360474 0.224361002445220947 0.0188094004988670349 100
0.367520987987518311 0.22316800057888031 0.0186886992305517197 100
0.369522988796234131 0.223056003451347351 0.0183745007961988449 100
0.371526002883911133 0.222913995385169983 0.0180600006133317947 100
0.37253299355506897 0.221677005290985107 0.0179367996752262115 100
0.375530987977981567 0.22254200279712677 0.0174300000071525574 100
0.377534002065658569 0.222311004996299744 0.0171144008636474609 100
0.379536986351013184 0.22204899787902832 0.0167986992746591568 100
0.381540000438690186 0.221756994724273682 0.0164826996624469757 100
0.384539991617202759 0.22244599461555481 0.0159763004630804062 100
0.386543005704879761 0.222082003951072693 0.0156600996851921082 100
0.388547003269195557 0.221687003970146179 0.0153436996042728424 100
0.390551000833511353 0.221260994672775269 0.0150271002203226089 100
0.392554998397827148 0.220805004239082336 0.0147102996706962585 100
0.394560009241104126 0.22031700611114502 0.0143934004008769989 100
0.396564006805419922 0.219797998666763306 0.0140762999653816223 100
0.398568987846374512 0.219247996807098389 0.0137590998783707619 100
0.400573998689651489 0.218666002154350281 0.0134416995570063591 100
0.403575003147125244 0.218970000743865967 0.0129364999011158943 100
0.405580013990402222 0.218315005302429199 0.0126190995797514915 100
0.407584995031356812 0.217629000544548035 0.0123015996068716049 100
0.409590989351272583 0.216911002993583679 0.0119839999824762344 100
0.41259300708770752 0.217037007212638855 0.0114794997498393059 100
0.414599001407623291 0.216245993971824646 0.0111617995426058769 100
0.416604995727539062 0.21542300283908844 0.0108441002666950226 100
0.419607996940612793 0.215414002537727356 0.0103401998057961464 100
0.422610998153686523 0.215351998805999756 0.00983658991754055023 100
0.424618005752563477 0.214414000511169434 0.00951900985091924667 100
0.427621006965637207 0.214259997010231018 0.00901580974459648132 100
0.430624991655349731 0.21405300498008728 0.00851294025778770447 100
0.433629006147384644 0.213795006275177002 0.00801036972552537918 100
0.435636997222900391 0.212699994444847107 0.00769296009093523026 100
0.439637988805770874 0.213124006986618042 0.00700603984296321869 100
0.373569011688232422 0.0172233991324901581 0.0209976006299257278 100
0.373578011989593506 0.0153721002861857414 0.0210043005645275116 100
0.373587995767593384 0.013521299697458744 0.0210106000304222107 100
0.373596996068954468 0.0116707999259233475 0.0210165996104478836 100
0.373607009649276733 0.00982054043561220169 0.0210222005844116211 100
0.373616009950637817 0.00797056965529918671 0.0210274998098611832 100
0.373625993728637695 0.00612078001722693443 0.0210322998464107513 100
0.373634994029998779 0.00427115010097622871 0.0210369005799293518 100
0.372644007205963135 0.00240996992215514183 0.0212178006768226624 100
0.363514989614486694 0.225666001439094543 0.0173196997493505478 100
0.364522010087966919 0.224493995308876038 0.0171949993818998337 100
0.366524010896682739 0.224426999688148499 0.0168663002550601959 100
0.367531001567840576 0.223232001066207886 0.0167394001036882401 100
0.369533002376556396 0.223119005560874939 0.0164094008505344391 100
0.371535986661911011 0.222976997494697571 0.0160789992660284042 100
0.372543007135391235 0.221737995743751526 0.0159495007246732712 100
0.37454599142074585 0.221546992659568787 0.0156180001795291901 100
0.377544999122619629 0.222369998693466187 0.0150856999680399895 100
0.379548013210296631 0.222108006477355957 0.0147540001198649406 100
0.381550997495651245 0.221815004944801331 0.0144220003858208656 100
0.383554995059967041 0.221490994095802307 0.0140896998345851898 100
0.385558992624282837 0.221137002110481262 0.0137571999803185463 100
0.388559013605117798 0.221742004156112671 0.0132254995405673981 100
0.390563011169433594 0.22131599485874176 0.0128928003832697868 100
0.39256700873374939 0.220857992768287659 0.0125599997118115425 100
0.393575012683868408 0.219411998987197876 0.0124251004308462143 100
0.396575987339019775 0.219850003719329834 0.0118938004598021507 100
0.398580998182296753 0.219299003481864929 0.011560400016605854 100
0.400584995746612549 0.218716993927955627 0.0112268999218940735 100
0.402590006589889526 0.218103006482124329 0.0108933001756668091 100
0.405591994524002075 0.21836400032043457 0.0103626996278762817 100
0.407597988843917847 0.217677995562553406 0.0100290002301335335 100
0.409602999687194824 0.216958999633789062 0.00969521980732679367 100
0.411608994007110596 0.216208994388580322 0.00936130993068218231 100
0.414611011743545532 0.216293007135391235 0.00883141998201608658 100
0.416617989540100098 0.215470001101493835 0.00849752966314554214 100
0.418624013662338257 0.214615002274513245 0.00816349964588880539 100
0.421627014875411987 0.214562997221946716 0.00763420015573501587 100
0.423633992671966553 0.213634997606277466 0.00730021018534898758 100
0.372568994760513306 0.0189833007752895355 0.0193181000649929047 100
0.3735789954662323 0.0172230005264282227 0.0191393997520208359 100
0.372588008642196655 0.015297500416636467 0.0193319991230964661 100
0.372597008943557739 0.0134551003575325012 0.0193383991718292236 100
0.373607993125915527 0.0116692995652556419 0.0191587004810571671 100
0.372615993022918701 0.00977148022502660751 0.019350200891494751 100
0.372626006603240967 0.00793003011494874954 0.019355500116944313 100
0.371634006500244141 0.0060593700036406517 0.0195461008697748184 100
0.371643990278244019 0.0042271600104868412 0.0195506997406482697 100
0.371652990579605103 0.00239504990167915821 0.0195549000054597855 100
0.371663004159927368 0.000562986009754240513 0.0195586998015642166 100
0.36352500319480896 0.225739002227783203 0.0153965000063180923 100
0.364531993865966797 0.224564999341964722 0.0152658000588417053 100
0.366533994674682617 0.224497005343437195 0.0149213997647166252 100
0.367540985345840454 0.2233009934425354 0.0147882997989654541 100
0.369543999433517456 0.223186001181602478 0.0144424997270107269 100
0.371547013521194458 0.223041996359825134 0.0140961995348334312 100
0.372554004192352295 0.221802994608879089 0.0139603996649384499 100
0.374556988477706909 0.221609994769096375 0.0136129995808005333 100
0.376560002565383911 0.221387997269630432 0.0132651999592781067 100
0.378562986850738525 0.221136003732681274 0.0129172001034021378 100
0.381561994552612305 0.221874997019767761 0.0123594999313354492 100
0.383565992116928101 0.221551001071929932 0.0120112001895904541 100
0.385569989681243896 0.221195995807647705 0.0116627002134919167 100
0.387573987245559692 0.220809996128082275 0.011313900351524353 100
0.390574008226394653 0.221373006701469421 0.0107567999511957169 100
0.391582012176513672 0.219945996999740601 0.0106156999245285988 100
0.393586993217468262 0.219466999173164368 0.0102663002908229828 100
0.395590990781784058 0.218957006931304932 0.00991677027195692062 100
0.397596001625061035 0.218416005373001099 0.00956702977418899536 100
0.399601012468338013 0.217842996120452881 0.00921713002026081085 100
0.401605993509292603 0.217239007353782654 0.00886708032339811325 100
0.404608011245727539 0.217509999871253967 0.00831069983541965485 100
0.406612992286682129 0.216832995414733887 0.0079606296494603157 100
0.409615010023117065 0.217010006308555603 0.00740473996847867966 100
0.411621004343032837 0.216259002685546875 0.00705466978251934052 100
0.372579008340835571 0.0189835000783205032 0.0174675006419420242 100
0.372588992118835449 0.0171399004757404327 0.0174748003482818604 100
0.372597992420196533 0.0152968000620603561 0.0174818001687526703 100
0.372608006000518799 0.0134541001170873642 0.0174883008003234863 100
0.372617006301879883 0.0116117997094988823 0.017494499683380127 100
0.371625989675521851 0.00972251035273075104 0.0176948998123407364 100
0.371634989976882935 0.00788959022611379623 0.0177002996206283569 100
0.371643990278244019 0.00605686008930206299 0.0177053008228540421 100
0.371654003858566284 0.00422427989542484283 0.0177097991108894348 100
0.371663004159927368 0.00239179003983736038 0.0177140999585390091 100
0.370671987533569336 0.000556639977730810642 0.0179124996066093445 100
0.36353600025177002 0.225814998149871826 0.0134712997823953629 100
0.364542007446289062 0.224639996886253357 0.0133344996720552444 100
0.366544991731643677 0.224570006132125854 0.0129744000732898712 100
0.367552012205123901 0.223371997475624084 0.0128351999446749687 100
0.368559002876281738 0.2221670001745224 0.012694699689745903 100
0.370561003684997559 0.222032994031906128 0.0123322000727057457 100
0.372563987970352173 0.221870005130767822 0.0119692999869585037 100
0.374567002058029175 0.221677005290985107 0.0116060003638267517 100
0.376570999622344971 0.221452996134757996 0.011242300271987915 100
0.378574013710021973 0.22120000422000885 0.0108783002942800522 100
0.380576997995376587 0.220916002988815308 0.0105140004307031631 100
0.382580995559692383 0.220601007342338562 0.0101493997499346733 100
0.385580986738204956 0.221257001161575317 0.00956629961729049683 100
0.38758501410484314 0.220871001482009888 0.00920149963349103928 100
0.389589011669158936 0.220452994108200073 0.00883647985756397247 100
0.391593992710113525 0.22000400722026825 0.00847120024263858795 100
0.393597990274429321 0.219524994492530823 0.0081057203933596611 100
0.394607007503509521 0.218066006898880005 0.00795677956193685532 100
0.396611005067825317 0.217535004019737244 0.00759063009172677994 100
0.399612993001937866 0.21789899468421936 0.00700818980112671852 100
0.373589992523193359 0.0190753992646932602 0.0154120000079274178 100
0.373600006103515625 0.017222600057721138 0.0154194999486207962 100
0.372608006000518799 0.0152962999418377876 0.0156302992254495621 100
0.373618990182876587 0.0135182002559304237 0.0154333002865314484 100
0.372626990079879761 0.0116104995831847191 0.0156433004885911942 100
0.372637003660202026 0.00976801011711359024 0.0156491007655858994 100
0.37264600396156311 0.00792580004781484604 0.0156545992940664291 100
0.372655987739562988 0.00608379021286964417 0.0156596992164850235 100
0.372664988040924072 0.00424190983176231384 0.015664299950003624 100
0.372673988342285156 0.00240014004521071911 0.0156686007976531982 100
0.371683001518249512 0.000555721984710544348 0.0158759001642465591 100
0.363546013832092285 0.225896000862121582 0.0115438997745513916 100
0.364553004503250122 0.224718004465103149 0.0114011000841856003 100
0.366555005311965942 0.224647000432014465 0.0110253002494573593 100
0.367561995983123779 0.22344699501991272 0.0108799999579787254 100
0.368568986654281616 0.22224000096321106 0.0107332998886704445 100
0.370572000741958618 0.2221049964427948 0.0103550003841519356 100
0.37257501482963562 0.221940994262695312 0.00997622031718492508 100
0.373582005500793457 0.22068999707698822 0.0098265698179602623 100
0.375584989786148071 0.220476999878883362 0.00944660976529121399 100
0.378585010766983032 0.221266999840736389 0.00883749965578317642 100
0.380587995052337646 0.220982000231742859 0.00845720991492271423 100
0.382591992616653442 0.220666006207466125 0.00807661004364490509 100
0.384595990180969238 0.220320001244544983 0.00769572984427213669 100
0.386599987745285034 0.219943001866340637 0.00731456000357866287 100
0.371598988771438599 0.0188925005495548248 0.0139755997806787491 100
0.372608989477157593 0.0171397998929023743 0.0137705001980066299 100
0.372617989778518677 0.0152959004044532776 0.0137777002528309822 100
0.372628003358840942 0.0134524004533886909 0.0137844998389482498 100
0.372637003660202026 0.0116093000397086143 0.0137908998876810074 100
0.372646987438201904 0.00976641010493040085 0.0137967998161911964 100
0.372655987739562988 0.00792379025369882584 0.0138023998588323593 100
0.371665000915527344 0.00605197018012404442 0.0140199996531009674 100
0.371674001216888428 0.00421860022470355034 0.0140247000381350517 100
0.371684014797210693 0.002385319909080863 0.0140289003029465675 100
0.37169298529624939 0.000552072015125304461 0.0140327997505664825 100
0.362560003995895386 0.224843993782997131 0.00985629018396139145 100
0.36456298828125 0.224800005555152893 0.00946551002562046051 100
0.36656498908996582 0.224727004766464233 0.00907399971038103104 100
0.366576999425888062 0.22242400050163269 0.00916340015828609467 100
0.368579000234603882 0.22231699526309967 0.00876978971064090729 100
0.370582014322280884 0.222181007266044617 0.00837565958499908447 100
0.371589988470077515 0.220946997404098511 0.00822055991739034653 100
0.373593002557754517 0.22076299786567688 0.00782508030533790588 100
0.375595986843109131 0.220548003911972046 0.00742918998003005981 100
0.377600014209747314 0.220302999019622803 0.00703292014077305794 100
0.371609002351760864 0.0188931003212928772 0.0121302995830774307 100
0.371618002653121948 0.0170572008937597275 0.01213810034096241 100
0.371627986431121826 0.015221799723803997 0.0121454000473022461 100
0.37163698673248291 0.0133867999538779259 0.0121523002162575722 100
0.371647000312805176 0.0115521000698208809 0.0121587999165058136 100
0.37265700101852417 0.00976487994194030762 0.0119431996718049049 100
0.371665000915527344 0.00788355991244316101 0.0121703995391726494 100
0.371675014495849609 0.00604959996417164803 0.0121755003929138184 100
0.372684985399246216 0.00423627020791172981 0.0119588002562522888 100
0.371693998575210571 0.00238210009410977364 0.0121844997629523277 100
0.371702998876571655 0.000548433978110551834 0.0121884001418948174 100
0.362569987773895264 0.224931001663208008 0.00793393980711698532 100
0.363577008247375488 0.223761007189750671 0.00777890020981431007 100
0.365579992532730103 0.223699003458023071 0.00737127009779214859 100
0.366587013006210327 0.222506001591682434 0.0072134002111852169 100
0.371618986129760742 0.018893800675868988 0.0102837998420000076 100
0.371627986431121826 0.0170575007796287537 0.0102917002514004707 100
0.371638000011444092 0.0152217000722885132 0.0102992001920938492 100
0.371647000312805176 0.0133862001821398735 0.0103062000125646591 100
0.372658014297485352 0.0116071999073028564 0.0100822001695632935 100
0.371666014194488525 0.00971626956015825272 0.0103189004585146904 100
0.371675997972488403 0.0078816702589392662 0.0103244995698332787 100
0.371684998273849487 0.00604728981852531433 0.0103297000750899315 100
0.371693998575210571 0.00421304022893309593 0.0103345001116394997 100
0.371704012155532837 0.00237889005802571774 0.0103388000279664993 100
0.371713012456893921 0.000544792972505092621 0.010342700406908989 100
0.371628999710083008 0.0188948009163141251 0.00843583978712558746 100
0.371639013290405273 0.0170579999685287476 0.00844393018633127213 100
0.370647013187408447 0.015147799625992775 0.00869109015911817551 100
0.371657013893127441 0.0133857997134327888 0.00845867954194545746 100
0.371666997671127319 0.0115502001717686653 0.00846534967422485352 100
0.371675997972488403 0.00971490982919931412 0.00847155041992664337 100
0.371686011552810669 0.00787985976785421371 0.00847730040550231934 100
0.371695011854171753 0.00604500994086265564 0.00848255958408117294 100
0.371704012155532837 0.00421029981225728989 0.00848735962063074112 100
0.370712995529174805 0.00236417003907263279 0.008731059730052948 100
0.370721995830535889 0.000538508989848196507 0.00873492006212472916 100
