ply
format ascii 1.0
element vertex 3934
property float x
property float y
property float z
property float intensity
end_header
0.0237629003822803497 -0.0982363969087600708 0.217989996075630188 100
0.0173371993005275726 -0.108810000121593475 0.19307999312877655 100
0.0164138004183769226 -0.109238997101783752 0.192086994647979736 100
0.0159117002040147781 -0.108820997178554535 0.193086996674537659 100
0.0150071997195482254 -0.109249003231525421 0.192093998193740845 100
0.0143045997247099876 -0.109252996742725372 0.19209800660610199 100
0.0136022996157407761 -0.10925699770450592 0.192102000117301941 100
0.012734999880194664 -0.109683997929096222 0.191108003258705139 100
0.0121988002210855484 -0.109264999628067017 0.192109003663063049 100
0.0114975003525614738 -0.109269000589847565 0.192111998796463013 100
0.0106581998988986015 -0.109693996608257294 0.191119000315666199 100
0.00996648985892534256 -0.109696999192237854 0.19112299382686615 100
0.00927507970482110977 -0.109699003398418427 0.191126003861427307 100
0.0086954096332192421 -0.109278999269008636 0.192127004265785217 100
0.00799550022929906845 -0.109281003475189209 0.192130997776985168 100
0.00729581015184521675 -0.109283000230789185 0.192133992910385132 100
0.00659629981964826584 -0.109283998608589172 0.192138001322746277 100
0.00589697016403079033 -0.10928499698638916 0.19214099645614624 100
0.0051977899856865406 -0.109286002814769745 0.192145004868507385 100
0.00449874019250273705 -0.109286002814769745 0.192148998379707336 100
0.00379981007426977158 -0.109287001192569733 0.1921519935131073 100
0.00310098007321357727 -0.109287001192569733 0.192156001925468445 100
0.00240220990963280201 -0.109286002814769745 0.192158997058868408 100
0.00170350994449108839 -0.10928499698638916 0.192163005471229553 100
0.00100484001450240612 -0.109283998608589172 0.192166998982429504 100
0.000306197005556896329 -0.109283000230789185 0.192169994115829468 100
-0.00039748099516145885 -0.108860000967979431 0.193171992897987366 100
-0.00110510003287345171 -0.108857996761798859 0.193175002932548523 100
-0.00181276001967489719 -0.108856000006198883 0.193178996443748474 100
-0.00252047996036708355 -0.108852997422218323 0.193182006478309631 100
-0.00322827999480068684 -0.108850002288818359 0.193185999989509583 100
-0.00398598983883857727 -0.108424998819828033 0.19418799877166748 100
-0.00464418018236756325 -0.108843997120857239 0.193193003535270691 100
-0.00535232992842793465 -0.108840003609657288 0.193196997046470642 100
-0.00629077013581991196 -0.107569999992847443 0.196195006370544434 100
0.0223811008036136627 -0.101668998599052429 0.212015002965927124 100
0.017548099160194397 -0.109118998050689697 0.19408099353313446 100
0.0164058003574609756 -0.109952002763748169 0.192091003060340881 100
0.0159038994461297989 -0.109543003141880035 0.193091005086898804 100
0.0151920998468995094 -0.109548002481460571 0.193094998598098755 100
0.0142973996698856354 -0.109966002404689789 0.192102000117301941 100
0.0135954003781080246 -0.109970003366470337 0.192105993628501892 100
0.0128937996923923492 -0.109973996877670288 0.192109003663063049 100
0.0121924998238682747 -0.109976999461650848 0.192112997174263 100
0.0114914998412132263 -0.109981000423431396 0.192116007208824158 100
0.0107909003272652626 -0.109984003007411957 0.192120000720024109 100
0.0100905001163482666 -0.109985999763011932 0.19212399423122406 100
0.00951080955564975739 -0.109576001763343811 0.193123996257781982 100
0.00880199018865823746 -0.109577998518943787 0.193128004670143127 100
0.00809339992702007294 -0.109580002725124359 0.193131998181343079 100
0.00738502992317080498 -0.109581999480724335 0.193134993314743042 100
0.00667684990912675858 -0.109582997858524323 0.193139001727104187 100
0.0059688398614525795 -0.109584003686904907 0.193142995238304138 100
0.0051943901926279068 -0.109998002648353577 0.192148998379707336 100
0.00449563004076480865 -0.109998002648353577 0.192153006792068481 100
0.00384567002765834332 -0.109585002064704895 0.193154007196426392 100
0.00313816010020673275 -0.109585002064704895 0.193157002329826355 100
0.00243073003366589546 -0.109585002064704895 0.193160995841026306 100
0.00172336003743112087 -0.109584003686904907 0.193165004253387451 100
0.00101602997165173292 -0.109582997858524323 0.193167999386787415 100
0.000308716989820823073 -0.109581999480724335 0.193171992897987366 100
-0.000398597010644152761 -0.109580002725124359 0.193175002932548523 100
-0.00110592995770275593 -0.109577998518943787 0.193178996443748474 100
-0.00181329995393753052 -0.109576001763343811 0.193183004856109619 100
-0.00252073002047836781 -0.109573997557163239 0.193185999989509583 100
-0.00326910009607672691 -0.109158001840114594 0.19418799877166748 100
-0.00398566015064716339 -0.109154999256134033 0.194192007184028625 100
-0.00464355992153286934 -0.109564997255802155 0.193196997046470642 100
-0.00535140978172421455 -0.109560996294021606 0.193201005458831787 100
-0.00644293008372187614 -0.107491001486778259 0.198194995522499084 100
0.0203160997480154037 -0.106205001473426819 0.203051000833511353 100
0.0177590008825063705 -0.109445996582508087 0.195080995559692383 100
0.0166081003844738007 -0.110260002315044403 0.193092003464698792 100
0.0162985995411872864 -0.109456002712249756 0.195088997483253479 100
0.0153769003227353096 -0.109865002334117889 0.194095999002456665 100
0.0144736003130674362 -0.110274001955986023 0.193103000521659851 100
0.013762899674475193 -0.110278002917766571 0.193105995655059814 100
0.0128872999921441078 -0.11068599671125412 0.192112997174263 100
0.0123426001518964767 -0.110284999012947083 0.193113997578620911 100
0.0116328997537493706 -0.110288001596927643 0.193116992712020874 100
0.0109235998243093491 -0.110290996730327606 0.193121001124382019 100
0.0102145001292228699 -0.110293999314308167 0.19312499463558197 100
0.00950570963323116302 -0.110296003520488739 0.193128004670143127 100
0.00879717990756034851 -0.110298000276088715 0.193131998181343079 100
0.00808886997401714325 -0.11029999703168869 0.193136006593704224 100
0.00738077983260154724 -0.110302001237869263 0.193139001727104187 100
0.00667288992553949356 -0.11030299961566925 0.193142995238304138 100
0.00596516998484730721 -0.110303997993469238 0.193147003650665283 100
0.00525759998708963394 -0.110303997993469238 0.193149998784065247 100
0.00460775988176465034 -0.109901003539562225 0.194150999188423157 100
0.00384283997118473053 -0.110304996371269226 0.193158000707626343 100
0.00317531009204685688 -0.109901003539562225 0.194159001111984253 100
0.00245921988971531391 -0.109901003539562225 0.194162994623184204 100
0.00174317997880280018 -0.109899997711181641 0.194166004657745361 100
0.00102717999834567308 -0.109898999333381653 0.194169998168945312 100
0.000311203999444842339 -0.109898000955581665 0.194174006581306458 100
-0.000404777005314826965 -0.109895996749401093 0.194177001714706421 100
-0.00112078001257032156 -0.109893999993801117 0.194180995225906372 100
-0.0018138600280508399 -0.110296003520488739 0.19318699836730957 100
-0.00255291000939905643 -0.109889999032020569 0.19418799877166748 100
-0.0032690900843590498 -0.109886996448040009 0.194192007184028625 100
-0.0039853597991168499 -0.109884001314640045 0.194196000695228577 100
-0.00470174988731741905 -0.109880998730659485 0.19419899582862854 100
-0.00541828013956546783 -0.109876997768878937 0.194203004240989685 100
-0.00651839980855584145 -0.107853002846240997 0.19919799268245697 100
0.0212193001061677933 -0.105435997247695923 0.207041993737220764 100
0.0173124000430107117 -0.110974997282028198 0.193092003464698792 100
0.0166002996265888214 -0.110979996621608734 0.193095996975898743 100
0.0162908993661403656 -0.11019500344991684 0.195093005895614624 100
0.0151773998513817787 -0.110990002751350403 0.193103000521659851 100
0.0144665995612740517 -0.110994003713130951 0.193106994032859802 100
0.0137561997398734093 -0.110997997224330902 0.193110004067420959 100
0.0130460998043417931 -0.111000999808311462 0.193113997578620911 100
0.0123364003375172615 -0.11100500077009201 0.193118005990982056 100
0.0116269998252391815 -0.111008003354072571 0.193121001124382019 100
0.0109179997816681862 -0.111010998487472534 0.19312499463558197 100
0.0102091999724507332 -0.111013002693653107 0.193129003047943115 100
0.00962095987051725388 -0.110620997846126556 0.194130003452301025 100
0.00890373997390270233 -0.110623002052307129 0.194132998585700989 100
0.00818676035851240158 -0.110624998807907104 0.194137006998062134 100
0.00737662008032202721 -0.111020997166633606 0.193142995238304138 100
0.00666899979114532471 -0.111022002995014191 0.193147003650665283 100
0.00596154993399977684 -0.111023001372814178 0.193150997161865234 100
0.00525425979867577553 -0.111023001372814178 0.193154007196426392 100
0.00460465997457504272 -0.110628999769687653 0.194154992699623108 100
0.00388866988942027092 -0.110628999769687653 0.194159001111984253 100
0.00317276990972459316 -0.110628999769687653 0.194162994623184204 100
0.00248766993172466755 -0.110233999788761139 0.195163995027542114 100
0.00174119998700916767 -0.110628001391887665 0.194169998168945312 100
0.0010382999898865819 -0.110232003033161163 0.19517199695110321 100
0.000309778988594189286 -0.110625997185707092 0.194178000092506409 100
-0.000405920000048354268 -0.110624000430107117 0.194180995225906372 100
-0.00112163997255265713 -0.110622003674507141 0.194185003638267517 100
-0.00181442999746650457 -0.111014999449253082 0.193191006779670715 100
-0.00252129998989403248 -0.111011996865272522 0.193194001913070679 100
-0.00326911010779440403 -0.110615000128746033 0.194196000695228577 100
-0.00403492012992501259 -0.110216997563838959 0.195197999477386475 100
-0.00470121996477246284 -0.110609002411365509 0.194203004240989685 100
-0.00541746011003851891 -0.110605001449584961 0.194206997752189636 100
-0.00713060982525348663 -0.105466999113559723 0.207187995314598083 100
0.0214376002550125122 -0.105897001922130585 0.208042994141578674 100
0.0181805994361639023 -0.110151000320911407 0.197082996368408203 100
0.0168027002364397049 -0.111313998699188232 0.194095999002456665 100
0.0162832997739315033 -0.110932998359203339 0.195096999406814575 100
0.0157463997602462769 -0.110550999641418457 0.196097999811172485 100
0.0146428002044558525 -0.111326999962329865 0.194107994437217712 100
0.013749600388109684 -0.111717000603675842 0.193113997578620911 100
0.013039800338447094 -0.111720003187656403 0.193118005990982056 100
0.0124864997342228889 -0.111337997019290924 0.194119006395339966 100
0.0117683997377753258 -0.111340999603271484 0.194122001528739929 100
0.0110507002100348473 -0.111344002187252045 0.19412599503993988 100
0.0103331999853253365 -0.11134599894285202 0.194130003452301025 100
0.00961598008871078491 -0.111348003149032593 0.194133996963500977 100
0.00889903958886861801 -0.111349999904632568 0.194137006998062134 100
0.00818233005702495575 -0.111351996660232544 0.194141000509262085 100
0.0073725101538002491 -0.111739002168178558 0.193147003650665283 100
0.00674952985718846321 -0.111354999244213104 0.194148004055023193 100
0.00603340985253453255 -0.111354999244213104 0.194151997566223145 100
0.00531743001192808151 -0.111355997622013092 0.19415600597858429 100
0.00460160011425614357 -0.111355997622013092 0.194159001111984253 100
0.00393446022644639015 -0.11097099632024765 0.195160999894142151 100
0.0032098900992423296 -0.11097099632024765 0.195164993405342102 100
0.00248540006577968597 -0.110969997942447662 0.195168003439903259 100
0.00176096998620778322 -0.110968999564647675 0.19517199695110321 100
0.00103657995350658894 -0.110968001186847687 0.195176005363464355 100
0.000312215997837483883 -0.110967002809047699 0.195179000496864319 100
-0.0004121550009585917 -0.110964998602867126 0.19518299400806427 100
-0.00113654998131096363 -0.110964000225067139 0.195187002420425415 100
-0.00183800002560019493 -0.111346997320652008 0.194193005561828613 100
-0.00255355006083846092 -0.111345000565052032 0.194196000695228577 100
-0.00326916994526982307 -0.111341997981071472 0.194199994206428528 100
-0.00398488994687795639 -0.111339002847671509 0.194204002618789673 100
-0.00470071984454989433 -0.111336000263690948 0.194206997752189636 100
-0.00541670015081763268 -0.1113319993019104 0.194211006164550781 100
-0.00866261962801218033 -0.0985943004488945007 0.227158993482589722 100
0.020516199991106987 -0.108260996639728546 0.204061001539230347 100
0.0179535001516342163 -0.111282996833324432 0.196089997887611389 100
0.0167951006442308426 -0.112042002379894257 0.19410000741481781 100
0.0164768006652593613 -0.111293002963066101 0.196097999811172485 100
0.0155472001060843468 -0.111674003303050995 0.195105001330375671 100
0.0146359996870160103 -0.112055003643035889 0.194112002849578857 100
0.0139172002673149109 -0.11205899715423584 0.194114997982978821 100
0.0131986998021602631 -0.1120619997382164 0.194119006395339966 100
0.012480500154197216 -0.11206500232219696 0.194122999906539917 100
0.01190979965031147 -0.111690998077392578 0.195124000310897827 100
0.0111833000555634499 -0.111694000661373138 0.195126995444297791 100
0.0104571003466844559 -0.111697003245353699 0.195131003856658936 100
0.00973123032599687576 -0.111699000000953674 0.195134997367858887 100
0.00889442022889852524 -0.112076997756958008 0.194141000509262085 100
0.00828019995242357254 -0.111702002584934235 0.195142000913619995 100
0.00746174994856119156 -0.112080000340938568 0.194149002432823181 100
0.00674571981653571129 -0.112080998718738556 0.194151997566223145 100
0.00602984987199306488 -0.112081997096538544 0.19415600597858429 100
0.0053141498938202858 -0.112081997096538544 0.194159999489784241 100
0.00459859007969498634 -0.112083002924919128 0.194162994623184204 100
0.00393166998401284218 -0.111706003546714783 0.195164993405342102 100
0.00320737995207309723 -0.111706003546714783 0.195169001817703247 100
0.00248316000215709209 -0.111704997718334198 0.19517199695110321 100
0.00178070995025336742 -0.111327998340129852 0.196173995733261108 100
0.00104765000287443399 -0.111326999962329865 0.196178004145622253 100
0.000310775998514145613 -0.111702002584934235 0.19518299400806427 100
-0.00041332599357701838 -0.11170099675655365 0.195187002420425415 100
-0.00113743997644633055 -0.111699000000953674 0.195190995931625366 100
-0.00183862005360424519 -0.11207299679517746 0.194196999073028564 100
-0.00255390000529587269 -0.112071000039577484 0.194199994206428528 100
-0.00326926005072891712 -0.112067997455596924 0.194204002618789673 100
-0.00403452012687921524 -0.111689001321792603 0.195206001400947571 100
-0.00470027979463338852 -0.1120619997382164 0.194211006164550781 100
-0.00541599001735448837 -0.11205899715423584 0.194214999675750732 100
-0.00789475999772548676 -0.10338900238275528 0.217180997133255005 100
0.0214186999946832657 -0.107607997953891754 0.208052992820739746 100
0.0181645005941390991 -0.111661002039909363 0.197090998291969299 100
0.0167875997722148895 -0.112769000232219696 0.194104000926017761 100
0.0162685997784137726 -0.11240600049495697 0.195105001330375671 100
0.0157321002334356308 -0.112042002379894257 0.196106001734733582 100
0.014629400335252285 -0.112782001495361328 0.194115996360778809 100
0.0139108002185821533 -0.112784996628761292 0.194119006395339966 100
0.0131925996392965317 -0.112787999212741852 0.194122999906539917 100
0.0124746998772025108 -0.1127920001745224 0.194126993417739868 100
0.0117571000009775162 -0.112793996930122375 0.194130003452301025 100
0.0111779002472758293 -0.112429000437259674 0.195131003856658936 100
0.0104520004242658615 -0.112432003021240234 0.195134997367858887 100
0.00972637999802827835 -0.11243399977684021 0.195139005780220032 100
0.00900101009756326675 -0.112435996532440186 0.195142999291419983 100
0.00827587954699993134 -0.11243700236082077 0.195145994424819946 100
0.00755095994099974632 -0.112438000738620758 0.195150002837181091 100
0.0067419600673019886 -0.112806998193264008 0.19415600597858429 100
0.00602636020630598068 -0.112806998193264008 0.194159999489784241 100
0.00537730008363723755 -0.112441003322601318 0.195160999894142151 100
0.00465305987745523453 -0.112441003322601318 0.195164993405342102 100
0.00392891978845000267 -0.112441003322601318 0.195169001817703247 100
0.00320489006116986275 -0.112439997494220734 0.195172995328903198 100
0.00251155998557806015 -0.11207299679517746 0.196173995733261108 100
0.00177872995845973492 -0.112071998417377472 0.196178004145622253 100
0.00104592996649444103 -0.112071000039577484 0.196181997656822205 100
0.000313157011987641454 -0.112069003283977509 0.19618600606918335 100
-0.000419618008891120553 -0.112067997455596924 0.196189001202583313 100
-0.00113836000673472881 -0.112433001399040222 0.195195004343986511 100
-0.00186225003562867641 -0.11243099719285965 0.195198997855186462 100
-0.00258620991371572018 -0.112429000437259674 0.195201992988586426 100
-0.00331024988554418087 -0.112425997853279114 0.195206001400947571 100
-0.00403437996283173561 -0.11242300271987915 0.195209994912147522 100
-0.00475862994790077209 -0.11242000013589859 0.195214003324508667 100
-0.00548302009701728821 -0.11241699755191803 0.19521699845790863 100
-0.00858329981565475464 -0.101012997329235077 0.226172000169754028 100
0.0216373000293970108 -0.108102999627590179 0.209053993225097656 100
0.0188129004091024399 -0.111337997019290924 0.200085997581481934 100
0.0169900991022586823 -0.113136999309062958 0.195105001330375671 100
0.0164622999727725983 -0.112782001495361328 0.196106001734733582 100
0.015916900709271431 -0.112428002059459686 0.197107002139091492 100
0.0148056996986269951 -0.113149002194404602 0.195116996765136719 100
0.0139044998213648796 -0.11351100355386734 0.194122999906539917 100
0.0131866000592708588 -0.113513998687267303 0.194126993417739868 100
0.0124690001830458641 -0.113517001271247864 0.194131001830101013 100
0.0118985995650291443 -0.113160997629165649 0.195132002234458923 100
0.0111726000905036926 -0.11316400021314621 0.195135995745658875 100
0.010447000153362751 -0.113165996968746185 0.195139005780220032 100
0.00972160976380109787 -0.113168001174926758 0.195142999291419983 100
0.00899649970233440399 -0.113169997930526733 0.195146992802619934 100
0.00827161967754364014 -0.113170996308326721 0.195151001214981079 100
0.00754695991054177284 -0.113172002136707306 0.195153996348381042 100
0.00682249991223216057 -0.113173000514507294 0.195158004760742188 100
0.00609820988029241562 -0.113173998892307281 0.195161998271942139 100
0.00537408003583550453 -0.113173998892307281 0.195164993405342102 100
0.00465008988976478577 -0.113174997270107269 0.195169001817703247 100
0.0039746798574924469 -0.112815998494625092 0.196171000599861145 100
0.00324196997098624706 -0.112815998494625092 0.196174994111061096 100
0.00253992993384599686 -0.112456999719142914 0.197175994515419006 100
0.00179842999204993248 -0.112456001341342926 0.197180002927780151 100
0.00105695996899157763 -0.112455002963542938 0.197183996438980103 100
0.00031550999847240746 -0.112453997135162354 0.197188004851341248 100
-0.000420811004005372524 -0.112810000777244568 0.196192994713783264 100
-0.00115334999281913042 -0.11280900239944458 0.196197003126144409 100
-0.00186292000580579042 -0.113164998590946198 0.195203006267547607 100
-0.00258661992847919464 -0.113163001835346222 0.195206001400947571 100
-0.00331040006130933762 -0.113159999251365662 0.195209994912147522 100
-0.00403427984565496445 -0.113156996667385101 0.195214003324508667 100
-0.00481702014803886414 -0.112796001136302948 0.196216002106666565 100
-0.00555009022355079651 -0.1127920001745224 0.196219995617866516 100
-0.00896522961556911469 -0.100235000252723694 0.231169000267982483 100
0.0223111994564533234 -0.107914999127388 0.212050005793571472 100
0.0183677002787590027 -0.112818002700805664 0.198097005486488342 100
0.0169828999787569046 -0.113871999084949493 0.19510999321937561 100
0.0162546001374721527 -0.113876000046730042 0.195113003253936768 100
0.0157184004783630371 -0.113530002534389496 0.196114003658294678 100
0.0147991999983787537 -0.11388300359249115 0.195121005177497864 100
0.014072200283408165 -0.113886997103691101 0.195124998688697815 100
0.0133455004543066025 -0.113889999687671661 0.195127993822097778 100
0.0126190995797514915 -0.113893002271652222 0.195132002234458923 100
0.0118931001052260399 -0.113894999027252197 0.195135995745658875 100
0.0113052995875477791 -0.113548003137111664 0.196136996150016785 100
0.0105710001662373543 -0.113549999892711639 0.19614100456237793 100
0.00983690004795789719 -0.113551996648311615 0.196144998073577881 100
0.00910308025777339935 -0.113554000854492188 0.196147993206977844 100
0.00836952030658721924 -0.113554999232292175 0.196152001619338989 100
0.00763616012409329414 -0.113555997610092163 0.19615599513053894 100
0.0068188197910785675 -0.113906003534793854 0.195161998271942139 100
0.00609479006379842758 -0.113907001912593842 0.195166006684303284 100
0.00537090981379151344 -0.113907001912593842 0.195170000195503235 100
0.00470454012975096703 -0.113558001816272736 0.196171000599861145 100
0.00397197017446160316 -0.113558001816272736 0.196174994111061096 100
0.00323951011523604393 -0.113558001816272736 0.196179002523422241 100
0.00253770011477172375 -0.113208003342151642 0.197180002927780151 100
0.00179645000025629997 -0.113206997513771057 0.197183996438980103 100
0.00105524004902690649 -0.113205999135971069 0.197188004851341248 100
0.000314039993099868298 -0.113205000758171082 0.197191998362541199 100
-0.000422007986344397068 -0.113551996648311615 0.196197003126144409 100
-0.00115429004654288292 -0.113550998270511627 0.19620099663734436 100
-0.00188661995343863964 -0.113549001514911652 0.196205005049705505 100
-0.00261899991892278194 -0.113545998930931091 0.196208998560905457 100
-0.0033514699898660183 -0.113544002175331116 0.19621199369430542 100
-0.00403421977534890175 -0.113889999687671661 0.195217996835708618 100
-0.00481671001762151718 -0.113537997007369995 0.196219995617866516 100
-0.0055495300330221653 -0.113534003496170044 0.196224004030227661 100
0.0234399996697902679 -0.107100002467632294 0.217040002346038818 100
0.0185787007212638855 -0.113237999379634857 0.199098005890846252 100
0.0171853993088006973 -0.114265002310276031 0.196110993623733521 100
0.0160472001880407333 -0.114950001239776611 0.194120004773139954 100
0.015903400257229805 -0.113931998610496521 0.197115004062652588 100
0.0147928996011614799 -0.114616997539997101 0.195124998688697815 100
0.0140661001205444336 -0.114620000123977661 0.19512900710105896 100
0.0133397001773118973 -0.114623002707958221 0.195132002234458923 100
0.0126136001199483871 -0.114625997841358185 0.195135995745658875 100
0.0118877999484539032 -0.114628002047538757 0.19514000415802002 100
0.0113001996651291847 -0.114289999008178711 0.19614100456237793 100
0.0105660995468497276 -0.114292003214359283 0.196144998073577881 100
0.00995215959846973419 -0.113954000174999237 0.197145998477935791 100
0.00909869000315666199 -0.114294998347759247 0.196152001619338989 100
0.00836537033319473267 -0.114297002553939819 0.19615599513053894 100
0.00763226021081209183 -0.114298000931739807 0.196160003542900085 100
0.00689934985712170601 -0.114298999309539795 0.196163997054100037 100
0.00616662018001079559 -0.114298999309539795 0.196168005466461182 100
0.00543405022472143173 -0.114299997687339783 0.196171000599861145 100
0.00470161018893122673 -0.114299997687339783 0.196174994111061096 100
0.00401771022006869316 -0.113958999514579773 0.197176992893218994 100
0.00323709007352590561 -0.114298999309539795 0.196182996034622192 100
0.00253549008630216122 -0.113958001136779785 0.197183996438980103 100
0.0017944900318980217 -0.113957002758979797 0.197188004851341248 100
0.00105352001264691353 -0.113955996930599213 0.197191998362541199 100
0.000312571006361395121 -0.113954998552799225 0.197196006774902344 100
-0.000428375991759821773 -0.113953001797199249 0.197200000286102295 100
-0.00115525000728666782 -0.114292003214359283 0.196205005049705505 100
-0.00188732997048646212 -0.114289999008178711 0.196208998560905457 100
-0.00261947000399231911 -0.114286996424198151 0.196213006973266602 100
-0.0033516900148242712 -0.114284999668598175 0.196217000484466553 100
-0.00408401014283299446 -0.114281997084617615 0.196219995617866516 100
-0.00481643993407487869 -0.114279001951217651 0.196224004030227661 100
-0.00561669003218412399 -0.113935001194477081 0.197226002812385559 100
-0.0101121002808213234 -0.0972431004047393799 0.246159002184867859 100
0.0234306007623672485 -0.10803300142288208 0.217044994235038757 100
0.0187896993011236191 -0.113675996661186218 0.200099006295204163 100
0.0171783994883298874 -0.115006998181343079 0.196115002036094666 100
0.0162410996854305267 -0.115342997014522552 0.195121005177497864 100
0.0158968009054660797 -0.114683002233505249 0.197119995951652527 100
0.0149692995473742485 -0.115018002688884735 0.196125999093055725 100
0.0140602001920342445 -0.115353003144264221 0.195133000612258911 100
0.0133339995518326759 -0.115354999899864197 0.195135995745658875 100
0.0127638000994920731 -0.115027002990245819 0.196137994527816772 100
0.0120293004438281059 -0.115028999745845795 0.19614100456237793 100
0.0112950997427105904 -0.11503099650144577 0.196144998073577881 100
0.0106900995597243309 -0.114702001214027405 0.197146996855735779 100
0.00994755979627370834 -0.11470399796962738 0.197150006890296936 100
0.00920529011636972427 -0.114704996347427368 0.197154000401496887 100
0.00846325978636741638 -0.114706002175807953 0.197157993912696838 100
0.00772145995870232582 -0.114707000553607941 0.197162002325057983 100
0.00697985012084245682 -0.114707998931407928 0.197165995836257935 100
0.00616327021270990372 -0.115039996802806854 0.196171998977661133 100
0.00543092982843518257 -0.115039996802806854 0.196174994111061096 100
0.00469873985275626183 -0.115039996802806854 0.196179002523422241 100
0.00401504011824727058 -0.114708997309207916 0.197181001305580139 100
0.00327412993647158146 -0.114707998931407928 0.19718499481678009 100
0.00253330008126795292 -0.114707998931407928 0.197189003229141235 100
0.00179253995884209871 -0.114707000553607941 0.197191998362541199 100
0.0010518199997022748 -0.114706002175807953 0.197196006774902344 100
0.000311109994072467089 -0.11470399796962738 0.197200000286102295 100
-0.000429595995228737593 -0.114702999591827393 0.197203993797302246 100
-0.00117031997069716454 -0.114701002836227417 0.197208002209663391 100
-0.00191108998842537403 -0.114698998630046844 0.197210997343063354 100
-0.00261996989138424397 -0.115028001368045807 0.196217000484466553 100
-0.00335195008665323257 -0.115024998784065247 0.196220993995666504 100
-0.00408401992172002792 -0.115023002028465271 0.196224004030227661 100
-0.0048162299208343029 -0.115019999444484711 0.196227997541427612 100
-0.00554856006056070328 -0.115015998482704163 0.196232005953788757 100
-0.0104173999279737473 -0.0971093997359275818 0.250160008668899536 100
0.0241036005318164825 -0.107997000217437744 0.220041006803512573 100
0.0181271005421876907 -0.115422002971172333 0.197111994028091431 100
0.0171716008335351944 -0.115749001502990723 0.196118995547294617 100
0.0162346009165048599 -0.116075001657009125 0.195124998688697815 100
0.0156989004462957382 -0.115755997598171234 0.196125999093055725 100
0.0147807002067565918 -0.116081997752189636 0.195133000612258911 100
0.0142278997227549553 -0.115762002766132355 0.196134001016616821 100
0.0134929995983839035 -0.115764997899532318 0.196137994527816772 100
0.0127584002912044525 -0.115767002105712891 0.196142002940177917 100
0.0120240999385714531 -0.115769997239112854 0.196145996451377869 100
0.0112902000546455383 -0.115772001445293427 0.196149006485939026 100
0.0106853004544973373 -0.11545100063085556 0.197151005268096924 100
0.00994304008781909943 -0.115452997386455536 0.197154000401496887 100
0.00931186974048614502 -0.11513199657201767 0.198155999183654785 100
0.00845921970903873444 -0.115455999970436096 0.197162002325057983 100
0.00781064014881849289 -0.115134000778198242 0.198164001107215881 100
0.00697627989575266838 -0.115456998348236084 0.19717000424861908 100
0.00623509008437395096 -0.115457996726036072 0.197173997759819031 100
0.00549405999481678009 -0.115457996726036072 0.197176992893218994 100
0.00475317006930708885 -0.115457996726036072 0.197181001305580139 100
0.0040123998187482357 -0.115457996726036072 0.19718499481678009 100
0.00327172991819679737 -0.115456998348236084 0.197189003229141235 100
0.00253114011138677597 -0.115456998348236084 0.197192996740341187 100
0.0018121800385415554 -0.115134000778198242 0.198194995522499084 100
0.00106277002487331629 -0.11513199657201767 0.198199003934860229 100
0.000313374999677762389 -0.115130998194217682 0.198201999068260193 100
-0.000436022004578262568 -0.115129001438617706 0.198205992579460144 100
-0.00117131997831165791 -0.115450002253055573 0.197211995720863342 100
-0.00191184994764626026 -0.115447998046875 0.197216004133224487 100
-0.00265243998728692532 -0.115445002913475037 0.197218999266624451 100
-0.00339311989955604076 -0.115442998707294464 0.197222992777824402 100
-0.00413388991728425026 -0.115440003573894501 0.197227001190185547 100
-0.0048747798427939415 -0.11543700098991394 0.197230994701385498 100
-0.00561582017689943314 -0.11543399840593338 0.197235003113746643 100
-0.010109899565577507 -0.0996268987655639648 0.246171995997428894 100
0.0245489999651908875 -0.108327001333236694 0.222040995955467224 100
0.024014599621295929 -0.107704997062683105 0.224040001630783081 100
0.0173742994666099548 -0.116176001727581024 0.197119995951652527 100
0.0164285991340875626 -0.116493001580238342 0.196126997470855713 100
0.0156926997005939484 -0.11649700254201889 0.196131005883216858 100
0.0151396999135613441 -0.116186000406742096 0.197132006287574768 100
0.0142222000285983086 -0.116502001881599426 0.196137994527816772 100
0.0134875001385807991 -0.11650499701499939 0.196142002940177917 100
0.0127531001344323158 -0.11650799959897995 0.196145996451377869 100
0.0121657000854611397 -0.116195999085903168 0.197146996855735779 100
0.0114230001345276833 -0.11619800329208374 0.197151005268096924 100
0.0106806997209787369 -0.116200000047683716 0.197154998779296875 100
0.0100584002211689949 -0.115887999534606934 0.198155999183654785 100
0.00930762011557817459 -0.115889996290206909 0.198159992694854736 100
0.00855712965130805969 -0.115891002118587494 0.198164001107215881 100
0.00780685991048812866 -0.115892000496387482 0.198167994618415833 100
0.00705678015947341919 -0.115892000496387482 0.198172003030776978 100
0.00630688993260264397 -0.115892998874187469 0.198175996541976929 100
0.00555715989321470261 -0.115892998874187469 0.198180004954338074 100
0.00480757979676127434 -0.115892998874187469 0.198183000087738037 100
0.004058110062032938 -0.115892998874187469 0.198186993598937988 100
0.00330874999053776264 -0.115892000496387482 0.198191002011299133 100
0.00255947001278400421 -0.115892000496387482 0.198194995522499084 100
0.00181023997720330954 -0.115891002118587494 0.198199003934860229 100
0.00106106000021100044 -0.115888997912406921 0.198202997446060181 100
0.000311893003527075052 -0.115887999534606934 0.198207005858421326 100
-0.000437270995462313294 -0.115886002779006958 0.198210000991821289 100
-0.00118646002374589443 -0.115884996950626373 0.19821399450302124 100
-0.00193568004760891199 -0.115883000195026398 0.198218002915382385 100
-0.00268496992066502571 -0.115879997611045837 0.198221996426582336 100
-0.00343432999216020107 -0.115878000855445862 0.198226004838943481 100
-0.00418379995971918106 -0.115874998271465302 0.198229998350143433 100
-0.00487466016784310341 -0.116185002028942108 0.197235003113746643 100
-0.00568311987444758415 -0.115869000554084778 0.198237001895904541 100
-0.0101089999079704285 -0.100817002356052399 0.246178999543190002 100
0.0243126992136240005 -0.109607003629207611 0.221048995852470398 100
0.0255331993103027344 -0.106567002832889557 0.231025993824005127 100
0.0173677001148462296 -0.11692500114440918 0.197124004364013672 100
0.0166225992143154144 -0.116929002106189728 0.197127997875213623 100
0.0160693004727363586 -0.116627998650074005 0.198128998279571533 100
0.0151337999850511551 -0.116934999823570251 0.197135999798774719 100
0.0143898995593190193 -0.116938002407550812 0.19713999330997467 100
0.0136465001851320267 -0.116939999163150787 0.197144001722335815 100
0.0129033997654914856 -0.116943001747131348 0.197146996855735779 100
0.0121606998145580292 -0.116944998502731323 0.197151005268096924 100
0.0115558002144098282 -0.116641998291015625 0.198153004050254822 100
0.0108048003166913986 -0.116644002497196198 0.198156997561454773 100
0.0100539997220039368 -0.116645000874996185 0.198159992694854736 100
0.00930345989763736725 -0.116646997630596161 0.198164001107215881 100
0.00855319015681743622 -0.116648003458976746 0.198167994618415833 100
0.00780314020812511444 -0.116649001836776733 0.198172003030776978 100
0.00713725993409752846 -0.116345003247261047 0.199174001812934875 100
0.00630362983793020248 -0.116649001836776733 0.198180004954338074 100
0.00555412005633115768 -0.116650000214576721 0.198183998465538025 100
0.00480476021766662598 -0.116650000214576721 0.19818800687789917 100
0.00405552005395293236 -0.116649001836776733 0.198191002011299133 100
0.0033063800074160099 -0.116649001836776733 0.198194995522499084 100
0.00255732005462050438 -0.116648003458976746 0.198199003934860229 100
0.00180831004399806261 -0.116646997630596161 0.198202997446060181 100
0.0010593499755486846 -0.116645999252796173 0.198207005858421326 100
0.000310411996906623244 -0.116645000874996185 0.198210999369621277 100
-0.000438529998064041138 -0.116642996668815613 0.198214992880821228 100
-0.00118748995009809732 -0.116640999913215637 0.198218002915382385 100
-0.00193648994900286198 -0.116639003157615662 0.198221996426582336 100
-0.00268555991351604462 -0.116636998951435089 0.198226004838943481 100
-0.00347558991052210331 -0.116329997777938843 0.199228003621101379 100
-0.00418394990265369415 -0.116631999611854553 0.198234006762504578 100
-0.00499203987419605255 -0.116324000060558319 0.199236005544662476 100
-0.0057504698634147644 -0.116320997476577759 0.199239999055862427 100
-0.00903612002730369568 -0.106269001960754395 0.232203006744384766 100
0.0236223991960287094 -0.111460000276565552 0.218062996864318848 100
0.0239968001842498779 -0.10969100147485733 0.224050998687744141 100
0.017361300066113472 -0.117674000561237335 0.197127997875213623 100
0.0168165992945432663 -0.117381997406482697 0.198129996657371521 100
0.0162544995546340942 -0.117089003324508667 0.199130997061729431 100
0.0153102995827794075 -0.117388002574443817 0.198137000203132629 100
0.0145576996728777885 -0.117389999330043793 0.198140993714332581 100
0.0138055002316832542 -0.117393001914024353 0.198145002126693726 100
0.01305370032787323 -0.117394998669624329 0.198148995637893677 100
0.0123022003099322319 -0.117397002875804901 0.198153004050254822 100
0.0115510998293757439 -0.117398999631404877 0.198156997561454773 100
0.0108001995831727982 -0.117399998009204865 0.198161005973815918 100
0.0101693002507090569 -0.117106996476650238 0.199162006378173828 100
0.00941008981317281723 -0.117108002305030823 0.199165999889373779 100
0.0086511196568608284 -0.117109000682830811 0.19916999340057373 100
0.00789235997945070267 -0.117109000682830811 0.199174001812934875 100
0.00713380007073283195 -0.117109999060630798 0.199177995324134827 100
0.0063754301518201828 -0.117109999060630798 0.199182003736495972 100
0.0056172199547290802 -0.117109999060630798 0.199185997247695923 100
0.00480198999866843224 -0.1174049973487854 0.198192000389099121 100
0.00410120980814099312 -0.117109999060630798 0.199193999171257019 100
0.00334337004460394382 -0.117109000682830811 0.19919799268245697 100
0.00258560990914702415 -0.117109000682830811 0.199202001094818115 100
0.00180641002953052521 -0.117403000593185425 0.198207005858421326 100
0.0010702499421313405 -0.11710599809885025 0.199209004640579224 100
0.000312610995024442673 -0.117104999721050262 0.199212998151779175 100
-0.000445028010290116072 -0.117103002965450287 0.19921700656414032 100
-0.00120268005412071943 -0.117101997137069702 0.199221000075340271 100
-0.00196039001457393169 -0.117100000381469727 0.199224993586540222 100
-0.00271814991720020771 -0.117096997797489166 0.199229001998901367 100
-0.00347598991356790066 -0.117095001041889191 0.199232995510101318 100
-0.00418413011357188225 -0.117386996746063232 0.198238000273704529 100
-0.00499201007187366486 -0.117089003324508667 0.199239999055862427 100
-0.00575021980330348015 -0.117086000740528107 0.199243992567062378 100
-0.0090354597195982933 -0.10733100026845932 0.232208997011184692 100
0.0198448002338409424 -0.116126000881195068 0.205107003450393677 100
0.0175641998648643494 -0.1181349977850914 0.198129996657371521 100
0.0170106999576091766 -0.117852002382278442 0.199130997061729431 100
0.0164397004991769791 -0.117568999528884888 0.200132995843887329 100
0.0153045998886227608 -0.118143998086452484 0.198142006993293762 100
0.0145522002130746841 -0.118147000670433044 0.198146000504493713 100
0.0138002997264266014 -0.11814899742603302 0.198148995637893677 100
0.0130487000569701195 -0.118151001632213593 0.198153004050254822 100
0.0122974002733826637 -0.118152998387813568 0.198156997561454773 100
0.0116838999092578888 -0.117867998778820038 0.199158996343612671 100
0.0107958000153303146 -0.118156000971794128 0.198164999485015869 100
0.010165099985897541 -0.117871001362800598 0.199166998267173767 100
0.00940605998039245605 -0.117871999740600586 0.199171006679534912 100
0.00864729005843400955 -0.117872998118400574 0.199174001812934875 100
0.0078887399286031723 -0.117873996496200562 0.199177995324134827 100
0.00713039981201291084 -0.117873996496200562 0.199182003736495972 100
0.00637223990634083748 -0.117875002324581146 0.199185997247695923 100
0.00561424018815159798 -0.117875002324581146 0.199190005660057068 100
0.00485638994723558426 -0.117873996496200562 0.199193999171257019 100
0.00409865984693169594 -0.117873996496200562 0.19919799268245697 100
0.00334103009663522243 -0.117873996496200562 0.199202001094818115 100
0.00258347997441887856 -0.117872998118400574 0.199205994606018066 100
0.0018259900389239192 -0.117871999740600586 0.199210003018379211 100
0.0010685500456020236 -0.117871001362800598 0.199213996529579163 100
0.000311114999931305647 -0.117868997156620026 0.19921700656414032 100
-0.000446310994448140264 -0.117867998778820038 0.199221000075340271 100
-0.00120376003906130791 -0.117866002023220062 0.199224993586540222 100
-0.00196125009097158909 -0.11786399781703949 0.199229001998901367 100
-0.00271879998035728931 -0.117861002683639526 0.199232995510101318 100
-0.00347642996348440647 -0.117858998477458954 0.199237003922462463 100
-0.00423417007550597191 -0.11785600334405899 0.199240997433662415 100
-0.00499203009530901909 -0.11785300076007843 0.19924500584602356 100
-0.00575002981349825859 -0.11784999817609787 0.199248999357223511 100
-0.00918802991509437561 -0.107818998396396637 0.2342119961977005 100
0.0200558993965387344 -0.116668000817298889 0.206109002232551575 100
0.0179760996252298355 -0.118336997926235199 0.200129002332687378 100
0.0172047000378370285 -0.118340000510215759 0.200132995843887329 100
0.0164337996393442154 -0.11834300309419632 0.200137004256248474 100
0.0154812000691890717 -0.118623003363609314 0.199143007397651672 100
0.0145469000563025475 -0.118901997804641724 0.198149994015693665 100
0.0137951001524925232 -0.118905000388622284 0.19815400242805481 100
0.0131989996880292892 -0.118629001080989838 0.19915500283241272 100
0.0124390004202723503 -0.118630997836589813 0.199158996343612671 100
0.0116793997585773468 -0.118633002042770386 0.199163004755973816 100
0.010791500099003315 -0.118910998106002808 0.19816899299621582 100
0.0101608997210860252 -0.118634998798370361 0.199171006679534912 100
0.00940211024135351181 -0.118635997176170349 0.199175000190734863 100
0.00864353962242603302 -0.118637003004550934 0.199178993701934814 100
0.00788519997149705887 -0.118638001382350922 0.199183002114295959 100
0.0071270698681473732 -0.118638001382350922 0.199186995625495911 100
0.00636911019682884216 -0.118638001382350922 0.199190005660057068 100
0.00561132002621889114 -0.118638001382350922 0.199193999171257019 100
0.00485367001965641975 -0.118638001382350922 0.19919799268245697 100
0.00409614015370607376 -0.118638001382350922 0.199202001094818115 100
0.00333871995098888874 -0.118637003004550934 0.199205994606018066 100
0.00258137006312608719 -0.118635997176170349 0.199210003018379211 100
0.0018240900244563818 -0.118634998798370361 0.199213996529579163 100
0.00106685003265738487 -0.118634000420570374 0.199218004941940308 100
0.00030961999436840415 -0.118633002042770386 0.199221998453140259 100
-0.00044759901356883347 -0.118630997836589813 0.199226006865501404 100
-0.0012048500357195735 -0.118629001080989838 0.199229001998901367 100
-0.00198520999401807785 -0.118349999189376831 0.200231999158859253 100
-0.00275147007778286934 -0.118348002433776855 0.200235992670059204 100
-0.0035178100224584341 -0.118344999849796295 0.200240001082420349 100
-0.00428425008431077003 -0.118341997265815735 0.2002439945936203 100
-0.00505081983283162117 -0.118340000510215759 0.200248003005981445 100
-0.00588516984134912491 -0.118059001863002777 0.201250001788139343 100
-0.00872816983610391617 -0.110563002526760101 0.228224992752075195 100
0.0191773995757102966 -0.118569999933242798 0.20212399959564209 100
0.0179699007421731949 -0.119110003113746643 0.200132995843887329 100
0.0169987995177507401 -0.119382001459598541 0.199139997363090515 100
0.0164279993623495102 -0.119116000831127167 0.200140997767448425 100
0.0154756996780633926 -0.119387000799179077 0.199147999286651611 100
0.0147147998213768005 -0.119388997554779053 0.199151992797851562 100
0.0139543004333972931 -0.119391001760959625 0.19915500283241272 100
0.0131940999999642372 -0.119392998516559601 0.199158996343612671 100
0.0124343996867537498 -0.119395002722740173 0.199163004755973816 100
0.0116748996078968048 -0.119396001100540161 0.199166998267173767 100
0.0109157003462314606 -0.119397997856140137 0.199171006679534912 100
0.0101568000391125679 -0.119399003684520721 0.199175000190734863 100
0.00939823966473340988 -0.119400002062320709 0.199178993701934814 100
0.00863987021148204803 -0.119400002062320709 0.199183002114295959 100
0.0078817298635840416 -0.119401000440120697 0.199186995625495911 100
0.00712379021570086479 -0.119401000440120697 0.199191004037857056 100
0.00636604009196162224 -0.119401000440120697 0.199194997549057007 100
0.00560843991115689278 -0.119401000440120697 0.199199005961418152 100
0.00485099013894796371 -0.119401000440120697 0.199202001094818115 100
0.00414182012900710106 -0.119131997227668762 0.200204998254776001 100
0.00337568996474146843 -0.119131997227668762 0.200209006667137146 100
0.00260963011533021927 -0.119130998849868774 0.200213000178337097 100
0.00184363999869674444 -0.119130000472068787 0.200215995311737061 100
0.00107769004534929991 -0.119129002094268799 0.200220003724098206 100
0.000311751995468512177 -0.119126997888088226 0.200223997235298157 100
-0.000454177003121003509 -0.119125999510288239 0.200228005647659302 100
-0.001220130012370646 -0.119124002754688263 0.200231999158859253 100
-0.00198612990789115429 -0.11912199854850769 0.200235992670059204 100
-0.00275217997841536999 -0.119119003415107727 0.200240001082420349 100
-0.00351831992156803608 -0.119116999208927155 0.2002439945936203 100
-0.00428456021472811699 -0.119113996624946594 0.200248003005981445 100
-0.0050509301945567131 -0.119111999869346619 0.200251996517181396 100
-0.00588509021326899529 -0.11884000152349472 0.201254993677139282 100
-0.0081918695941567421 -0.11346600204706192 0.221238002181053162 100
0.0222293008118867874 -0.116763003170490265 0.212099000811576843 100
0.0196068007498979568 -0.118841998279094696 0.204123005270957947 100
0.0179638992995023727 -0.11988300085067749 0.200138002634048462 100
0.0171930007636547089 -0.119886003434658051 0.200141996145248413 100
0.0166133996099233627 -0.11962900310754776 0.201142996549606323 100
0.0156523995101451874 -0.119891002774238586 0.200148999691009521 100
0.0147096998989582062 -0.120153002440929413 0.199156001210212708 100
0.0139493001624941826 -0.120154999196529388 0.199159994721412659 100
0.0131893996149301529 -0.120155997574329376 0.199164003133773804 100
0.012429799884557724 -0.120158001780509949 0.199167996644973755 100
0.0116705000400543213 -0.120159000158309937 0.199171006679534912 100
0.0109115997329354286 -0.120160996913909912 0.199175000190734863 100
0.0101528996601700783 -0.120162002742290497 0.199178993701934814 100
0.0093944501131772995 -0.120162002742290497 0.199183002114295959 100
0.00863627996295690536 -0.120163001120090485 0.199186995625495911 100
0.00787832960486412048 -0.120163999497890472 0.199191004037857056 100
0.00720435008406639099 -0.119905002415180206 0.200193002820014954 100
0.00643787998706102371 -0.119905002415180206 0.200196996331214905 100
0.0056715700775384903 -0.119903996586799622 0.20020100474357605 100
0.0049053998664021492 -0.119903996586799622 0.200204998254776001 100
0.0041393497958779335 -0.119903996586799622 0.200209006667137146 100
0.00337340007536113262 -0.119902998208999634 0.200213000178337097 100
0.00260753999464213848 -0.119901999831199646 0.200216993689537048 100
0.00184173998422920704 -0.119901001453399658 0.200221002101898193 100
0.00107599003240466118 -0.11990000307559967 0.200224995613098145 100
0.000310242001432925463 -0.119897998869419098 0.20022900402545929 100
-0.000455494999187067151 -0.11989700049161911 0.200231999158859253 100
-0.00122126005589962006 -0.119894996285438538 0.200235992670059204 100
-0.0019870600663125515 -0.119892999529838562 0.200240001082420349 100
-0.00275291991420090199 -0.119891002774238586 0.2002439945936203 100
-0.00355978007428348064 -0.11962900310754776 0.20124700665473938 100
-0.00428492017090320587 -0.119886003434658051 0.200251996517181396 100
-0.00505108991637825966 -0.11988300085067749 0.200256004929542542 100
-0.00602034013718366623 -0.119101002812385559 0.203256994485855103 100
-0.00842125993221998215 -0.113646999001502991 0.224240005016326904 100
0.0202537998557090759 -0.11889900267124176 0.207120999693870544 100
0.0181668996810913086 -0.120405003428459167 0.201139003038406372 100
0.0173872001469135284 -0.120407998561859131 0.201142996549606323 100
0.0166078992187976837 -0.120411001145839691 0.201147004961967468 100
0.0156471002846956253 -0.120663002133369446 0.200154006481170654 100
0.0147046996280550957 -0.120916001498699188 0.199159994721412659 100
0.0139445001259446144 -0.120916999876499176 0.199164003133773804 100
0.013184799812734127 -0.120918996632099152 0.199167996644973755 100
0.0124254003167152405 -0.120921000838279724 0.1991720050573349 100
0.0116662997752428055 -0.120921999216079712 0.199175998568534851 100
0.0109075000509619713 -0.1209229975938797 0.199180006980895996 100
0.0101490002125501633 -0.120924003422260284 0.199183002114295959 100
0.00939076021313667297 -0.120925001800060272 0.199186995625495911 100
0.00863276980817317963 -0.120925001800060272 0.199191004037857056 100
0.00796764995902776718 -0.120674997568130493 0.200193002820014954 100
0.00720117008313536644 -0.120674997568130493 0.200196996331214905 100
0.00643488019704818726 -0.120674997568130493 0.20020100474357605 100
0.00566875003278255463 -0.120674997568130493 0.200204998254776001 100
0.00490276981145143509 -0.120674997568130493 0.200209006667137146 100
0.00413691019639372826 -0.120673999190330505 0.200213000178337097 100
0.00333195994608104229 -0.120924003422260284 0.199219003319740295 100
0.00257518002763390541 -0.1209229975938797 0.199221998453140259 100
0.00183987000491470098 -0.12067200243473053 0.200224995613098145 100
0.00107429001946002245 -0.120670996606349945 0.20022900402545929 100
0.000308733986457809806 -0.120668999850749969 0.200232997536659241 100
-0.000456817011581733823 -0.120667003095149994 0.200237005949020386 100
-0.00122238998301327229 -0.120665997266769409 0.200240999460220337 100
-0.00198801001533865929 -0.120664000511169434 0.200244992971420288 100
-0.00275368988513946533 -0.120660997927188873 0.200249001383781433 100
-0.00351945008151233196 -0.120659001171588898 0.200251996517181396 100
-0.00428530992940068245 -0.120656996965408325 0.200256004929542542 100
-0.00505129992961883545 -0.120654001832008362 0.200259998440742493 100
-0.00588507996872067451 -0.120399996638298035 0.201262995600700378 100
-0.00826794002205133438 -0.11513499915599823 0.222247004508972168 100
0.0226687006652355194 -0.118040002882480621 0.214103996753692627 100
0.0200298000127077103 -0.119975998997688293 0.20612800121307373 100
0.0181611999869346619 -0.121186003088951111 0.201143994927406311 100
0.017581399530172348 -0.120947003364562988 0.202144995331764221 100
0.0167934000492095947 -0.120949998497962952 0.202149003744125366 100
0.0158239006996154785 -0.121192999184131622 0.201156005263328552 100
0.0148726999759674072 -0.121436998248100281 0.200161993503570557 100
0.0141038000583648682 -0.121437996625900269 0.200166001915931702 100
0.0133352996781468391 -0.121440000832080841 0.200169995427131653 100
0.0125671997666358948 -0.121440999209880829 0.200174003839492798 100
0.0116621004417538643 -0.1216839998960495 0.199180006980895996 100
0.0110317999497056007 -0.121443003416061401 0.200182005763053894 100
0.0102645000442862511 -0.121444001793861389 0.200185999274253845 100
0.00949756987392902374 -0.121445000171661377 0.200189992785453796 100
0.00873085018247365952 -0.121445000171661377 0.200194001197814941 100
0.00796435028314590454 -0.121445998549461365 0.200197994709014893 100
0.00719805015251040459 -0.121445998549461365 0.200202003121376038 100
0.00643194001168012619 -0.121445998549461365 0.200205996632575989 100
0.00566599005833268166 -0.121445998549461365 0.200209006667137146 100
0.00490019004791975021 -0.121445000171661377 0.200213000178337097 100
0.00413451017811894417 -0.121445000171661377 0.200216993689537048 100
0.00336892995983362198 -0.121444001793861389 0.200221002101898193 100
0.00260343006812036037 -0.121443003416061401 0.200224995613098145 100
0.00183800002560019493 -0.121441997587680817 0.20022900402545929 100
0.00107260001823306084 -0.121440999209880829 0.200232997536659241 100
0.000307226000586524606 -0.121439002454280853 0.200237005949020386 100
-0.000458149996120482683 -0.121437996625900269 0.200240999460220337 100
-0.00122354004997760057 -0.121435999870300293 0.200244992971420288 100
-0.00198897998780012131 -0.121434003114700317 0.200249001383781433 100
-0.00275448011234402657 -0.121431998908519745 0.200252994894981384 100
-0.00356100010685622692 -0.121187999844551086 0.201256006956100464 100
-0.00428574997931718826 -0.121426999568939209 0.20026099681854248 100
-0.00505155976861715317 -0.121423996984958649 0.200265005230903625 100
-0.00595280015841126442 -0.120938003063201904 0.202267006039619446 100
0.0217553991824388504 -0.119868002831935883 0.210117995738983154 100
0.0198061000555753708 -0.121033996343612671 0.205134004354476929 100
0.0185729991644620895 -0.121501997113227844 0.203143000602722168 100
0.0181751996278762817 -0.121039003133773804 0.205143004655838013 100
0.0169789008796215057 -0.121505998075008392 0.203152000904083252 100
0.0160006992518901825 -0.121740996837615967 0.20215800404548645 100
0.0152137000113725662 -0.121743001043796539 0.202161997556686401 100
0.0142631996423006058 -0.121977001428604126 0.2011680006980896 100
0.0134859001263976097 -0.121977999806404114 0.201171994209289551 100
0.0127090001478791237 -0.121978998184204102 0.201176002621650696 100
0.0117952004075050354 -0.122212998569011688 0.200182005763053894 100
0.0111560998484492302 -0.121981002390384674 0.201184004545211792 100
0.0103801004588603973 -0.121982000768184662 0.201187998056411743 100
0.00960440002381801605 -0.12198299914598465 0.201192006468772888 100
0.00882892962545156479 -0.12198299914598465 0.201195999979972839 100
0.00805369019508361816 -0.12198299914598465 0.201199993491172791 100
0.00727865984663367271 -0.12198299914598465 0.201204001903533936 100
0.00650381017476320267 -0.12198299914598465 0.201207995414733887 100
0.00572913000360131264 -0.12198299914598465 0.201212003827095032 100
0.0049545997753739357 -0.12198299914598465 0.201215997338294983 100
0.00418019015341997147 -0.121982000768184662 0.201220005750656128 100
0.00336673995479941368 -0.122213996946811676 0.200225993990898132 100
0.0026014100294560194 -0.122212998569011688 0.20022900402545929 100
0.00185750005766749382 -0.121978998184204102 0.201232001185417175 100
0.00107092002872377634 -0.122210003435611725 0.200237005949020386 100
0.000309274997562170029 -0.121976003050804138 0.201240003108978271 100
-0.000464824988739565015 -0.121974997222423553 0.201243996620178223 100
-0.00123894994612783194 -0.121973000466823578 0.201248005032539368 100
-0.00201311009004712105 -0.121971003711223602 0.201251998543739319 100
-0.00278733996674418449 -0.12196899950504303 0.201256006956100464 100
-0.00356164993718266487 -0.121965996921062469 0.201260000467300415 100
-0.00433606002479791641 -0.121964000165462494 0.201263993978500366 100
-0.00511060003191232681 -0.121960997581481934 0.201268002390861511 100
0.0217490997165441513 -0.120728999376296997 0.210123002529144287 100
0.0202354993671178818 -0.121403001248836517 0.20713399350643158 100
0.0194019991904497147 -0.121404998004436493 0.207139000296592712 100
0.0185690000653266907 -0.121407002210617065 0.207142993807792664 100
0.0175458993762731552 -0.121633000671863556 0.206148996949195862 100
0.0165410991758108139 -0.121858999133110046 0.205155998468399048 100
0.0153818000108003616 -0.122307002544403076 0.203163996338844299 100
0.0145864002406597137 -0.122308999300003052 0.203168004751205444 100
0.0137914000079035759 -0.12230999767780304 0.203171998262405396 100
0.012850799597799778 -0.122534997761249542 0.202178001403808594 100
0.012065500020980835 -0.122536003589630127 0.202182993292808533 100
0.0112803997471928596 -0.122537001967430115 0.202187001705169678 100
0.010495699942111969 -0.122537001967430115 0.202190995216369629 100
0.00971121992915868759 -0.122538000345230103 0.202195003628730774 100
0.00902845989912748337 -0.122314997017383575 0.203197002410888672 100
0.00814303010702133179 -0.122538000345230103 0.20220300555229187 100
0.00735926022753119469 -0.122538000345230103 0.202206999063491821 100
0.00665041012689471245 -0.122314997017383575 0.203208997845649719 100
0.00585808977484703064 -0.122313998639583588 0.203213006258010864 100
0.00500900018960237503 -0.122537001967430115 0.202218994498252869 100
0.00422585988417267799 -0.122537001967430115 0.202223002910614014 100
0.00344281992875039577 -0.122536003589630127 0.202226996421813965 100
0.00265986006706953049 -0.122534997761249542 0.20223100483417511 100
0.00187697005458176136 -0.122533999383449554 0.202234998345375061 100
0.00109411997254937887 -0.122532002627849579 0.202239006757736206 100
0.000314826989779248834 -0.122307002544403076 0.203242003917694092 100
-0.000476899003842845559 -0.122305996716022491 0.203245997428894043 100
-0.0012686500558629632 -0.122303999960422516 0.203250005841255188 100
-0.00206043990328907967 -0.12230200320482254 0.203253999352455139 100
-0.00285228993743658066 -0.122299998998641968 0.20325799286365509 100
-0.00368518009781837463 -0.122074000537395477 0.20426100492477417 100
-0.00443628011271357536 -0.122294999659061432 0.203265994787216187 100
-0.00516971014440059662 -0.122515998780727386 0.202270999550819397 100
-0.00798260979354381561 -0.115801997482776642 0.232250005006790161 100
0.0219695009291172028 -0.121375001966953278 0.211125001311302185 100
0.021099800243973732 -0.121376998722553253 0.211129993200302124 100
0.0200220998376607895 -0.12159399688243866 0.21013699471950531 100
0.0189628992229700089 -0.121811002492904663 0.209142997860908508 100
0.0179219990968704224 -0.12202800065279007 0.208149999380111694 100
0.016899600625038147 -0.122244000434875488 0.207156002521514893 100
0.0160681996494531631 -0.122245997190475464 0.207159996032714844 100
0.0150733999907970428 -0.122461996972560883 0.20616699755191803 100
0.0142518002539873123 -0.122463002800941467 0.206171005964279175 100
0.0134306000545620918 -0.122464001178741455 0.206174999475479126 100
0.0126096997410058975 -0.122464999556541443 0.206178992986679077 100
0.0116609996184706688 -0.122680000960826874 0.205184996128082275 100
0.0108497003093361855 -0.122680999338626862 0.205190002918243408 100
0.0100386999547481537 -0.122680999338626862 0.205193996429443359 100
0.00922791007906198502 -0.122681997716426849 0.205198004841804504 100
0.00832486990839242935 -0.122896000742912292 0.204203993082046509 100
0.00752345006912946701 -0.122896000742912292 0.204208001494407654 100
0.00672222999855875969 -0.122896000742912292 0.204211995005607605 100
0.00592117989435791969 -0.122895002365112305 0.20421600341796875 100
0.00512026995420455933 -0.122895002365112305 0.204219996929168701 100
0.00431950017809867859 -0.12289399653673172 0.204224005341529846 100
0.00351882004179060459 -0.122892998158931732 0.204228997230529785 100
0.00268804002553224564 -0.123107001185417175 0.203234001994132996 100
0.0019177199574187398 -0.122891001403331757 0.204236999154090881 100
0.00111724995076656342 -0.122890003025531769 0.204240992665290833 100
0.000320308987284079194 -0.12267400324344635 0.205244004726409912 100
-0.000494415988214313984 -0.122456997632980347 0.206247001886367798 100
-0.00131268997211009264 -0.122455000877380371 0.206250995397567749 100
-0.00213099992834031582 -0.122452996671199799 0.206255003809928894 100
-0.00291732000187039375 -0.122666001319885254 0.205259993672370911 100
-0.00376784009858965874 -0.122449003159999847 0.206264004111289978 100
-0.00458642002195119858 -0.122446000576019287 0.206267997622489929 100
-0.00534636992961168289 -0.122657999396324158 0.20527300238609314 100
0.0230689998716115952 -0.122034996747970581 0.212123006582260132 100
0.022189900279045105 -0.122037999331951141 0.212127998471260071 100
0.0213114004582166672 -0.122040003538131714 0.212132006883621216 100
0.0202249996364116669 -0.122248001396656036 0.211138993501663208 100
0.0191569998860359192 -0.122455999255180359 0.210145995020866394 100
0.0181074999272823334 -0.122662998735904694 0.209151998162269592 100
0.0170763004571199417 -0.122870996594429016 0.208158999681472778 100
0.0162362009286880493 -0.122872002422809601 0.208162993192672729 100
0.0153965000063180923 -0.122873000800609589 0.208167001605033875 100
0.01455719955265522 -0.122874997556209564 0.208171993494033813 100
0.0135722998529672623 -0.123080998659133911 0.207177996635437012 100
0.0127427000552415848 -0.123081997036933899 0.207182005047798157 100
0.0117853004485368729 -0.123287998139858246 0.206187993288040161 100
0.0109652001410722733 -0.123288996517658234 0.206192001700401306 100
0.0101453997194766998 -0.123288996517658234 0.206196993589401245 100
0.00932591967284679413 -0.123288996517658234 0.20620100200176239 100
0.00841418001800775528 -0.123494997620582581 0.205207005143165588 100
0.00760402018204331398 -0.123494997620582581 0.20521099865436554 100
0.00679404987022280693 -0.123493999242782593 0.205215007066726685 100
0.00598424999043345451 -0.123493999242782593 0.205219000577926636 100
0.00517460983246564865 -0.123493000864982605 0.205222994089126587 100
0.00436510005965828896 -0.123493000864982605 0.20522800087928772 100
0.00359477009624242783 -0.12328600138425827 0.206229999661445618 100
0.00277654989622533321 -0.123285003006458282 0.20623500645160675 100
0.00197969004511833191 -0.123078003525733948 0.207238003611564636 100
0.00115269003435969353 -0.123076997697353363 0.207241997122764587 100
0.00032921900856308639 -0.122868999838829041 0.208244994282722473 100
-0.000506647978909313679 -0.122868001461029053 0.208249002695083618 100
-0.00134253001306205988 -0.12286599725484848 0.208253994584083557 100
-0.00217846990562975407 -0.122864000499248505 0.208258002996444702 100
-0.0030144799966365099 -0.122860997915267944 0.208261996507644653 100
-0.00389152998104691505 -0.122653000056743622 0.209266006946563721 100
-0.00473664002493023872 -0.122651003301143646 0.209270000457763672 100
0.0228275991976261139 -0.123109996318817139 0.211129993200302124 100
0.0217313002794981003 -0.123309001326560974 0.21013699471950531 100
0.0213057007640600204 -0.122916996479034424 0.212136998772621155 100
0.0200111009180545807 -0.123313002288341522 0.210145995020866394 100
0.0191517993807792664 -0.123314999043941498 0.210151001811027527 100
0.0181025005877017975 -0.123512998223304749 0.209157004952430725 100
0.0172531008720397949 -0.123515002429485321 0.209160998463630676 100
0.0162314996123313904 -0.123713001608848572 0.208167999982833862 100
0.0153919998556375504 -0.12371399998664856 0.208171993494033813 100
0.0145528996363282204 -0.123714998364448547 0.208176001906394958 100
0.0137141002342104912 -0.123715996742248535 0.208180993795394897 100
0.0127387000247836113 -0.123912997543811798 0.207186996936798096 100
0.0119096003472805023 -0.123914003372192383 0.207191005349159241 100
0.0109615996479988098 -0.124110996723175049 0.206196993589401245 100
0.0101420003920793533 -0.124110996723175049 0.20620100200176239 100
0.00932261999696493149 -0.124110996723175049 0.206204995512962341 100
0.00850349012762308121 -0.124110996723175049 0.206210002303123474 100
0.00768458005040884018 -0.124110996723175049 0.206213995814323425 100
0.00686585996299982071 -0.124109998345375061 0.20621800422668457 100
0.0060473298653960228 -0.124109998345375061 0.206221997737884521 100
0.00522893993183970451 -0.124108999967575073 0.206226006150245667 100
0.00441069016233086586 -0.124108001589775085 0.206230998039245605 100
0.00363158993422985077 -0.123911000788211823 0.207233995199203491 100
0.00283478992059826851 -0.123713001608848572 0.208237007260322571 100
0.00199902011081576347 -0.123712003231048584 0.208241000771522522 100
0.00117566005792468786 -0.123512998223304749 0.209243997931480408 100
0.000331062008626759052 -0.123511999845504761 0.209248006343841553 100
-0.000518943008501082659 -0.123313002288341522 0.210252001881599426 100
-0.00137246004305779934 -0.12331099808216095 0.210255995392799377 100
-0.00222601997666060925 -0.123309001326560974 0.21026100218296051 100
-0.00311173009686172009 -0.123109996318817139 0.211263999342918396 100
-0.00393337011337280273 -0.123305000364780426 0.210269004106521606 100
-0.00483707990497350693 -0.123104996979236603 0.21127299964427948 100
0.0232923999428749084 -0.123602002859115601 0.213130995631217957 100
0.0219521000981330872 -0.123980000615119934 0.21114000678062439 100
0.0215176008641719818 -0.123605996370315552 0.213139995932579041 100
0.0204226002097129822 -0.123796001076698303 0.212146997451782227 100
0.0193461999297142029 -0.12398499995470047 0.211153000593185425 100
0.0182881001383066177 -0.124173998832702637 0.210160002112388611 100
0.017248399555683136 -0.124364003539085388 0.209166005253791809 100
0.0163995996117591858 -0.124365001916885376 0.20916999876499176 100
0.0155512997880578041 -0.124366000294685364 0.209175005555152893 100
0.0145485997200012207 -0.124554000794887543 0.208180993795394897 100
0.0137101002037525177 -0.124554999172687531 0.208185002207756042 100
0.0128717999905347824 -0.124555997550487518 0.208189994096755981 100
0.011905900202691555 -0.124743998050689697 0.20719599723815918 100
0.0110772000625729561 -0.124743998050689697 0.207200005650520325 100
0.0101386001333594322 -0.124931998550891876 0.206205993890762329 100
0.00942069012671709061 -0.124743998050689697 0.207207992672920227 100
0.00859280023723840714 -0.124743998050689697 0.20721299946308136 100
0.00776513991877436638 -0.124743998050689697 0.207216992974281311 100
0.00693767983466386795 -0.124743998050689697 0.207221001386642456 100
0.00611039018258452415 -0.124742999672889709 0.207224994897842407 100
0.00528325978666543961 -0.124742001295089722 0.20723000168800354 100
0.00445625977590680122 -0.124741002917289734 0.207233995199203491 100
0.00366839999333024025 -0.124553002417087555 0.208237007260322571 100
0.0028628399595618248 -0.124364003539085388 0.209240004420280457 100
0.00201832992024719715 -0.124361999332904816 0.209243997931480408 100
0.00118619995191693306 -0.124173000454902649 0.210247993469238281 100
0.000336338009219616652 -0.123984001576900482 0.211251005530357361 100
-0.000525891024153679609 -0.12398199737071991 0.2112559974193573 100
-0.00138814002275466919 -0.123980000615119934 0.211260005831718445 100
-0.00225043995305895805 -0.123977996408939362 0.211263999342918396 100
-0.00314490008167922497 -0.123787999153137207 0.21226799488067627 100
-0.00397526985034346581 -0.123972997069358826 0.21127299964427948 100
-0.00483785010874271393 -0.12397100031375885 0.211278006434440613 100
-0.0117905000224709511 -0.113245002925395966 0.268256008625030518 100
-0.0117081999778747559 -0.116437003016471863 0.251273006200790405 100
0.0235219001770019531 -0.124307997524738312 0.214133992791175842 100
0.022172899916768074 -0.124668002128601074 0.212142005562782288 100
0.0217294991016387939 -0.12431199848651886 0.214142993092536926 100
0.0204175002872943878 -0.124672003090381622 0.212151005864143372 100
0.019341200590133667 -0.124852001667022705 0.211158007383346558 100
0.0182833001017570496 -0.125031992793083191 0.210163995623588562 100
0.0172438006848096848 -0.125211998820304871 0.209170997142791748 100
0.0163952000439167023 -0.125212997198104858 0.209175005555152893 100
0.015383400022983551 -0.125393003225326538 0.208180993795394897 100
0.0145445996895432472 -0.125394001603126526 0.20818600058555603 100
0.0137061001732945442 -0.125394001603126526 0.208189994096755981 100
0.0128680001944303513 -0.125394999980926514 0.208194002509117126 100
0.0120302997529506683 -0.125394999980926514 0.208198994398117065 100
0.0110737001523375511 -0.125573992729187012 0.207203999161720276 100
0.0102455001324415207 -0.125573992729187012 0.207209005951881409 100
0.00941750966012477875 -0.125573992729187012 0.20721299946308136 100
0.00858976971358060837 -0.125573992729187012 0.207216992974281311 100
0.00767879001796245575 -0.125752002000808716 0.206222996115684509 100
0.006860360037535429 -0.125752002000808716 0.206227004528045654 100
0.00610778015106916428 -0.125571995973587036 0.20723000168800354 100
0.00528078991919755936 -0.125571995973587036 0.207233995199203491 100
0.0044539300724864006 -0.125570997595787048 0.207239001989364624 100
0.0036661799531430006 -0.125391006469726562 0.20824199914932251 100
0.00283062993548810482 -0.125389993190765381 0.208245992660522461 100
0.00203759991563856602 -0.125030994415283203 0.210247993469238281 100
0.0011843900429084897 -0.125028997659683228 0.210252001881599426 100
0.000334637996274977922 -0.124848999083042145 0.2112559974193573 100
-0.00052743998821824789 -0.124847002327442169 0.211260005831718445 100
-0.00138954003341495991 -0.124844998121261597 0.211264997720718384 100
-0.00225169002078473568 -0.124843001365661621 0.211269006133079529 100
-0.00311392010189592838 -0.124840997159481049 0.211273998022079468 100
-0.00397623004391789436 -0.124838002026081085 0.211278006434440613 100
-0.00483865989372134209 -0.124835997819900513 0.211281999945640564 100
-0.00587756000459194183 -0.124296002089977264 0.214285001158714294 100
-0.00967676006257534027 -0.116593003273010254 0.257263004779815674 100
-0.0105660995468497276 -0.117484003305435181 0.252272993326187134 100
-0.0116231003776192665 -0.117838002741336823 0.250279992818832397 100
-0.249834001064300537 -0.098816998302936554 0.33940500020980835 100
-0.247905001044273376 -0.099518701434135437 0.335399001836776733 100
-0.251596003770828247 -0.0992491990327835083 0.33641698956489563 100
-0.251881986856460571 -0.0995609983801841736 0.334419995546340942 100
0.0235163997858762741 -0.125202000141143799 0.214138001203536987 100
0.0223938003182411194 -0.125374004244804382 0.213145002722740173 100
0.0217243004590272903 -0.12520599365234375 0.214147999882698059 100
0.0204124990850687027 -0.125547006726264954 0.212155997753143311 100
0.0191370993852615356 -0.125888004899024963 0.21016499400138855 100
0.0182787999510765076 -0.125889003276824951 0.210169002413749695 100
0.017239399254322052 -0.126059994101524353 0.209175005555152893 100
0.0162183996289968491 -0.126230999827384949 0.208182007074356079 100
0.0153793003410100937 -0.126231998205184937 0.20818600058555603 100
0.0145405996590852737 -0.126232996582984924 0.208189994096755981 100
0.0138480998575687408 -0.12606300413608551 0.209193006157875061 100
0.0128643997013568878 -0.126232996582984924 0.208198994398117065 100
0.0120267001911997795 -0.126233994960784912 0.20820300281047821 100
0.0111894002184271812 -0.126233994960784912 0.208206996321678162 100
0.0103524001315236092 -0.126233994960784912 0.208212003111839294 100
0.00941441021859645844 -0.126403003931045532 0.207218006253242493 100
0.00858680997043848038 -0.126403003931045532 0.207221999764442444 100
0.00775942020118236542 -0.126403003931045532 0.207225993275642395 100
0.00693223020061850548 -0.126402005553245544 0.20723000168800354 100
0.00603957986459136009 -0.126570999622344971 0.206236004829406738 100
0.00527836987748742104 -0.126401007175445557 0.207239001989364624 100
0.00445163995027542114 -0.126399993896484375 0.207242995500564575 100
0.00366399995982646942 -0.126229003071784973 0.208245992660522461 100
0.00288877007551491261 -0.125888004899024963 0.210247993469238281 100
0.00205684988759458065 -0.12571600079536438 0.211252003908157349 100
0.00119489000644534826 -0.125715002417564392 0.2112559974193573 100
0.000332945986883714795 -0.125713005661964417 0.211261004209518433 100
-0.000534448015969246626 -0.125541999936103821 0.212264001369476318 100
-0.00139095995109528303 -0.125709995627403259 0.211269006133079529 100
-0.002252969890832901 -0.125707998871803284 0.211273998022079468 100
-0.00311506004072725773 -0.12570500373840332 0.211278006434440613 100
-0.00397722981870174408 -0.125703006982803345 0.211282998323440552 100
-0.00483951997011899948 -0.125700995326042175 0.211287006735801697 100
-0.00576072977855801582 -0.125527992844581604 0.21229100227355957 100
-0.00960994046181440353 -0.118037998676300049 0.256271004676818848 100
-0.0103369997814297676 -0.119225002825260162 0.249281004071235657 100
-0.0117944004014134407 -0.118711002171039581 0.252285987138748169 100
-0.241696000099182129 -0.101956002414226532 0.334381014108657837 100
-0.243081003427505493 -0.102072998881340027 0.333388000726699829 100
-0.24671599268913269 -0.101820997893810272 0.334405988454818726 100
-0.246978998184204102 -0.102118998765945435 0.332408994436264038 100
-0.250665009021759033 -0.101861998438835144 0.333425998687744141 100
-0.252074003219604492 -0.101972997188568115 0.332433998584747314 100
0.0239812992513179779 -0.125773996114730835 0.21613900363445282 100
0.022388700395822525 -0.126258000731468201 0.213149994611740112 100
0.0215020999312400818 -0.126259997487068176 0.213155001401901245 100
0.0201995000243186951 -0.126582995057106018 0.211162999272346497 100
0.0193317998200654984 -0.126583993434906006 0.211168006062507629 100
0.0182742998003959656 -0.126745998859405518 0.210173994302749634 100
0.0172352008521556854 -0.126908004283905029 0.209179997444152832 100
0.0163869000971317291 -0.126909002661705017 0.209184005856513977 100
0.0153753999620676041 -0.127070993185043335 0.208189994096755981 100
0.0145367998629808426 -0.127070993185043335 0.208195000886917114 100
0.0138443997129797935 -0.126910999417304993 0.209197998046875 100
0.012860800139605999 -0.127072006464004517 0.20820300281047821 100
0.0120232999324798584 -0.127072006464004517 0.208207994699478149 100
0.011186099611222744 -0.127072006464004517 0.208212003111839294 100
0.0102391000837087631 -0.127232998609542847 0.207218006253242493 100
0.00931019987910985947 -0.127393007278442383 0.206222996115684509 100
0.0083993198350071907 -0.127553999423980713 0.205228999257087708 100
0.00758985010907053947 -0.127553001046180725 0.205232992768287659 100
0.00678056990727782249 -0.127553001046180725 0.205237001180648804 100
0.00597146991640329361 -0.127552002668380737 0.205240994691848755 100
0.00521924998611211777 -0.127389997243881226 0.206245005130767822 100
0.00444938009604811668 -0.127228006720542908 0.207248002290725708 100
0.00366185000166296959 -0.127066001296043396 0.208250999450683594 100
0.00291677005589008331 -0.12658199667930603 0.211252003908157349 100
0.0020760800689458847 -0.126420006155967712 0.212255999445915222 100
0.0012053600512444973 -0.126417994499206543 0.212259992957115173 100
0.000334668991854414344 -0.126415997743606567 0.212264001369476318 100
-0.000536030973307788372 -0.12641499936580658 0.212268993258476257 100
-0.00140674994327127934 -0.126413002610206604 0.212273001670837402 100
-0.00225428002886474133 -0.126571998000144958 0.211279004812240601 100
-0.00311622000299394131 -0.126569002866744995 0.211282998323440552 100
-0.00397827010601758957 -0.12656700611114502 0.211288005113601685 100
-0.0048404298722743988 -0.12656499445438385 0.211291998624801636 100
-0.00576151022687554359 -0.126401007175445557 0.212295994162559509 100
-0.00913709960877895355 -0.120431996881961823 0.249282002449035645 100
-0.010490800254046917 -0.12010599672794342 0.251287013292312622 100
-0.0117950001731514931 -0.119939997792243958 0.252292990684509277 100
-0.236975997686386108 -0.104465000331401825 0.332370012998580933 100
-0.235019996762275696 -0.105099998414516449 0.328363001346588135 100
-0.23745100200176239 -0.105039000511169434 0.328375011682510376 100
-0.244405001401901245 -0.104276001453399658 0.332406997680664062 100
-0.248056992888450623 -0.104034997522830963 0.333424985408782959 100
-0.250602990388870239 -0.103965997695922852 0.3334369957447052 100
-0.254332005977630615 -0.103720001876354218 0.334455013275146484 100
0.0415215007960796356 -0.123761996626853943 0.235037997364997864 100
0.0434328988194465637 -0.122395001351833344 0.244020998477935791 100
0.044207599014043808 -0.121485002338886261 0.250012993812561035 100
0.0508792996406555176 -0.117680996656417847 0.274958014488220215 100
0.0500400997698307037 -0.117380000650882721 0.276960998773574829 100
0.0485701002180576324 -0.117384001612663269 0.276968002319335938 100
0.0473904013633728027 -0.117236003279685974 0.27797400951385498 100
0.0450741015374660492 -0.117696002125740051 0.274987995624542236 100
0.0395613983273506165 -0.119981996715068817 0.260028988122940063 100
0.0242111999541521072 -0.126533001661300659 0.217142000794410706 100
0.0232881996780633926 -0.126534000039100647 0.217146992683410645 100
0.0223657991737127304 -0.126534998416900635 0.217151999473571777 100
0.0206112992018461227 -0.127145007252693176 0.213164001703262329 100
0.0195266008377075195 -0.12729799747467041 0.212170004844665527 100
0.018460400402545929 -0.127451002597808838 0.211177006363868713 100
0.0174125004559755325 -0.127603992819786072 0.210182994604110718 100
0.016382899135351181 -0.127755999565124512 0.209188997745513916 100
0.0155351003631949425 -0.1277569979429245 0.209193006157875061 100
0.0146877001971006393 -0.1277569979429245 0.209197998046875 100
0.0138406995683908463 -0.1277569979429245 0.209202006459236145 100
0.0129941003397107124 -0.127757996320724487 0.209206998348236084 100
0.0120200002565979958 -0.127910003066062927 0.208212003111839294 100
0.0110638998448848724 -0.128060996532440186 0.207218006253242493 100
0.0102361002936959267 -0.128060996532440186 0.207221999764442444 100
0.00930729974061250687 -0.128213003277778625 0.206228002905845642 100
0.0083965696394443512 -0.128364995121955872 0.205232992768287659 100
0.00750384014099836349 -0.128516003489494324 0.204238995909690857 100
0.00677805999293923378 -0.128362998366355896 0.205241993069648743 100
0.00603466993197798729 -0.12821100652217865 0.206245005130767822 100
0.00521693984046578407 -0.128209993243217468 0.206248998641967773 100
0.00444715982303023338 -0.128057003021240234 0.207251995801925659 100
0.00369866006076335907 -0.127750992774963379 0.209253996610641479 100
0.00291469995863735676 -0.127445995807647705 0.211256995797157288 100
0.00209527998231351376 -0.127140000462532043 0.213258996605873108 100
0.00121579994447529316 -0.127139002084732056 0.213264003396034241 100
0.000332955009071156383 -0.127288997173309326 0.212268993258476257 100
-0.000543099013157188892 -0.127134993672370911 0.213273003697395325 100
-0.00140821002423763275 -0.127285003662109375 0.212277993559837341 100
-0.00225559994578361511 -0.127434998750686646 0.211282998323440552 100
-0.00311742001213133335 -0.12743300199508667 0.211288005113601685 100
-0.00397934019565582275 -0.127431005239486694 0.211291998624801636 100
-0.00484137982130050659 -0.127428993582725525 0.211297005414962769 100
-0.00576234981417655945 -0.127274006605148315 0.212301000952720642 100
-0.00670125987380743027 -0.127119004726409912 0.213304996490478516 100
-0.00980244018137454987 -0.122698001563549042 0.242296993732452393 100
-0.0101715996861457825 -0.124064996838569641 0.233306005597114563 100
-0.0129089001566171646 -0.123143002390861511 0.239316001534461975 100
-0.013797299936413765 -0.123443998396396637 0.237322002649307251 100
-0.0146505003795027733 -0.12374500185251236 0.235328003764152527 100
-0.0155983995646238327 -0.123893000185489655 0.234332993626594543 100
-0.0170844998210668564 -0.123430997133255005 0.237339004874229431 100
-0.0183290001004934311 -0.123273000121116638 0.238343998789787292 100
-0.0191216003149747849 -0.123574003577232361 0.236349999904632568 100
-0.0200446993112564087 -0.123722001910209656 0.235355004668235779 100
-0.232325002551078796 -0.106922999024391174 0.330359011888504028 100
-0.232558995485305786 -0.107196003198623657 0.328361988067626953 100
-0.231661006808280945 -0.107634000480175018 0.325360000133514404 100
-0.232941001653671265 -0.107740998268127441 0.324366986751556396 100
-0.234216004610061646 -0.107848003506660461 0.323374003171920776 100
-0.242311999201774597 -0.106960996985435486 0.328411012887954712 100
-0.250544995069503784 -0.106068998575210571 0.333449006080627441 100
-0.250788986682891846 -0.106334999203681946 0.331450998783111572 100
0.0372056998312473297 -0.12742200493812561 0.217079997062683105 100
0.0362714007496833801 -0.127425000071525574 0.217085003852844238 100
0.0353381000459194183 -0.127427995204925537 0.217089995741844177 100
0.0344058014452457428 -0.127431005239486694 0.21709500253200531 100
0.0334744006395339966 -0.12743300199508667 0.217099994421005249 100
0.03285989910364151 -0.127292007207870483 0.218101993203163147 100
0.0319213010370731354 -0.127295002341270447 0.21810699999332428 100
0.0306855998933315277 -0.127440005540847778 0.217114001512527466 100
0.0306244008243083954 -0.127011999487876892 0.220111995935440063 100
0.0386274009943008423 -0.122429996728897095 0.25204700231552124 100
0.0392826981842517853 -0.121430002152919769 0.259038001298904419 100
0.0385035015642642975 -0.121146000921726227 0.261040002107620239 100
0.0366776995360851288 -0.121435001492500305 0.259050995111465454 100
0.0242061000317335129 -0.127452000975608826 0.217146992683410645 100
0.023057200014591217 -0.127597004175186157 0.216153994202613831 100
0.0219269003719091415 -0.127740994095802307 0.215160995721817017 100
0.0208149999380111694 -0.127884998917579651 0.214166998863220215 100
0.0195222999900579453 -0.128171995282173157 0.212174996733665466 100
0.0184562001377344131 -0.1283160001039505 0.211181998252868652 100
0.0174084994941949844 -0.128460004925727844 0.210188001394271851 100
0.0163790006190538406 -0.128602996468544006 0.209194004535675049 100
0.0155314002186059952 -0.128603994846343994 0.209197998046875 100
0.0146840997040271759 -0.128603994846343994 0.209202006459236145 100
0.0138373002409934998 -0.128603994846343994 0.209206998348236084 100
0.0129907997325062752 -0.128603994846343994 0.209211006760597229 100
0.0121446000412106514 -0.128603994846343994 0.209215998649597168 100
0.0111798001453280449 -0.12874700129032135 0.208221003413200378 100
0.010343099944293499 -0.128746002912521362 0.208225995302200317 100
0.00940562039613723755 -0.128888994455337524 0.207231000065803528 100
0.00848613027483224869 -0.12903200089931488 0.206237003207206726 100
0.00766800018027424812 -0.129031002521514893 0.206240996718406677 100
0.00685004983097314835 -0.129030004143714905 0.206245005130767822 100
0.00603228993713855743 -0.129030004143714905 0.206248998641967773 100
0.00527135981246829033 -0.128885000944137573 0.207251995801925659 100
0.00449278019368648529 -0.128740996122360229 0.208256006240844727 100
0.00369654991663992405 -0.12859700620174408 0.209259003400802612 100
0.00294268992729485035 -0.12816600501537323 0.212261006236076355 100
0.00217788992449641228 -0.127447992563247681 0.217261001467704773 100
0.00122622004710137844 -0.127875998616218567 0.214267998933792114 100
0.000338001002091914415 -0.127875000238418579 0.214273005723953247 100
-0.00055021198932081461 -0.127873003482818604 0.214276999235153198 100
-0.00142406998202204704 -0.12801399827003479 0.213282003998756409 100
-0.00228020991198718548 -0.128156006336212158 0.212288007140159607 100
-0.00311865005642175674 -0.128297001123428345 0.211292997002601624 100
-0.00398046011105179787 -0.128294005990028381 0.211297005414962769 100
-0.00484238006174564362 -0.128291994333267212 0.21130099892616272 100
-0.00570444017648696899 -0.128289997577667236 0.211306005716323853 100
-0.00812369026243686676 -0.124987997114658356 0.234301000833511353 100
-0.00926716998219490051 -0.124840997159481049 0.235305994749069214 100
-0.00983033981174230576 -0.1256989985704422 0.229313001036643982 100
-0.0110419997945427895 -0.125407993793487549 0.231317996978759766 100
-0.0113602001219987869 -0.126409992575645447 0.224325001239776611 100
-0.0123392995446920395 -0.126405999064445496 0.22432999312877655 100
-0.0131975999101996422 -0.126545995473861694 0.223334997892379761 100
-0.0140385003760457039 -0.126686006784439087 0.222340002655982971 100
-0.0150009002536535263 -0.126681998372077942 0.22234499454498291 100
-0.0161115005612373352 -0.126534000039100647 0.223350003361701965 100
-0.0169268995523452759 -0.126673996448516846 0.222354993224143982 100
-0.0180562008172273636 -0.126525998115539551 0.223360002040863037 100
-0.0190293006598949432 -0.126521006226539612 0.223364993929862976 100
-0.0201864000409841537 -0.126372992992401123 0.224370002746582031 100
-0.021939300000667572 -0.125792995095252991 0.228376001119613647 100
-0.232785999774932861 -0.108304999768733978 0.335368990898132324 100
-0.230949997901916504 -0.108870998024940491 0.331362992525100708 100
-0.229038998484611511 -0.109438002109527588 0.327356010675430298 100
-0.230330005288124084 -0.109540998935699463 0.32636299729347229 100
-0.229408994317054749 -0.109953001141548157 0.323361009359359741 100
-0.228435993194580078 -0.110366001725196838 0.320358008146286011 100
-0.227412000298500061 -0.11077900230884552 0.31735500693321228 100
-0.227475002408027649 -0.111036002635955811 0.315355986356735229 100
-0.227510005235671997 -0.111291997134685516 0.313358008861541748 100
-0.253055006265640259 -0.108107998967170715 0.333472996950149536 100
0.0394499003887176514 -0.128205001354217529 0.218072995543479919 100
0.0385046005249023438 -0.128207996487617493 0.218078002333641052 100
0.0371991991996765137 -0.128344997763633728 0.217085003852844238 100
0.0362650007009506226 -0.128347992897033691 0.217089995741844177 100
0.0356748998165130615 -0.128215998411178589 0.218092992901802063 100
0.0343995988368988037 -0.128352999687194824 0.217099994421005249 100
0.0331434011459350586 -0.128489002585411072 0.216106995940208435 100
0.0322220996022224426 -0.128491997718811035 0.216112002730369568 100
0.0313016995787620544 -0.128493994474411011 0.216116994619369507 100
0.0300842002034187317 -0.128629997372627258 0.215122997760772705 100
0.0294633004814386368 -0.128497004508972168 0.216125994920730591 100
0.028825199231505394 -0.128364995121955872 0.21712900698184967 100
0.0281697995960712433 -0.128232002258300781 0.218131005764007568 100
0.0272353999316692352 -0.128233000636100769 0.218135997653007507 100
0.0265545006841421127 -0.128099992871284485 0.219138994812965393 100
0.0256126001477241516 -0.128102004528045654 0.219144001603126526 100
0.0246712993830442429 -0.128103002905845642 0.219148993492126465 100
0.023504599928855896 -0.128238007426261902 0.218154996633529663 100
0.0221394002437591553 -0.128508001565933228 0.216163992881774902 100
0.0208106003701686859 -0.128776997327804565 0.214172005653381348 100
0.0195182003080844879 -0.129045993089675903 0.212180003523826599 100
0.0186425000429153442 -0.129045993089675903 0.212184995412826538 100
0.0174045991152524948 -0.129315003752708435 0.210191994905471802 100
0.0163754001259803772 -0.129449993371963501 0.209197998046875 100
0.0155277997255325317 -0.129449993371963501 0.209203004837036133 100
0.0146807003766298294 -0.129449993371963501 0.209206998348236084 100
0.0139795001596212387 -0.129316002130508423 0.21020999550819397 100
0.0129875000566244125 -0.129449993371963501 0.209215998649597168 100
0.0121414000168442726 -0.129449993371963501 0.209220007061958313 100
0.0112957004457712173 -0.129449993371963501 0.209224998950958252 100
0.0103401998057961464 -0.129583001136779785 0.208230003714561462 100
0.0094028497114777565 -0.129717007279396057 0.207236006855964661 100
0.00848348997533321381 -0.129850998520851135 0.206240996718406677 100
0.00766546977683901787 -0.129850000143051147 0.206245005130767822 100
0.00684762978926301003 -0.12984900176525116 0.206249997019767761 100
0.00609550997614860535 -0.1297139972448349 0.207252994179725647 100
0.00526911020278930664 -0.129712998867034912 0.207257002592086792 100
0.00449061021208763123 -0.129577994346618652 0.208259999752044678 100
0.00373335997574031353 -0.129308000206947327 0.210262998938560486 100
0.00291065010242164135 -0.129171997308731079 0.211265996098518372 100
0.00211248989216983318 -0.128767997026443481 0.214267998933792114 100
0.0012488500215113163 -0.128498002886772156 0.216270998120307922 100
0.00033625899231992662 -0.12876400351524353 0.214276999235153198 100
-0.000551845005247741938 -0.128763005137443542 0.214282006025314331 100
-0.00142558000516146421 -0.128894999623298645 0.213286995887756348 100
-0.00228158989921212196 -0.129026994109153748 0.212292000651359558 100
-0.00311990990303456783 -0.129160001873970032 0.211297005414962769 100
-0.00398160982877016068 -0.129158005118370056 0.211301997303962708 100
-0.0048434198834002018 -0.129154995083808899 0.211306005716323853 100
-0.00576419010758399963 -0.129017993807792664 0.212310001254081726 100
-0.00819242000579833984 -0.12592199444770813 0.235305994749069214 100
-0.00919148046523332596 -0.126053005456924438 0.234311997890472412 100
-0.00983105972409248352 -0.126723006367683411 0.229319006204605103 100
-0.0100988000631332397 -0.127795994281768799 0.221325993537902832 100
-0.0111541002988815308 -0.127657994627952576 0.222331002354621887 100
-0.0123396003618836403 -0.127386003732681274 0.224334999918937683 100
-0.0129556003957986832 -0.127785995602607727 0.221340999007225037 100
-0.0139086004346609116 -0.127783000469207764 0.221346005797386169 100
-0.0148619003593921661 -0.127779006958007812 0.221350997686386108 100
-0.0156679004430770874 -0.127910003066062927 0.220355004072189331 100
-0.0166130997240543365 -0.127905994653701782 0.22035999596118927 100
-0.0175588000565767288 -0.127902001142501831 0.220365002751350403 100
-0.018504999577999115 -0.127897992730140686 0.220369994640350342 100
-0.0194517001509666443 -0.127893999218940735 0.220375001430511475 100
-0.020399000495672226 -0.127889007329940796 0.220379993319511414 100
-0.0213468000292778015 -0.127884998917579651 0.220384001731872559 100
-0.0233468003571033478 -0.127204999327659607 0.225391000509262085 100
-0.0291648991405963898 -0.124227002263069153 0.247404992580413818 100
-0.232416003942489624 -0.110152997076511383 0.337377995252609253 100
-0.229572996497154236 -0.110829003155231476 0.332367002964019775 100
-0.227702006697654724 -0.111360996961593628 0.328359991312026978 100
-0.228999003767967224 -0.111459001898765564 0.327367007732391357 100
-0.228106006979942322 -0.111845999956130981 0.324364006519317627 100
-0.228264003992080688 -0.112088002264499664 0.322367012500762939 100
-0.227279007434844971 -0.11247599869966507 0.319362998008728027 100
-0.225117996335029602 -0.113008998334407806 0.315355002880096436 100
-0.225155994296073914 -0.113251000642776489 0.313356995582580566 100
-0.225165992975234985 -0.113493002951145172 0.311358004808425903 100
-0.225149005651473999 -0.11373399943113327 0.30935901403427124 100
0.0405422002077102661 -0.129382997751235962 0.216074004769325256 100
0.0396130010485649109 -0.129385992884635925 0.216078996658325195 100
0.0394433997571468353 -0.129136994481086731 0.218078002333641052 100
0.0384982004761695862 -0.129140004515647888 0.218082994222640991 100
0.0375541001558303833 -0.129142001271247864 0.218088001012802124 100
0.0366109982132911682 -0.129144996404647827 0.218092992901802063 100
0.0356688983738422394 -0.129146993160247803 0.218097999691963196 100
0.0350616015493869781 -0.129023000597953796 0.219099998474121094 100
0.0337875001132488251 -0.129151001572608948 0.21810699999332428 100
0.0328482985496520996 -0.129152998328208923 0.218112006783485413 100
0.0319099016487598419 -0.129154995083808899 0.218116998672485352 100
0.0306745003908872604 -0.129281997680664062 0.217124000191688538 100
0.0303245000541210175 -0.12903200089931488 0.21912500262260437 100
0.0293796006590127945 -0.129033997654914856 0.219128996133804321 100
0.0281646996736526489 -0.12916100025177002 0.218135997653007507 100
0.0274921990931034088 -0.129035994410514832 0.219138994812965393 100
0.0265496000647544861 -0.129038006067276001 0.219144001603126526 100
0.0244315993040800095 -0.129164993762969971 0.218155995011329651 100
0.0232740994542837143 -0.129290997982025146 0.217161998152732849 100
0.0223520994186401367 -0.129291996359825134 0.217167004942893982 100
0.0208065006881952286 -0.129667997360229492 0.214176997542381287 100
0.0195141993463039398 -0.129919007420539856 0.212184995412826538 100
0.0184483993798494339 -0.130044996738433838 0.211190998554229736 100
0.0175822004675865173 -0.130044996738433838 0.211196005344390869 100
0.0165442004799842834 -0.130171000957489014 0.210201993584632874 100
0.0155244003981351852 -0.130296006798744202 0.209206998348236084 100
0.0146773001179099083 -0.130296006798744202 0.209212005138397217 100
0.0139761995524168015 -0.130171000957489014 0.210215002298355103 100
0.0131209995597600937 -0.130170002579689026 0.210218995809555054 100
0.0121384002268314362 -0.13029499351978302 0.209224998950958252 100
0.0112928003072738647 -0.13029499351978302 0.209229007363319397 100
0.010447399690747261 -0.13029499351978302 0.209233999252319336 100
0.00940017029643058777 -0.130545005202293396 0.207240000367164612 100
0.00857312045991420746 -0.130544006824493408 0.207245007157325745 100
0.00774628994986414909 -0.130542993545532227 0.207249000668525696 100
0.00691966013982892036 -0.130541995167732239 0.207252994179725647 100
0.00602769013494253159 -0.130667001008987427 0.206257998943328857 100
0.00526690995320677757 -0.130539998412132263 0.207261994481086731 100
0.00448849005624651909 -0.130413994193077087 0.208265006542205811 100
0.00373128009960055351 -0.13016200065612793 0.210267007350921631 100
0.00290865008719265461 -0.130034998059272766 0.211271002888679504 100
0.00223717000335454941 -0.128904998302459717 0.220268994569778442 100
0.00127141003031283617 -0.129153996706008911 0.218274995684623718 100
0.000337856996338814497 -0.129528000950813293 0.21528199315071106 100
-0.00054795597679913044 -0.129777997732162476 0.213286995887756348 100
-0.0014271000400185585 -0.1297760009765625 0.21329200267791748 100
-0.00230628997087478638 -0.129774004220962524 0.213296994566917419 100
-0.00312120001763105392 -0.130023002624511719 0.211301997303962708 100
-0.00402386020869016647 -0.129895001649856567 0.212305992841720581 100
-0.00489444984123110771 -0.129893004894256592 0.212310001254081726 100
-0.00588284013792872429 -0.129638999700546265 0.214313998818397522 100
-0.00785494968295097351 -0.127626001834869385 0.230314001441001892 100
-0.00911584030836820602 -0.127246007323265076 0.23331800103187561 100
-0.0100883999839425087 -0.127369001507759094 0.232324004173278809 100
-0.0105713997036218643 -0.128120005130767822 0.226329997181892395 100
-0.0115676997229456902 -0.128115996718406677 0.226336002349853516 100
-0.0129009000957012177 -0.127736002206802368 0.229340001940727234 100
-0.0133191999047994614 -0.12836100161075592 0.224345996975898743 100
-0.0140388002619147301 -0.128609001636505127 0.222350999712944031 100
-0.015139799565076828 -0.128480002284049988 0.223355993628501892 100
-0.0159635003656148911 -0.128601998090744019 0.222360998392105103 100
-0.01676969975233078 -0.128723993897438049 0.221365004777908325 100
-0.0177241992205381393 -0.128720000386238098 0.221369996666908264 100
-0.0185046996921300888 -0.128841996192932129 0.220375001430511475 100
-0.0196348000317811966 -0.128711998462677002 0.221379995346069336 100
-0.0203984007239341736 -0.128833994269371033 0.220385000109672546 100
-0.0211446993052959442 -0.128956004977226257 0.219389006495475769 100
-0.0229253005236387253 -0.128446996212005615 0.223396003246307373 100
-0.0252167005091905594 -0.127684995532035828 0.22940400242805481 100
-0.0276162996888160706 -0.126921996474266052 0.235412001609802246 100
-0.228912994265556335 -0.112435996532440186 0.33637198805809021 100
-0.227145999670028687 -0.112933002412319183 0.332365989685058594 100
-0.227421000599861145 -0.113159999251365662 0.330368012189865112 100
-0.226596996188163757 -0.1135220006108284 0.327365994453430176 100
-0.226800993084907532 -0.113748997449874878 0.325367987155914307 100
-0.22697700560092926 -0.113976001739501953 0.323370009660720825 100
-0.226019993424415588 -0.114338003098964691 0.320367008447647095 100
-0.225012004375457764 -0.114701002836227417 0.317364007234573364 100
-0.225078001618385315 -0.114927001297473907 0.315364986658096313 100
-0.225115001201629639 -0.115153998136520386 0.313367009162902832 100
-0.22512499988079071 -0.115378998219966888 0.311367988586425781 100
-0.225106999278068542 -0.115604996681213379 0.309368997812271118 100
0.044060099869966507 -0.129825994372367859 0.22005799412727356 100
0.0422791987657546997 -0.130061998963356018 0.218069002032279968 100
0.0421256013214588165 -0.129831001162528992 0.220067992806434631 100
0.0407718010246753693 -0.129950001835823059 0.219075992703437805 100
0.0398164987564086914 -0.129952996969223022 0.219080999493598938 100
0.0388622991740703583 -0.129954993724822998 0.219086006283760071 100
0.0379091985523700714 -0.129957005381584167 0.21909099817276001 100
0.0369571000337600708 -0.129959002137184143 0.219095006585121155 100
0.0360061004757881165 -0.129960998892784119 0.219099998474121094 100
0.0350559987127780914 -0.129962995648384094 0.219105005264282227 100
0.0341068990528583527 -0.129963994026184082 0.219109997153282166 100
0.0334745012223720551 -0.129850000143051147 0.220112994313240051 100
0.0325182005763053894 -0.129850998520851135 0.220118001103401184 100
0.0315627008676528931 -0.129851996898651123 0.220122992992401123 100
0.0308969002217054367 -0.129737004637718201 0.221126005053520203 100
0.0299341008067131042 -0.129739001393318176 0.221130996942520142 100
0.029513699933886528 -0.129507005214691162 0.223131000995635986 100
0.0327230989933013916 -0.127645000815391541 0.239105001091957092 100
0.0267977006733417511 -0.129858002066612244 0.220146998763084412 100
0.0258469991385936737 -0.129859000444412231 0.220152005553245544 100
0.0248969998210668564 -0.129859998822212219 0.220156997442245483 100
0.0232698004692792892 -0.130208998918533325 0.217167004942893982 100
0.0223478991538286209 -0.130209997296333313 0.217171996831893921 100
0.0208024997264146805 -0.130558997392654419 0.214182004332542419 100
0.0197094995528459549 -0.130676001310348511 0.213187992572784424 100
0.0186349004507064819 -0.130793005228042603 0.212193995714187622 100
0.0175787005573511124 -0.130908995866775513 0.21119999885559082 100
0.0165407005697488785 -0.131025999784469604 0.210206001996994019 100
0.015521099790930748 -0.131142005324363708 0.209212005138397217 100
0.0148285999894142151 -0.131025001406669617 0.210215002298355103 100
0.0139731001108884811 -0.131025001406669617 0.210218995809555054 100
0.0131179997697472572 -0.131025001406669617 0.210224002599716187 100
0.0122632002457976341 -0.131024003028869629 0.210227996110916138 100
0.0112899001687765121 -0.131139993667602539 0.209233999252319336 100
0.0104446997866034508 -0.131139993667602539 0.209237992763519287 100
0.00949861016124486923 -0.131255999207496643 0.208243995904922485 100
0.00857060030102729797 -0.131371006369590759 0.207249000668525696 100
0.00774386990815401077 -0.131369993090629578 0.207252994179725647 100
0.00684294011443853378 -0.131485998630523682 0.206258997321128845 100
0.00609095999971032143 -0.131367996335029602 0.207261994481086731 100
0.00532136019319295883 -0.131251007318496704 0.208265006542205811 100
0.00448640016838908195 -0.131249994039535522 0.208269000053405762 100
0.00372924003750085831 -0.131015002727508545 0.21027199923992157 100
0.0029965799767524004 -0.130548000335693359 0.214273005723953247 100
0.00221402989700436592 -0.129963994026184082 0.219273999333381653 100
0.00126950000412762165 -0.13007800281047821 0.218280002474784851 100
0.000339427002472802997 -0.130309998989105225 0.216286003589630127 100
-0.000555136997718364 -0.130540996789932251 0.214292004704475403 100
-0.0014286399818956852 -0.130656003952026367 0.213296994566917419 100
-0.00228442996740341187 -0.13077099621295929 0.21230199933052063 100
-0.00312252994626760483 -0.130885004997253418 0.21130700409412384 100
-0.003984029870480299 -0.130882993340492249 0.211310997605323792 100
-0.00489560002461075783 -0.130763992667198181 0.212314993143081665 100
-0.00600160006433725357 -0.13029499351978302 0.216318994760513306 100
-0.0080592697486281395 -0.128307998180389404 0.233318999409675598 100
-0.00919350981712341309 -0.128187999129295349 0.234323993325233459 100
-0.0101747997105121613 -0.128301993012428284 0.233329996466636658 100
-0.0108554000034928322 -0.128766000270843506 0.229335993528366089 100
-0.0117750000208616257 -0.128878995776176453 0.228340998291969299 100
-0.0126770995557308197 -0.128993004560470581 0.22734600305557251 100
-0.0131986001506447792 -0.129456996917724609 0.223351001739501953 100
-0.0140391001477837563 -0.129571005702018738 0.222356006503105164 100
-0.0148622002452611923 -0.129684001207351685 0.22136099636554718 100
-0.0158158000558614731 -0.12967999279499054 0.221366003155708313 100
-0.0166129991412162781 -0.129794001579284668 0.22037099301815033 100
-0.0175585001707077026 -0.129789993166923523 0.220375001430511475 100
-0.0185045003890991211 -0.129785999655723572 0.220379993319511414 100
-0.0194509997963905334 -0.129783004522323608 0.220385000109672546 100
-0.0205904003232717514 -0.129660993814468384 0.221389994025230408 100
-0.0215470008552074432 -0.129657000303268433 0.221395000815391541 100
-0.0227144006639719009 -0.12953600287437439 0.22240099310874939 100
-0.0241196006536483765 -0.129297003149986267 0.224407002329826355 100
-0.026017799973487854 -0.128822997212409973 0.228413999080657959 100
-0.0270396005362272263 -0.128818005323410034 0.228419005870819092 100
-0.0283083003014326096 -0.12869599461555481 0.229424998164176941 100
-0.227501004934310913 -0.114440999925136566 0.337375998497009277 100
-0.225774005055427551 -0.114903002977371216 0.333368986845016479 100
-0.226067006587982178 -0.115115001797676086 0.331371992826461792 100
-0.226330995559692383 -0.115326002240180969 0.329373985528945923 100
-0.225494995713233948 -0.115662999451160431 0.326371997594833374 100
-0.224608004093170166 -0.116001002490520477 0.323368996381759644 100
-0.225850999355316162 -0.116085998713970184 0.322376012802124023 100
-0.224883005023002625 -0.116423003375530243 0.319373011589050293 100
-0.224976003170013428 -0.116633996367454529 0.317373991012573242 100
-0.223915994167327881 -0.116971001029014587 0.314370989799499512 100
-0.223940998315811157 -0.11718200147151947 0.312371999025344849 100
-0.223938003182411194 -0.117392003536224365 0.310373008251190186 100
-0.225068002939224243 -0.117475003004074097 0.309379011392593384 100
0.0465216003358364105 -0.13087800145149231 0.219051003456115723 100
0.0446913987398147583 -0.131096005439758301 0.217061996459960938 100
0.0445980988442897797 -0.130882993340492249 0.219061002135276794 100
0.0432226993143558502 -0.130992993712425232 0.218069002032279968 100
0.0422731004655361176 -0.130995005369186401 0.218073993921279907 100
0.0413248017430305481 -0.130997002124786377 0.21807900071144104 100
0.0403775982558727264 -0.130998998880386353 0.218083992600440979 100
0.0398106984794139862 -0.130893006920814514 0.219086006283760071 100
0.0388565994799137115 -0.13089500367641449 0.21909099817276001 100
0.0379035994410514832 -0.130897000432014465 0.219096004962921143 100
0.0373034998774528503 -0.130790993571281433 0.220098003745079041 100
0.036343500018119812 -0.130793005228042603 0.220102995634078979 100
0.0353844985365867615 -0.13079400360584259 0.220108002424240112 100
0.0341016985476016998 -0.130903005599975586 0.219115003943443298 100
0.0334693007171154022 -0.130796998739242554 0.220118001103401184 100
0.0322063006460666656 -0.130906000733375549 0.21912500262260437 100
0.0309622995555400848 -0.131014004349708557 0.218132004141807556 100
0.0308919008821249008 -0.130693003535270691 0.221130996942520142 100
0.0296496003866195679 -0.130801007151603699 0.220137998461723328 100
0.0286967009305953979 -0.130802005529403687 0.22014300525188446 100
0.028268100693821907 -0.130587995052337646 0.222143992781639099 100
0.0270460005849599838 -0.130695998668670654 0.221150994300842285 100
0.0255987998098134995 -0.13091200590133667 0.21915900707244873 100
0.0246578007936477661 -0.13091200590133667 0.219163998961448669 100
0.0237175002694129944 -0.13091200590133667 0.219169005751609802 100
0.022343900054693222 -0.131127998232841492 0.217177003622055054 100
0.0210066996514797211 -0.13134300708770752 0.215185001492500305 100
0.0197059009224176407 -0.131558001041412354 0.213192999362945557 100
0.018631400540471077 -0.131666004657745361 0.212199002504348755 100
0.0175752993673086166 -0.131772994995117188 0.211205005645751953 100
0.0165373999625444412 -0.131880000233650208 0.210210993885993958 100
0.0156811997294425964 -0.131880000233650208 0.210215002298355103 100
0.0148254996165633202 -0.131880000233650208 0.210219994187355042 100
0.0139701003208756447 -0.13187900185585022 0.210224002599716187 100
0.0131149999797344208 -0.13187900185585022 0.210228994488716125 100
0.0122603001073002815 -0.131878003478050232 0.210233002901077271 100
0.0112872002646327019 -0.131984993815422058 0.209239006042480469 100
0.0104419998824596405 -0.131984993815422058 0.20924299955368042 100
0.00959709007292985916 -0.13198399543762207 0.209246993064880371 100
0.00866029970347881317 -0.13209100067615509 0.208252996206283569 100
0.00774150993674993515 -0.132196992635726929 0.20725800096988678 100
0.00691505009308457375 -0.132195994257926941 0.207261994481086731 100
0.00608876999467611313 -0.132194995880126953 0.207266002893447876 100
0.0052626398392021656 -0.132193997502326965 0.207270994782447815 100
0.00443664006888866425 -0.132192999124526978 0.20727500319480896 100
0.00372723001055419445 -0.131869003176689148 0.210277006030082703 100
0.00290473992936313152 -0.131760001182556152 0.211281001567840576 100
0.00238054990768432617 -0.130035996437072754 0.227274000644683838 100
0.00127978995442390442 -0.13089500367641449 0.219283998012542725 100
0.000331023999024182558 -0.131431996822357178 0.214292004704475403 100
-0.000556794984731823206 -0.131430000066757202 0.214296996593475342 100
-0.00144463998731225729 -0.131428003311157227 0.214301005005836487 100
-0.00230919988825917244 -0.131533995270729065 0.213305994868278503 100
-0.0031882899347692728 -0.131531998515129089 0.213311001658439636 100
-0.00402637990191578865 -0.131637006998062134 0.212316006422042847 100
-0.00489680003374814987 -0.131634995341300964 0.212319999933242798 100
-0.00588505016639828682 -0.131417006254196167 0.214323997497558594 100
-0.00812825001776218414 -0.129258006811141968 0.234323993325233459 100
-0.00911804009228944778 -0.129363000392913818 0.233329996466636658 100
-0.0101757999509572983 -0.129360005259513855 0.233335003256797791 100
-0.010478699579834938 -0.130219995975494385 0.225341007113456726 100
-0.0112592997029423714 -0.130432993173599243 0.223346993327140808 100
-0.0123412003740668297 -0.130321994423866272 0.224352002143859863 100
-0.0129568995907902718 -0.130642995238304138 0.221356004476547241 100
-0.013909599743783474 -0.130639001727104187 0.22136099636554718 100
-0.0148625997826457024 -0.130636006593704224 0.221366003155708313 100
-0.0158159993588924408 -0.130632996559143066 0.221370995044708252 100
-0.016769900918006897 -0.130629003047943115 0.221376001834869385 100
-0.0175586007535457611 -0.130733996629714966 0.220381006598472595 100
-0.0185045003890991211 -0.130730003118515015 0.220385000109672546 100
-0.019450899213552475 -0.130726993083953857 0.220390006899833679 100
-0.020397799089550972 -0.130722999572753906 0.220394998788833618 100
-0.0213453005999326706 -0.130719006061553955 0.220400005578994751 100
-0.0225037001073360443 -0.130605995655059814 0.221404999494552612 100
-0.0236805994063615799 -0.130493998527526855 0.222411006689071655 100
-0.0248760003596544266 -0.130381003022193909 0.223416000604629517 100
-0.0263273008167743683 -0.130160003900527954 0.225422993302345276 100
-0.0273228008300065994 -0.130154997110366821 0.225428000092506409 100
-0.0285742003470659256 -0.130042001605033875 0.226434007287025452 100
-0.0301085002720355988 -0.129820004105567932 0.228440001606941223 100
-0.0333180986344814301 -0.128946006298065186 0.236451998353004456 100
-0.230704993009567261 -0.115685999393463135 0.345398992300033569 100
-0.229126006364822388 -0.116112001240253448 0.341394007205963135 100
-0.226447999477386475 -0.116654001176357269 0.33638298511505127 100
-0.224710002541542053 -0.117081001400947571 0.332376003265380859 100
-0.22499200701713562 -0.117276996374130249 0.33037799596786499 100
-0.225244000554084778 -0.117472998797893524 0.328381001949310303 100
-0.224397003650665283 -0.117784999310970306 0.325378000736236572 100
-0.224577993154525757 -0.117980003356933594 0.323379993438720703 100
-0.224729001522064209 -0.118175998330116272 0.321381986141204834 100
-0.22374899685382843 -0.118487998843193054 0.31837800145149231 100
-0.223829999566078186 -0.118683002889156342 0.31637999415397644 100
-0.222757995128631592 -0.118995003402233124 0.313376009464263916 100
-0.223908007144927979 -0.119073003530502319 0.312382012605667114 100
-0.223903998732566833 -0.119267001748085022 0.310382992029190063 100
-0.223872005939483643 -0.119460999965667725 0.3083840012550354 100
0.0470268987119197845 -0.131917998194694519 0.218053996562957764 100
0.0456295013427734375 -0.132018998265266418 0.217061996459960938 100
0.0446855016052722931 -0.132020995020866394 0.21706700325012207 100
0.0441674999892711639 -0.13192400336265564 0.218069002032279968 100
0.043216899037361145 -0.131926000118255615 0.218073993921279907 100
0.0418610014021396637 -0.132026001811027527 0.217081993818283081 100
0.0413191989064216614 -0.131928995251655579 0.218083992600440979 100
0.0403720997273921967 -0.131931006908416748 0.218088999390602112 100
0.0394260995090007782 -0.131933003664016724 0.218094006180763245 100
0.0388512015342712402 -0.131834998726844788 0.219096004962921143 100
0.0378982983529567719 -0.131836995482444763 0.219100996851921082 100
0.0372982993721961975 -0.131739005446434021 0.220103994011878967 100
0.0363384000957012177 -0.131741002202033997 0.220108002424240112 100
0.0357131995260715485 -0.131642997264862061 0.221110999584197998 100
0.0344214998185634613 -0.131742998957633972 0.220118001103401184 100
0.0334643982350826263 -0.13174399733543396 0.220122992992401123 100
0.0325082987546920776 -0.131744995713233948 0.220127999782562256 100
0.0312554016709327698 -0.131843999028205872 0.219135001301765442 100
0.0303099993616342545 -0.131844997406005859 0.219139993190765381 100
0.0293653998523950577 -0.131845995783805847 0.219144999980926514 100
0.0289629995822906494 -0.131649002432823181 0.221146002411842346 100
0.0280019994825124741 -0.131650000810623169 0.221150994300842285 100
0.0265363007783889771 -0.131846994161605835 0.21915900707244873 100
0.0263260006904602051 -0.131551995873451233 0.222158998250961304 100
0.0251234006136655807 -0.131650999188423157 0.22116599977016449 100
0.0237134993076324463 -0.131848007440567017 0.219173997640609741 100
0.0227738991379737854 -0.131848007440567017 0.219179004430770874 100
0.0212111007422208786 -0.132144004106521606 0.216187998652458191 100
0.0197023991495370865 -0.132440000772476196 0.213198006153106689 100
0.0186279993504285812 -0.132538005709648132 0.212203994393348694 100
0.0175720006227493286 -0.132635995745658875 0.211209997534751892 100
0.0165343005210161209 -0.132734999060630798 0.21021600067615509 100
0.0156782008707523346 -0.132734000682830811 0.210219994187355042 100
0.0148224998265504837 -0.132734000682830811 0.210224002599716187 100
0.0139672001823782921 -0.132733002305030823 0.210228994488716125 100
0.0131122004240751266 -0.132733002305030823 0.210233002901077271 100
0.0122576002031564713 -0.132732003927230835 0.210237994790077209 100
0.0112845003604888916 -0.132829993963241577 0.20924299955368042 100
0.0104393996298313141 -0.132828995585441589 0.209248006343841553 100
0.00959459040313959122 -0.132828995585441589 0.209251999855041504 100
0.00865789968520402908 -0.132926002144813538 0.208257004618644714 100
0.007822440005838871 -0.13292500376701355 0.208261996507644653 100
0.00691282982006669044 -0.133022993803024292 0.207267001271247864 100
0.00615207012742757797 -0.132923007011413574 0.20826999843120575 100
0.00537370005622506142 -0.132823005318641663 0.209273993968963623 100
0.00457768980413675308 -0.132723003625869751 0.210277006030082703 100
0.00376405008137226105 -0.132623001933097839 0.211281001567840576 100
0.00314221996814012527 -0.131832003593444824 0.219280004501342773 100
0.00221001007594168186 -0.131830006837844849 0.219284996390342712 100
0.00127787003293633461 -0.131827995181083679 0.219289004802703857 100
0.000339157006237655878 -0.132024005055427551 0.217295005917549133 100
-0.000564044981729239225 -0.132220000028610229 0.215301007032394409 100
-0.00144622998777776957 -0.132317006587982178 0.214305996894836426 100
-0.00231070001609623432 -0.132413998246192932 0.213311001658439636 100
-0.00318969995714724064 -0.132412001490592957 0.213315993547439575 100
-0.00402770005166530609 -0.132507994771003723 0.212319999933242798 100
-0.00489804008975625038 -0.132505998015403748 0.212325006723403931 100
-0.00682803010568022728 -0.130722999572753906 0.230325996875762939 100
-0.00799407996237277985 -0.130521997809410095 0.232329994440078735 100
-0.00888936035335063934 -0.130717992782592773 0.230335995554924011 100
-0.0100913997739553452 -0.130517005920410156 0.232341006398200989 100
-0.0103852003812789917 -0.131305992603302002 0.22434699535369873 100
-0.0112600997090339661 -0.131402000784873962 0.223352000117301941 100
-0.0122298002243041992 -0.131399005651473999 0.223357006907463074 100
-0.0130786998197436333 -0.131494998931884766 0.22236199676990509 100
-0.013910200446844101 -0.131591007113456726 0.221367001533508301 100
-0.0150020001456141472 -0.131488993763923645 0.222371995449066162 100
-0.0161121003329753876 -0.13138599693775177 0.223377004265785217 100
-0.0170837007462978363 -0.131383001804351807 0.223381996154785156 100
-0.0177244991064071655 -0.131577998399734497 0.221386000514030457 100
-0.0190283004194498062 -0.131375998258590698 0.223391994833946228 100
-0.0200014002621173859 -0.131372004747390747 0.223397001624107361 100
-0.0209750998765230179 -0.13136899471282959 0.2234019935131073 100
-0.021949300542473793 -0.131365001201629639 0.223407000303268433 100
-0.0229240991175174713 -0.131360992789268494 0.223412007093429565 100
-0.0241187997162342072 -0.131256997585296631 0.224417001008987427 100
-0.0248757004737854004 -0.131353005766868591 0.223422005772590637 100
-0.0260895993560552597 -0.131248995661735535 0.224426999688148499 100
-0.0273221991956233978 -0.131145000457763672 0.225433006882667542 100
-0.0283183995634317398 -0.131141006946563721 0.22543799877166748 100
-0.0295794997364282608 -0.131036996841430664 0.226444005966186523 100
-0.0311324000358581543 -0.130832001566886902 0.228450998663902283 100
-0.037235599011182785 -0.12903200089931488 0.246472999453544617 100
-0.039297398179769516 -0.128727003931999207 0.249482005834579468 100
-0.0405141003429889679 -0.128720998764038086 0.249488994479179382 100
-0.0417319014668464661 -0.128714993596076965 0.249494999647140503 100
-0.0423144996166229248 -0.128909006714820862 0.247499004006385803 100
-0.0431892983615398407 -0.129003003239631653 0.24650399386882782 100
-0.0433747991919517517 -0.129296004772186279 0.243505999445915222 100
-0.0435071997344493866 -0.129591003060340881 0.240509003400802612 100
-0.0446495003998279572 -0.129583999514579773 0.240513995289802551 100
-0.254234999418258667 -0.11485300213098526 0.374516993761062622 100
-0.227226004004478455 -0.117989003658294678 0.344393998384475708 100
-0.226668998599052429 -0.118275001645088196 0.341392993927001953 100
-0.226060003042221069 -0.118560999631881714 0.338391005992889404 100
-0.225398004055023193 -0.118846997618675232 0.335388988256454468 100
-0.224684998393058777 -0.119133003056049347 0.332387000322341919 100
-0.224966004490852356 -0.11931300163269043 0.33038899302482605 100
-0.224160000681877136 -0.119598999619483948 0.327387005090713501 100
-0.223302006721496582 -0.119886003434658051 0.324384003877639771 100
-0.224549993872642517 -0.119958996772766113 0.323390990495681763 100
-0.223609998822212219 -0.120246000587940216 0.320387005805969238 100
-0.22372099757194519 -0.120425000786781311 0.318388998508453369 100
-0.222688004374504089 -0.120711997151374817 0.315385013818740845 100
-0.222728997468948364 -0.120890997350215912 0.313385993242263794 100
-0.222740992903709412 -0.121069997549057007 0.311387002468109131 100
-0.222725003957748413 -0.121248997747898102 0.309388011693954468 100
-0.222681000828742981 -0.121427997946739197 0.307388991117477417 100
0.0503720007836818695 -0.13275599479675293 0.219042003154754639 100
0.0494043007493019104 -0.132758006453514099 0.219046995043754578 100
0.0479767993092536926 -0.132850006222724915 0.218054994940757751 100
0.0470211990177631378 -0.13285200297832489 0.218059003353118896 100
0.0460667982697486877 -0.132853999733924866 0.218063995242118835 100
0.0451137982308864594 -0.132854998111724854 0.218069002032279968 100
0.0441620014607906342 -0.132856994867324829 0.218073993921279907 100
0.0432115010917186737 -0.132859006524085999 0.21807900071144104 100
0.0422620996832847595 -0.132860004901885986 0.218083992600440979 100
0.0413139984011650085 -0.132861003279685974 0.218088999390602112 100
0.0407551005482673645 -0.13277299702167511 0.21909099817276001 100
0.0401790998876094818 -0.132684007287025452 0.220093995332717896 100
0.0392162017524242401 -0.132685005664825439 0.220099002122879028 100
0.0382542014122009277 -0.132687002420425415 0.220103994011878967 100
0.0372934006154537201 -0.132688000798225403 0.2201090008020401 100
0.0366762988269329071 -0.132598996162414551 0.221110999584197998 100
0.0353747010231018066 -0.132688999176025391 0.220118999481201172 100
0.0344167985022068024 -0.132689997553825378 0.220124006271362305 100
0.0337755009531974792 -0.132600992918014526 0.221126005053520203 100
0.0325037986040115356 -0.132690995931625366 0.220133006572723389 100
0.0315486006438732147 -0.132691994309425354 0.220137998461723328 100
0.0308829005807638168 -0.132603004574775696 0.221140995621681213 100
0.0296407993882894516 -0.132692992687225342 0.220147997140884399 100
0.0286880992352962494 -0.132692992687225342 0.220153003931045532 100
0.0277362000197172165 -0.132692992687225342 0.220157995820045471 100
0.0267849992960691452 -0.132694005966186523 0.220163002610206604 100
0.0255907997488975525 -0.132782995700836182 0.21917000412940979 100
0.0246500000357627869 -0.132782995700836182 0.219173997640609741 100
0.0239355992525815964 -0.132694005966186523 0.220177993178367615 100
0.0225533992052078247 -0.132872998714447021 0.21818600594997406 100
0.0214154999703168869 -0.132962003350257874 0.217191994190216064 100
0.0198980998247861862 -0.133230999112129211 0.214201003313064575 100
0.0186247993260622025 -0.133410006761550903 0.212209001183509827 100
0.0177500005811452866 -0.133410006761550903 0.212212994694709778 100
0.0167034994810819626 -0.133498996496200562 0.211218997836112976 100
0.015675300732254982 -0.133588001132011414 0.210225000977516174 100
0.0148195996880531311 -0.133588001132011414 0.210228994488716125 100
0.0139643996953964233 -0.133587002754211426 0.210234001278877258 100
0.0131094995886087418 -0.133587002754211426 0.210237994790077209 100
0.0122549999505281448 -0.133586004376411438 0.210242003202438354 100
0.0114006996154785156 -0.13358500599861145 0.210246995091438293 100
0.0105467997491359711 -0.133583992719650269 0.210251003503799438 100
0.00959218014031648636 -0.133672997355461121 0.209257006645202637 100
0.0086555900052189827 -0.133762001991271973 0.208261996507644653 100
0.00782017968595027924 -0.133761003613471985 0.208266004920005798 100
0.00691067008301615715 -0.133848994970321655 0.207270994782447815 100
0.00614996021613478661 -0.133757993578910828 0.208275005221366882 100
0.00537163019180297852 -0.133667007088661194 0.209278002381324768 100
0.00452802004292607307 -0.133665993809700012 0.209282994270324707 100
0.00376208010129630566 -0.133485004305839539 0.211285993456840515 100
0.00296072009950876236 -0.133303999900817871 0.213288992643356323 100
0.00233421009033918381 -0.132222995162010193 0.225286006927490234 100
0.00131242000497877598 -0.132491007447242737 0.222293004393577576 100
0.000330807990394532681 -0.133119001984596252 0.215301007032394409 100
-0.000565732014365494251 -0.133117005228996277 0.215305998921394348 100
-0.00143334001768380404 -0.133294999599456787 0.213311001658439636 100
-0.00228885002434253693 -0.133383005857467651 0.212316006422042847 100
-0.00315890996716916561 -0.133380994200706482 0.212320998311042786 100
-0.00402905000373721123 -0.133378997445106506 0.212325006723403931 100
-0.00489932019263505936 -0.133377000689506531 0.21232999861240387 100
-0.0071827201172709465 -0.131212994456291199 0.236330002546310425 100
-0.00785993970930576324 -0.131751000881195068 0.230335995554924011 100
-0.00904391985386610031 -0.131567999720573425 0.232342004776000977 100
-0.0106913996860384941 -0.130934998393058777 0.239346995949745178 100
-0.0104807000607252121 -0.132192999124526978 0.225352004170417786 100
-0.0114676998928189278 -0.132191002368927002 0.225356996059417725 100
-0.0125673003494739532 -0.132098004221916199 0.226363003253936768 100
-0.0132005997002124786 -0.132365003228187561 0.223367005586624146 100
-0.0141708999872207642 -0.132361993193626404 0.223371997475624084 100
-0.0151415998116135597 -0.13235899806022644 0.223377004265785217 100
-0.0161125995218753815 -0.132356002926826477 0.223381996154785156 100
-0.016927400603890419 -0.13244299590587616 0.222387000918388367 100
-0.0175592005252838135 -0.132620006799697876 0.220391005277633667 100
-0.0185049008578062057 -0.132616996765136719 0.220395997166633606 100
-0.0196346994489431381 -0.132523000240325928 0.221401005983352661 100
-0.0205904003232717514 -0.132520005106925964 0.2214059978723526 100
-0.021748000755906105 -0.132425993680953979 0.222411006689071655 100
-0.0227138008922338486 -0.132422000169754028 0.222415998578071594 100
-0.0238994993269443512 -0.132328003644943237 0.223422005772590637 100
-0.0248754993081092834 -0.132323995232582092 0.223426997661590576 100
-0.026089400053024292 -0.132229000329971313 0.224433004856109619 100
-0.0273218993097543716 -0.132135003805160522 0.225438997149467468 100
-0.0283179990947246552 -0.132130995392799377 0.225444003939628601 100
-0.0295790005475282669 -0.132036000490188599 0.22644999623298645 100
-0.0311318002641201019 -0.131850004196166992 0.228457003831863403 100
-0.0321573987603187561 -0.131844997406005859 0.228461995720863342 100
-0.0331837013363838196 -0.13184000551700592 0.228467002511024475 100
-0.0345112010836601257 -0.131744995713233948 0.229473993182182312 100
-0.0355484001338481903 -0.131740003824234009 0.229478999972343445 100
-0.0365866981446743011 -0.131734997034072876 0.229484006762504578 100
-0.0382803007960319519 -0.131548002362251282 0.231491997838020325 100
-0.0393388010561466217 -0.131542995572090149 0.231498003005981445 100
-0.0403982996940612793 -0.13153800368309021 0.231502994894981384 100
-0.0421676002442836761 -0.131349995732307434 0.233511000871658325 100
-0.0436110012233257294 -0.13125300407409668 0.234518006443977356 100
-0.242727994918823242 -0.118180997669696808 0.365476012229919434 100
-0.227711006999015808 -0.119882002472877502 0.347407013177871704 100
-0.227204993367195129 -0.120141997933387756 0.344406008720397949 100
-0.225645005702972412 -0.120498999953269958 0.340400010347366333 100
-0.226037994027137756 -0.120663002133369446 0.338402986526489258 100
-0.224352002143859863 -0.121019996702671051 0.334396004676818848 100
-0.224663004279136658 -0.121183998882770538 0.332397997379302979 100
-0.223896995186805725 -0.121445000171661377 0.32939600944519043 100
-0.223078995943069458 -0.121706001460552216 0.326393008232116699 100
-0.223278000950813293 -0.121870003640651703 0.32439500093460083 100
-0.222367003560066223 -0.122132003307342529 0.321390986442565918 100
-0.222495004534721375 -0.12229599803686142 0.319393008947372437 100
-0.222593992948532104 -0.122459001839160919 0.317393988370895386 100
-0.221549004316329956 -0.122721001505851746 0.314390003681182861 100
-0.221578001976013184 -0.122885003685951233 0.312391012907028198 100
-0.222714006900787354 -0.122950002551078796 0.311396986246109009 100
-0.222698003053665161 -0.123112998902797699 0.309397995471954346 100
-0.221493005752563477 -0.123374000191688538 0.30639299750328064 100
0.0557634010910987854 -0.134169995784759521 0.213021993637084961 100
0.0548378005623817444 -0.134173005819320679 0.213026002049446106 100
0.0544583983719348907 -0.134093001484870911 0.214028000831604004 100
0.0540619008243083954 -0.13401399552822113 0.215029999613761902 100
0.0536484010517597198 -0.133935004472732544 0.216031000018119812 100
0.0521844998002052307 -0.134018003940582275 0.215038999915122986 100
0.0517554990947246552 -0.133938997983932495 0.216040998697280884 100
0.0513094998896121979 -0.133860006928443909 0.217042997479438782 100
0.0503574982285499573 -0.133861005306243896 0.217048004269599915 100
0.0494070015847682953 -0.133863002061843872 0.217052996158599854 100
0.0489283986389636993 -0.133782997727394104 0.218054994940757751 100
0.0479714013636112213 -0.13378499448299408 0.218060001730918884 100
0.0470158010721206665 -0.133785992860794067 0.218064993619918823 100
0.0460616014897823334 -0.133788004517555237 0.218070000410079956 100
0.045108601450920105 -0.133789002895355225 0.218073993921279907 100
0.0437324009835720062 -0.133871003985404968 0.217081993818283081 100
0.0427910014986991882 -0.133872002363204956 0.217087000608444214 100
0.0422572009265422821 -0.133791998028755188 0.218088999390602112 100
0.0413090996444225311 -0.133792996406555176 0.218094006180763245 100
0.0411383993923664093 -0.133632004261016846 0.220093995332717896 100
0.0401743985712528229 -0.133633002638816833 0.220099002122879028 100
0.0395813994109630585 -0.133552998304367065 0.221101999282836914 100
0.0389713011682033539 -0.133472993969917297 0.222103998064994812 100
0.0379923991858959198 -0.133474007248878479 0.222110003232955933 100
0.0373571999371051788 -0.133394002914428711 0.223112002015113831 100
0.0363713018596172333 -0.133394002914428711 0.22311699390411377 100
0.0344124995172023773 -0.133636996150016785 0.220128998160362244 100
0.0334555990993976593 -0.133636996150016785 0.220134004950523376 100
0.0328061990439891815 -0.13355700671672821 0.221137002110481262 100
0.0315444990992546082 -0.133637994527816772 0.220144003629684448 100
0.0303016994148492813 -0.133718997240066528 0.219150006771087646 100
0.0296368002891540527 -0.133637994527816772 0.220153003931045532 100
0.028413599357008934 -0.133718997240066528 0.219160005450248718 100
0.0277322996407747269 -0.133637994527816772 0.220163002610206604 100
0.0275391992181539536 -0.133395999670028687 0.223162993788719177 100
0.0260745007544755936 -0.13355700671672821 0.221171006560325623 100
0.0251157991588115692 -0.13355700671672821 0.221175998449325562 100
0.0246093999594449997 -0.133395001292228699 0.223177999258041382 100
0.023200400173664093 -0.13355700671672821 0.221185997128486633 100
0.0220357999205589294 -0.133636996150016785 0.220192998647689819 100
0.0202927999198436737 -0.133959993720054626 0.216203004121780396 100
0.0188117995858192444 -0.134202003479003906 0.213211998343467712 100
0.0179280992597341537 -0.134201005101203918 0.213217005133628845 100
0.01670059934258461 -0.134361997246742249 0.211224004626274109 100
0.0158357005566358566 -0.134360998868942261 0.21122799813747406 100
0.0148168997839093208 -0.134442001581192017 0.210234001278877258 100
0.0141070997342467308 -0.134360000491142273 0.211236998438835144 100
0.01310690026730299 -0.134440004825592041 0.210243001580238342 100
0.0122523996978998184 -0.134439006447792053 0.210246995091438293 100
0.0113981999456882477 -0.134437993168830872 0.210251003503799438 100
0.010544399730861187 -0.134436994791030884 0.210255995392799377 100
0.00958984997123479843 -0.134516999125480652 0.209261000156402588 100
0.0086533399298787117 -0.13459700345993042 0.208266004920005798 100
0.00773483002558350563 -0.134676992893218994 0.207271993160247803 100
0.00690856995061039925 -0.134674996137619019 0.207276001572608948 100
0.00608249008655548096 -0.134673997759819031 0.207279995083808899 100
0.00525656994432210922 -0.134672999382019043 0.207284003496170044 100
0.00447840988636016846 -0.134590998291969299 0.208287999033927917 100
0.00372136989608407021 -0.134426996111869812 0.210290998220443726 100
0.00325766997411847115 -0.13337300717830658 0.223287999629974365 100
0.00241616996936500072 -0.132884994149208069 0.229289993643760681 100
0.00132259994279593229 -0.133368998765945435 0.223297998309135437 100
0.000338818994350731373 -0.133772999048233032 0.218305006623268127 100
-0.000561815977562218904 -0.134094998240470886 0.214311003684997559 100
-0.00144944002386182547 -0.134093001484870911 0.214315995573997498 100
-0.00236048991791903973 -0.134010002017021179 0.215320006012916565 100
-0.00322485994547605515 -0.134088993072509766 0.214324995875358582 100
-0.00411270977929234505 -0.13408699631690979 0.214330002665519714 100
-0.00510068004950881004 -0.133922994136810303 0.21633400022983551 100
-0.00665431004017591476 -0.133028000593185425 0.227337002754211426 100
-0.00779360020533204079 -0.13286300003528595 0.229341998696327209 100
-0.00896864011883735657 -0.132697999477386475 0.231346994638442993 100
-0.0096662202849984169 -0.133019998669624329 0.227353006601333618 100
-0.0106707001104950905 -0.133017003536224365 0.227357998490333557 100
-0.0115721002221107483 -0.133095994591712952 0.226363003253936768 100
-0.0122317001223564148 -0.133337005972862244 0.223367005586624146 100
-0.0133226001635193825 -0.133252993226051331 0.224372997879981995 100
-0.0145618002861738205 -0.133086994290351868 0.226377993822097778 100
-0.0152813000604510307 -0.133247002959251404 0.224382996559143066 100
-0.0168524999171495438 -0.132918000221252441 0.228388994932174683 100
-0.0218371991068124771 -0.132496997714042664 0.233412995934486389 100
-0.0217452999204397202 -0.132982999086380005 0.227414995431900024 100
-0.0227552000433206558 -0.132979005575180054 0.227420002222061157 100
-0.0237655993551015854 -0.132975995540618896 0.227424994111061096 100
-0.0245574004948139191 -0.133054003119468689 0.226429998874664307 100
-0.0253320001065731049 -0.133131995797157288 0.225434005260467529 100
-0.0263266004621982574 -0.133128002285957336 0.225438997149467468 100
-0.0278140995651483536 -0.132960006594657898 0.227446004748344421 100
-0.0290831997990608215 -0.132874995470046997 0.228451997041702271 100
-0.0301070008426904678 -0.132871001958847046 0.228457003831863403 100
-0.031131599098443985 -0.132865995168685913 0.228461995720863342 100
-0.0321570001542568207 -0.132862001657485962 0.228468000888824463 100
-0.0331832990050315857 -0.132857993245124817 0.228472992777824402 100
-0.0351108014583587646 -0.132607996463775635 0.231481999158859253 100
-0.0358568988740444183 -0.132685005664825439 0.230486005544662476 100
-0.0369042009115219116 -0.132679998874664307 0.230490997433662415 100
-0.0389338992536067963 -0.132429003715515137 0.233500003814697266 100
-0.0396740995347499847 -0.132506996393203735 0.232504993677139282 100
-0.0414332002401351929 -0.132337003946304321 0.234512999653816223 100
-0.0421665981411933899 -0.13241499662399292 0.233517006039619446 100
-0.0439733006060123444 -0.132245004177093506 0.235524997115135193 100
-0.0473074987530708313 -0.131745994091033936 0.241539999842643738 100
-0.23239000141620636 -0.121244996786117554 0.357439011335372925 100
-0.229117006063461304 -0.121739000082015991 0.351424992084503174 100
-0.226711004972457886 -0.122147001326084137 0.346413999795913696 100
-0.225201994180679321 -0.122468002140522003 0.34240800142288208 100
-0.224622994661331177 -0.122703000903129578 0.339406013488769531 100
-0.225005000829696655 -0.122850999236106873 0.337408989667892456 100
-0.223307996988296509 -0.123173996806144714 0.333402007818222046 100
-0.222572997212409973 -0.123409003019332886 0.330399990081787109 100
-0.221784994006156921 -0.123645000159740448 0.327396988868713379 100
-0.222001999616622925 -0.123793996870517731 0.325399011373519897 100
-0.222188994288444519 -0.123942002654075623 0.323399990797042847 100
-0.221266999840736389 -0.124177999794483185 0.320396989583969116 100
-0.221383005380630493 -0.12432599812746048 0.318397998809814453 100
-0.221469998359680176 -0.124473996460437775 0.31639900803565979 100
-0.221526995301246643 -0.124622002243995667 0.314399987459182739 100
-0.221554994583129883 -0.124770000576972961 0.312400996685028076 100
-0.221554994583129883 -0.124917000532150269 0.310402005910873413 100
-0.221525996923446655 -0.125064998865127563 0.308402985334396362 100
-0.221468999981880188 -0.125211998820304871 0.306403011083602905 100
0.0572577007114887238 -0.134991005063056946 0.214018002152442932 100
0.0563211999833583832 -0.134993001818656921 0.214022994041442871 100
0.0548323988914489746 -0.135067000985145569 0.213030993938446045 100
0.0549975000321865082 -0.134923994541168213 0.215029999613761902 100
0.0535213984549045563 -0.134996995329856873 0.214037999510765076 100
0.0531172007322311401 -0.13492700457572937 0.215038999915122986 100
0.0521792992949485779 -0.134928002953529358 0.215044006705284119 100
0.0517502985894680023 -0.134856998920440674 0.216046005487442017 100
0.0508061982691287994 -0.134858995676040649 0.216050997376441956 100
0.0498635992407798767 -0.134859994053840637 0.216056004166603088 100
0.0494019985198974609 -0.134789004921913147 0.217058002948760986 100
0.0484528988599777222 -0.134790003299713135 0.217062994837760925 100
0.0475053004920482635 -0.134791001677513123 0.217068001627922058 100
0.0465589016675949097 -0.13479200005531311 0.217071995139122009 100
0.045613899827003479 -0.134792998433113098 0.217077001929283142 100
0.04467020183801651 -0.134793996810913086 0.217081993818283081 100
0.0441523008048534393 -0.134722992777824402 0.218083992600440979 100
0.0436173006892204285 -0.134651005268096924 0.219087004661560059 100
0.0426588989794254303 -0.134652003645896912 0.219091996550559998 100
0.0417018011212348938 -0.134653002023696899 0.21909700334072113 100
0.041521899402141571 -0.134509995579719543 0.221097007393836975 100
0.0405488982796669006 -0.134509995579719543 0.221101999282836914 100
0.039576999843120575 -0.134509995579719543 0.221107006072998047 100
0.0389669016003608704 -0.134439006447792053 0.222110003232955933 100
0.0383398011326789856 -0.134367004036903381 0.223113000392913818 100
0.0404370985925197601 -0.133720993995666504 0.232098996639251709 100
0.0402512997388839722 -0.133289992809295654 0.238096997141838074 100
0.0359762012958526611 -0.134009003639221191 0.228122994303703308 100
0.0340285003185272217 -0.134224995970726013 0.225134000182151794 100
0.0327308997511863708 -0.134296000003814697 0.22414100170135498 100
0.0314521007239818573 -0.134368002414703369 0.223148003220558167 100
0.030192200094461441 -0.134440004825592041 0.222155004739761353 100
0.0286804996430873871 -0.134582996368408203 0.220164000988006592 100
0.0279903002083301544 -0.134510993957519531 0.221166998147964478 100
0.0270303003489971161 -0.134510993957519531 0.22117200493812561 100
0.0260710008442401886 -0.134510993957519531 0.221176996827125549 100
0.0255817994475364685 -0.134366005659103394 0.223177999258041382 100
0.0246059000492095947 -0.134366005659103394 0.223183006048202515 100
0.0236306991428136826 -0.134365007281303406 0.223187997937202454 100
0.0222404003143310547 -0.134508997201919556 0.221195995807647705 100
0.0204886998981237411 -0.134794995188713074 0.217206999659538269 100
0.0191888995468616486 -0.134939000010490417 0.215213999152183533 100
0.0181063991039991379 -0.135010004043579102 0.214220002293586731 100
0.0168699994683265686 -0.135152995586395264 0.212227001786231995 100
0.015996299684047699 -0.135151997208595276 0.212231993675231934 100
0.0149686001241207123 -0.13522300124168396 0.211236998438835144 100
0.0141046000644564629 -0.135222002863883972 0.211242005228996277 100
0.0132408998906612396 -0.135221004486083984 0.211245998740196228 100
0.012377600185573101 -0.135220006108283997 0.211251005530357361 100
0.0113958995789289474 -0.135290995240211487 0.210255995392799377 100
0.0105421002954244614 -0.135289996862411499 0.210260003805160522 100
0.00958761014044284821 -0.135361000895500183 0.209266006946563721 100
0.00865116994827985764 -0.135432004928588867 0.208270996809005737 100
0.00781587976962327957 -0.135431006550788879 0.208275005221366882 100
0.00690652988851070404 -0.13550199568271637 0.207279995083808899 100
0.00614588009193539619 -0.135427996516227722 0.208284005522727966 100
0.00531113008037209511 -0.135426998138427734 0.208287999033927917 100
0.00452412990853190422 -0.135352998971939087 0.209291994571685791 100
0.00371948000974953175 -0.135279998183250427 0.210296005010604858 100
0.00307637988589704037 -0.134773999452590942 0.217296004295349121 100
0.00239304010756313801 -0.133978992700576782 0.228295996785163879 100
0.0013933300506323576 -0.133904993534088135 0.229301005601882935 100
0.000333770993165671825 -0.134767994284629822 0.217309996485710144 100
-0.000569134019315242767 -0.134911000728607178 0.21531599760055542 100
-0.00146557996049523354 -0.134909003973007202 0.215320006012916565 100
-0.00238547008484601974 -0.134835004806518555 0.216324999928474426 100
-0.00329091004095971584 -0.134832993149757385 0.216328993439674377 100
-0.00423758989199995995 -0.134758993983268738 0.217334002256393433 100
-0.0055022798478603363 -0.134250998497009277 0.224337995052337646 100
-0.00683252979069948196 -0.133815005421638489 0.230342000722885132 100
-0.00786286965012550354 -0.133811995387077332 0.230348005890846252 100
-0.00935343001037836075 -0.133375003933906555 0.236352995038032532 100
-0.0103519996628165245 -0.133444994688034058 0.23535899817943573 100
-0.0108607998117804527 -0.133876994252204895 0.229363992810249329 100
-0.0118832997977733612 -0.133873999118804932 0.229368999600410461 100
-0.0133550995960831642 -0.133580997586250305 0.233374997973442078 100
-0.013444799929857254 -0.134158000349998474 0.22537800669670105 100
-0.0372375994920730591 -0.131917998194694519 0.255488991737365723 100
-0.035227801650762558 -0.132789000868797302 0.243483006954193115 100
-0.0349777005612850189 -0.133148998022079468 0.238483995199203491 100
-0.0366761013865470886 -0.132999002933502197 0.240492001175880432 100
-0.0378113985061645508 -0.132993996143341064 0.240498006343841553 100
-0.0383295007050037384 -0.133136004209518433 0.238500997424125671 100
-0.0391307994723320007 -0.133204996585845947 0.237506002187728882 100
-0.0405693016946315765 -0.133127003908157349 0.238512992858886719 100
-0.0416909009218215942 -0.133121997117996216 0.238517999649047852 100
-0.0435042008757591248 -0.132971003651618958 0.24052700400352478 100
-0.0439376011490821838 -0.133111998438835144 0.238529995083808899 100
-0.0454262010753154755 -0.133034005761146545 0.23953700065612793 100
-0.231061995029449463 -0.123246997594833374 0.361443012952804565 100
-0.228884994983673096 -0.1236099973320961 0.356433987617492676 100
-0.22661300003528595 -0.123972997069358826 0.35142400860786438 100
-0.226190000772476196 -0.124182000756263733 0.348423004150390625 100
-0.22473299503326416 -0.124468997120857239 0.344417005777359009 100
-0.225187003612518311 -0.124600999057292938 0.342420011758804321 100
-0.22360500693321228 -0.124888002872467041 0.338413000106811523 100
-0.22296200692653656 -0.125098004937171936 0.335411012172698975 100
-0.222268000245094299 -0.125308007001876831 0.332408010959625244 100
-0.221521005034446716 -0.125517994165420532 0.329405993223190308 100
-0.220722004771232605 -0.125728994607925415 0.326402992010116577 100
-0.220927998423576355 -0.125861003994941711 0.324404001235961914 100
-0.22110399603843689 -0.125993996858596802 0.322405993938446045 100
-0.221248999238014221 -0.126126006245613098 0.320407003164291382 100
-0.220274999737739563 -0.126337006688117981 0.31740298867225647 100
-0.220349997282028198 -0.126469001173973083 0.315403997898101807 100
-0.220394998788833618 -0.126600995659828186 0.313405007123947144 100
-0.220411002635955811 -0.126733005046844482 0.311405986547470093 100
-0.221534997224807739 -0.126785993576049805 0.310411989688873291 100
-0.220357999205589294 -0.1269959956407547 0.307406991720199585 100
-0.22028900682926178 -0.127128005027770996 0.30540698766708374 100
0.0572527013719081879 -0.135894998908042908 0.214022994041442871 100
0.0568794012069702148 -0.135832995176315308 0.215024992823600769 100
0.0553813986480236053 -0.135896995663642883 0.214032992720603943 100
0.0549926012754440308 -0.135835006833076477 0.215035006403923035 100
0.054586898535490036 -0.135773003101348877 0.216036006808280945 100
0.0536383017897605896 -0.135774001479148865 0.216040998697280884 100
0.0521746017038822174 -0.13583800196647644 0.215048998594284058 100
0.0517456009984016418 -0.13577599823474884 0.216050997376441956 100
0.0512996017932891846 -0.13571399450302124 0.217052996158599854 100
0.0503478012979030609 -0.13571399450302124 0.217058002948760986 100
0.0493974015116691589 -0.135714992880821228 0.217062994837760925 100
0.048918798565864563 -0.135653004050254822 0.218064993619918823 100
0.0475008003413677216 -0.13571600615978241 0.217072993516921997 100
0.0465544983744621277 -0.135717004537582397 0.21707800030708313 100
0.0460524000227451324 -0.13565400242805481 0.218079999089241028 100
0.045099601149559021 -0.135655000805854797 0.218085005879402161 100
0.0441480018198490143 -0.135655000805854797 0.2180899977684021 100
0.0436130017042160034 -0.135592997074127197 0.219091996550559998 100
0.0422484986484050751 -0.135655999183654785 0.218098998069763184 100
0.0420948006212711334 -0.135529994964599609 0.220100000500679016 100
0.0442338995635509491 -0.135027006268501282 0.228085994720458984 100
0.0412581004202365875 -0.133201003074645996 0.257091999053955078 100
0.0370637997984886169 -0.133577004075050354 0.251116007566452026 100
0.0360952988266944885 -0.133513003587722778 0.252119988203048706 100
0.0358675010502338409 -0.133260995149612427 0.256119996309280396 100
0.0275293998420238495 -0.135085999965667725 0.227172002196311951 100
0.0260477997362613678 -0.135211005806922913 0.22518099844455719 100
0.0243769995868206024 -0.135398998856544495 0.222189992666244507 100
0.0234108008444309235 -0.135398998856544495 0.22219499945640564 100
0.0224452000111341476 -0.135398000478744507 0.222200006246566772 100
0.0206847004592418671 -0.135648995637893677 0.218209996819496155 100
0.019376000389456749 -0.135774001479148865 0.216217994689941406 100
0.0182847008109092712 -0.135836005210876465 0.215223997831344604 100
0.01721159927546978 -0.135897994041442871 0.214230000972747803 100
0.0161569006741046906 -0.135959997773170471 0.213235005736351013 100
0.0152746997773647308 -0.135958999395370483 0.213239997625350952 100
0.0142475003376603127 -0.136021003127098083 0.212245002388954163 100
0.01351150032132864 -0.135957002639770508 0.213248997926712036 100
0.0125027997419238091 -0.136019006371498108 0.212254002690315247 100
0.0115122999995946884 -0.136080995202064514 0.211260005831718445 100
0.0105397999286651611 -0.136142998933792114 0.210264995694160461 100
0.00958544015884399414 -0.136205002665519714 0.209270000457763672 100
0.0086490800604224205 -0.136267006397247314 0.20827600359916687 100
0.0078138299286365509 -0.136265993118286133 0.208279997110366821 100
0.00690454989671707153 -0.136326998472213745 0.207285001873970032 100
0.00607855990529060364 -0.136326000094413757 0.207288995385169983 100
0.0053092101588845253 -0.136261999607086182 0.20829300582408905 100
0.004474639892578125 -0.136260002851486206 0.208296999335289001 100
0.00375634990632534027 -0.136068999767303467 0.211300000548362732 100
0.00304458010941743851 -0.135750994086265564 0.216302007436752319 100
0.00266360002569854259 -0.134168997406959534 0.241295993328094482 100
0.00135498004965484142 -0.135114997625350952 0.226307004690170288 100
0.000335196993546560407 -0.135619997978210449 0.218315005302429199 100
-0.000576501013711094856 -0.135744005441665649 0.216319993138313293 100
-0.00151083001401275396 -0.135616004467010498 0.218325003981590271 100
-0.0024339000228792429 -0.135613992810249329 0.218328997492790222 100
-0.00332476990297436714 -0.135674998164176941 0.217334002256393433 100
-0.00436261016875505447 -0.135482996702194214 0.220339000225067139 100
-0.00560395000502467155 -0.135101005434989929 0.226343005895614624 100
-0.00665742019191384315 -0.135034993290901184 0.227347999811172485 100
-0.00813562981784343719 -0.134588003158569336 0.234354004263877869 100
-0.0102752000093460083 -0.133698001503944397 0.248359993100166321 100
-0.0423129014670848846 -0.133156999945640564 0.255522012710571289 100
-0.0377112999558448792 -0.134370997548103333 0.236505001783370972 100
-0.0391306988894939423 -0.134303003549575806 0.237512007355690002 100
-0.0408964008092880249 -0.134169995784759521 0.23951999843120575 100
-0.0406820997595787048 -0.134423002600669861 0.235520005226135254 100
-0.0421229004859924316 -0.134353995323181152 0.236526995897293091 100
-0.0428742989897727966 -0.134414002299308777 0.235532000660896301 100
-0.233288004994392395 -0.125043004751205444 0.369464993476867676 100
-0.231277003884315491 -0.125360995531082153 0.364455997943878174 100
-0.227292999625205994 -0.125815004110336304 0.357437998056411743 100
-0.226972997188568115 -0.125998005270957947 0.354436993598937988 100
-0.224681004881858826 -0.126316994428634644 0.349427014589309692 100
-0.224235996603965759 -0.126500993967056274 0.346424996852874756 100
-0.224720999598503113 -0.126616999506950378 0.344428986310958862 100
-0.223189994692802429 -0.126870006322860718 0.340422004461288452 100
-0.222589001059532166 -0.127054005861282349 0.337419986724853516 100
-0.220923006534576416 -0.127306997776031494 0.333411991596221924 100
-0.220206007361412048 -0.127491995692253113 0.330410003662109375 100
-0.220473006367683411 -0.127608001232147217 0.328411996364593506 100
-0.219662994146347046 -0.127792999148368835 0.325408011674880981 100
-0.219857007265090942 -0.127909004688262939 0.323410004377365112 100
-0.220020994544029236 -0.128025993704795837 0.321411013603210449 100
-0.219075992703437805 -0.12821100652217865 0.318406999111175537 100
-0.220259994268417358 -0.128259003162384033 0.317413985729217529 100
-0.219233006238937378 -0.128444001078605652 0.314408987760543823 100
-0.219265997409820557 -0.128560006618499756 0.31240999698638916 100
-0.219271004199981689 -0.128675997257232666 0.310411006212234497 100
-0.220382004976272583 -0.128722995519638062 0.309417009353637695 100
-0.220340996980667114 -0.128839001059532166 0.307417005300521851 100
-0.220271006226539612 -0.12895500659942627 0.305417001247406006 100
0.0561031997203826904 -0.136906996369361877 0.212035000324249268 100
0.0563117004930973053 -0.136800006031990051 0.214032992720603943 100
0.0564845018088817596 -0.136692002415657043 0.2160319983959198 100
0.055532701313495636 -0.136693000793457031 0.216037005186080933 100
0.0545824989676475525 -0.136693000793457031 0.216041997075080872 100
0.0536338984966278076 -0.136693999171257019 0.216046005487442017 100
0.0526868999004364014 -0.136693999171257019 0.216050997376441956 100
0.0517413988709449768 -0.136693999171257019 0.216056004166603088 100
0.0507973991334438324 -0.136694997549057007 0.216060996055603027 100
0.0503435991704463959 -0.136640995740890503 0.217062994837760925 100
0.0498728007078170776 -0.136586993932723999 0.218064993619918823 100
0.0479740016162395477 -0.136694997549057007 0.216076001524925232 100
0.0479579009115695953 -0.136586993932723999 0.218075007200241089 100
0.0474544987082481384 -0.136534005403518677 0.219077005982398987 100
0.0464911982417106628 -0.136534005403518677 0.219081997871398926 100
0.0455292984843254089 -0.136534005403518677 0.219087004661560059 100
0.0449929982423782349 -0.136480003595352173 0.220090001821517944 100
0.0452704988420009613 -0.136317998170852661 0.223087996244430542 100
0.0255024004727602005 -0.136089995503425598 0.227188006043434143 100
0.0240579992532730103 -0.136197000741958618 0.225196003913879395 100
0.0226501002907752991 -0.136305004358291626 0.223204001784324646 100
0.0214773993939161301 -0.136357992887496948 0.222210004925727844 100
0.0201331004500389099 -0.136464998126029968 0.220218002796173096 100
0.0186441000550985336 -0.136626005172729492 0.217225998640060425 100
0.0175532996654510498 -0.136678993701934814 0.216232001781463623 100
0.0166439991444349289 -0.136677995324134827 0.216236993670463562 100
0.015580800361931324 -0.136730998754501343 0.21524299681186676 100
0.014535900205373764 -0.136784002184867859 0.214248001575469971 100
0.0136455995962023735 -0.136783003807067871 0.21425299346446991 100
0.0126280998811125755 -0.136836007237434387 0.21325799822807312 100
0.0116287004202604294 -0.136888995766639709 0.212264001369476318 100
0.0106474999338388443 -0.136941999197006226 0.211269006133079529 100
0.00968424044549465179 -0.136994004249572754 0.210273995995521545 100
0.00873904954642057419 -0.137046992778778076 0.209279000759124756 100
0.00789496023207902908 -0.137045994400978088 0.209283992648124695 100
0.00697684986516833305 -0.137098997831344604 0.208288997411727905 100
0.00614202022552490234 -0.137097001075744629 0.20829300582408905 100
0.00536380987614393234 -0.137042000889778137 0.209297001361846924 100
0.00447280984371900558 -0.137095004320144653 0.208302006125450134 100
0.00375450006686151028 -0.136930003762245178 0.211305007338523865 100
0.00307252001948654652 -0.136601999402046204 0.217306002974510193 100
0.00261936988681554794 -0.135405004024505615 0.239302992820739746 100
0.00135298003442585468 -0.136109992861747742 0.226312994956970215 100
0.000339794001774862409 -0.136434003710746765 0.220320001244544983 100
-0.000595244986470788717 -0.1364859938621521 0.219325006008148193 100
-0.00154164002742618322 -0.13642999529838562 0.220329001545906067 100
-0.00245901010930538177 -0.136482998728752136 0.219334006309509277 100
-0.00335869006812572479 -0.136535003781318665 0.218338996171951294 100
-0.00440541980788111687 -0.136370003223419189 0.221343994140625 100
-0.00555557990446686745 -0.136149004101753235 0.225348994135856628 100
-0.00665907980874180794 -0.136038005352020264 0.227354004979133606 100
-0.00779828010126948357 -0.135927006602287292 0.22935900092124939 100
-0.228842005133628845 -0.127542003989219666 0.367455005645751953 100
-0.226851001381874084 -0.127816006541252136 0.362446993589401245 100
-0.225694999098777771 -0.128031998872756958 0.358442008495330811 100
-0.224466994404792786 -0.128249004483222961 0.354436010122299194 100
-0.225064992904663086 -0.128347992897033691 0.352439999580383301 100
-0.224672004580497742 -0.12850700318813324 0.349438995122909546 100
-0.223256006836891174 -0.128723993897438049 0.34543299674987793 100
-0.22274799644947052 -0.12888200581073761 0.342431008815765381 100
-0.221196994185447693 -0.129099994897842407 0.338423997163772583 100
-0.22057400643825531 -0.129259005188941956 0.335420995950698853 100
-0.219898998737335205 -0.12941800057888031 0.332419008016586304 100
-0.219172000885009766 -0.129577994346618652 0.329416006803512573 100
-0.219427004456520081 -0.129677996039390564 0.327417999505996704 100
-0.217559993267059326 -0.129896998405456543 0.323408991098403931 100
-0.218788996338844299 -0.129938006401062012 0.322416007518768311 100
-0.218942001461982727 -0.130039006471633911 0.32041698694229126 100
-0.217986002564430237 -0.130199000239372253 0.317413002252578735 100
-0.218067005276679993 -0.130299001932144165 0.315414011478424072 100
-0.218118995428085327 -0.130400002002716064 0.313414007425308228 100
-0.219254001975059509 -0.130439996719360352 0.312420010566711426 100
-0.21925799548625946 -0.130540996789932251 0.310420989990234375 100
-0.219233006238937378 -0.130640998482704163 0.30842098593711853 100
-0.219180002808570862 -0.130741000175476074 0.306421995162963867 100
-0.220256999135017395 -0.130780994892120361 0.305427014827728271 100
0.0563078001141548157 -0.137703001499176025 0.214037999510765076 100
0.0553730987012386322 -0.137703001499176025 0.214043006300926208 100
0.0544399991631507874 -0.137703001499176025 0.214047998189926147 100
0.054043501615524292 -0.137657999992370605 0.215049996972084045 100
0.0531043000519275665 -0.137657999992370605 0.21505400538444519 100
0.0521665997803211212 -0.137657999992370605 0.215058997273445129 100
0.0517376996576786041 -0.137612998485565186 0.216060996055603027 100
0.0507936999201774597 -0.137612000107765198 0.21606600284576416 100
0.0503398999571800232 -0.137566998600959778 0.217068001627922058 100
0.0493896007537841797 -0.137566998600959778 0.217072993516921997 100
0.0489110015332698822 -0.137521997094154358 0.218075007200241089 100
0.0474932007491588593 -0.13756600022315979 0.217083007097244263 100
0.0469988994300365448 -0.13752099871635437 0.218085005879402161 100
0.0264021009206771851 -0.136914998292922974 0.231187999248504639 100
0.023188399150967598 -0.137365996837615967 0.221206992864608765 100
0.0224396008998155594 -0.137319996953010559 0.222211003303527832 100
0.0210769996047019958 -0.137409001588821411 0.220218002796173096 100
0.0201305001974105835 -0.137407004833221436 0.220222994685173035 100
0.0190035998821258545 -0.137450993061065674 0.219228997826576233 100
0.0180670991539955139 -0.137449994683265686 0.219234004616737366 100
0.0169679000973701477 -0.137493997812271118 0.21823999285697937 100
0.0158869996666908264 -0.13753800094127655 0.217245995998382568 100
0.0149696003645658493 -0.137537002563476562 0.217250004410743713 100
0.0139162000268697739 -0.137581005692481995 0.216255992650985718 100
0.0128809995949268341 -0.137624993920326233 0.215260997414588928 100
0.0118639003485441208 -0.137667998671531677 0.214267000555992126 100
0.0107551002874970436 -0.137758001685142517 0.212273001670837402 100
0.0097830798476934433 -0.137802004814147949 0.211278006434440613 100
0.00882904976606369019 -0.137845993041992188 0.210282996296882629 100
0.00797611009329557419 -0.137843996286392212 0.210288003087043762 100
0.00712337018921971321 -0.137842997908592224 0.210291996598243713 100
0.00627081003040075302 -0.137841001152992249 0.210296005010604858 100
0.00547485006973147392 -0.137794002890586853 0.211300000548362732 100
0.00461371010169386864 -0.137793004512786865 0.211305007338523865 100
0.0037913699634373188 -0.13774600625038147 0.212309002876281738 100
0.00304080010391771793 -0.137562006711959839 0.216312006115913391 100
0.00234493007883429527 -0.137106001377105713 0.226312994956970215 100
0.00135099003091454506 -0.137104004621505737 0.226318001747131348 100
0.000334757001837715507 -0.137419998645782471 0.219325006008148193 100
-0.000602726999204605818 -0.137373000383377075 0.220329999923706055 100
-0.00155798997730016708 -0.137325003743171692 0.221333995461463928 100
-0.00248417002148926258 -0.137369006872177124 0.220339000225067139 100
-0.00342500000260770321 -0.137366995215415955 0.220344007015228271 100
-0.00444830022752285004 -0.137273997068405151 0.222349002957344055 100
-0.00540710007771849632 -0.137272000312805176 0.222353994846343994 100
-0.00654290011152625084 -0.137133002281188965 0.2253589928150177 100
-0.00766432983800768852 -0.137039005756378174 0.227364003658294678 100
-0.231653004884719849 -0.129475995898246765 0.376480996608734131 100
-0.2289389967918396 -0.129754006862640381 0.370467990636825562 100
-0.225204005837440491 -0.130080997943878174 0.363451004028320312 100
-0.224088996648788452 -0.130263000726699829 0.35944598913192749 100
-0.223830997943878174 -0.130394995212554932 0.356445014476776123 100
-0.224460005760192871 -0.130478993058204651 0.354449003934860229 100
-0.223159000277519226 -0.130660995841026306 0.350443005561828613 100
-0.222745001316070557 -0.13079400360584259 0.347440987825393677 100
-0.222278997302055359 -0.130926996469497681 0.34444001317024231 100
-0.220779001712799072 -0.131109997630119324 0.340433001518249512 100
-0.220198005437850952 -0.131243005394935608 0.337430000305175781 100
-0.218562006950378418 -0.131426006555557251 0.333422988653182983 100
-0.218878000974655151 -0.131511002779006958 0.331425011157989502 100
-0.218140006065368652 -0.131644994020462036 0.328422009944915771 100
-0.217348992824554443 -0.131779000163078308 0.325417995452880859 100
-0.217552006244659424 -0.131862998008728027 0.32341998815536499 100
-0.217723995447158813 -0.131947994232177734 0.321420997381210327 100
-0.217866003513336182 -0.132032006978988647 0.319422006607055664 100
-0.217977002263069153 -0.132117003202438354 0.317422986030578613 100
-0.218058004975318909 -0.132201001048088074 0.31542399525642395 100
-0.218109995126724243 -0.132285997271537781 0.313425004482269287 100
-0.218132004141807556 -0.1323699951171875 0.311425000429153442 100
-0.21812400221824646 -0.132455006241798401 0.309426009654998779 100
-0.219222992658615112 -0.132488995790481567 0.308430999517440796 100
-0.219169005751609802 -0.132572993636131287 0.306432008743286133 100
-0.219087004661560059 -0.1326570063829422 0.304430991411209106 100
0.0474044010043144226 -0.138708993792533875 0.211089000105857849 100
0.0244859997183084488 -0.138099998235702515 0.227204993367195129 100
0.0220215991139411926 -0.138353005051612854 0.220218002796173096 100
0.0218697991222143173 -0.138206005096435547 0.224218994379043579 100
0.0205079000443220139 -0.138276994228363037 0.222225993871688843 100
0.0193632002919912338 -0.138311997056007385 0.221231997013092041 100
0.0184089001268148422 -0.138310998678207397 0.221237003803253174 100
0.0172918997704982758 -0.138346001505851746 0.220243006944656372 100
0.0163474008440971375 -0.13834400475025177 0.220247998833656311 100
0.0152580002322793007 -0.138378992676734924 0.219253003597259521 100
0.0141869001090526581 -0.138413995504379272 0.21825900673866272 100
0.0131339002400636673 -0.138448998332023621 0.217264994978904724 100
0.0120991002768278122 -0.138484001159667969 0.216269999742507935 100
0.0109726004302501678 -0.138555005192756653 0.21427600085735321 100
0.00998280011117458344 -0.138589993119239807 0.213282003998756409 100
0.00901104044169187546 -0.138624995946884155 0.212286993861198425 100
0.00805728044360876083 -0.138659998774528503 0.211291998624801636 100
0.00719567993655800819 -0.138658002018928528 0.211296007037162781 100
0.00633426988497376442 -0.13865700364112854 0.21130099892616272 100
0.0055294400081038475 -0.138619005680084229 0.212304994463920593 100
0.00470698997378349304 -0.138580992817878723 0.213309004902839661 100
0.00402157986536622047 -0.138395994901657104 0.218310996890068054 100
0.00315811997279524803 -0.138320997357368469 0.22031499445438385 100
0.00223832996562123299 -0.138282999396324158 0.221320003271102905 100
0.00130083004478365183 -0.138244003057479858 0.222324997186660767 100
0.00033926800824701786 -0.138279005885124207 0.221330001950263977 100
-0.000610256975051015615 -0.138276994228363037 0.221334993839263916 100
-0.00157436996232718229 -0.138237997889518738 0.222339004278182983 100
-0.00250939000397920609 -0.138273000717163086 0.221343994140625 100
-0.00349140004254877567 -0.138234004378318787 0.222349002957344055 100
-0.00445005018264055252 -0.138231992721557617 0.222353994846343994 100
-0.0054589100182056427 -0.138193994760513306 0.223359003663063049 100
-0.00654465006664395332 -0.138117998838424683 0.225363999605178833 100
-0.225467994809150696 -0.131961002945899963 0.375463008880615234 100
-0.223723992705345154 -0.132146000862121582 0.370454013347625732 100
-0.223662003874778748 -0.132253006100654602 0.367455005645751953 100
-0.223548993468284607 -0.132359996438026428 0.36445501446723938 100
-0.223383992910385132 -0.132467001676559448 0.361454010009765625 100
-0.224086001515388489 -0.132533997297286987 0.359457999467849731 100
-0.222899004817008972 -0.132680997252464294 0.355453014373779297 100
-0.222578004002571106 -0.132789000868797302 0.352452009916305542 100
-0.222205996513366699 -0.132896006107330322 0.349449992179870605 100
-0.22178100049495697 -0.133003994822502136 0.346448004245758057 100
-0.221303999423980713 -0.133111998438835144 0.34344598650932312 100
-0.220774993300437927 -0.133219003677368164 0.340443998575210571 100
-0.219201996922492981 -0.133367002010345459 0.336436986923217773 100
-0.218557000160217285 -0.133476004004478455 0.333433985710144043 100
-0.217860996723175049 -0.133583992719650269 0.3304310142993927 100
-0.217111006379127502 -0.133692994713783264 0.32742801308631897 100
-0.217344000935554504 -0.133761003613471985 0.325428992509841919 100
-0.216500997543334961 -0.13387000560760498 0.322425007820129395 100
-0.216662004590034485 -0.133937999606132507 0.320425987243652344 100
-0.216792002320289612 -0.134007006883621216 0.318426996469497681 100
-0.216892004013061523 -0.134075000882148743 0.316428005695343018 100
-0.216961994767189026 -0.134143993258476257 0.314428985118865967 100
-0.217002004384994507 -0.134212002158164978 0.31242901086807251 100
-0.217012003064155579 -0.134280994534492493 0.310429990291595459 100
-0.216993004083633423 -0.134349003434181213 0.308429986238479614 100
-0.218080997467041016 -0.134377002716064453 0.307435989379882812 100
-0.219163000583648682 -0.134405001997947693 0.306441009044647217 100
-0.21908000111579895 -0.13447299599647522 0.304441004991531372 100
0.0232657007873058319 -0.13913099467754364 0.22621600329875946 100
0.0218675006181001663 -0.139183998107910156 0.224224001169204712 100
0.0208854004740715027 -0.139182999730110168 0.224228993058204651 100
0.0200846996158361435 -0.139154002070426941 0.225233003497123718 100
0.0187506992369890213 -0.139207005500793457 0.223240002989768982 100
0.0174528006464242935 -0.139259994029998779 0.221247002482414246 100
0.0164995007216930389 -0.139258995652198792 0.221251994371414185 100
0.0154012003913521767 -0.139283999800682068 0.220257997512817383 100
0.0144576001912355423 -0.13928300142288208 0.220263004302978516 100
0.0132593996822834015 -0.139336004853248596 0.218269005417823792 100
0.0123343002051115036 -0.139333993196487427 0.21827399730682373 100
0.0112998001277446747 -0.139359995722770691 0.217279002070426941 100
0.010182499885559082 -0.139413997530937195 0.215285003185272217 100
0.00919301994144916534 -0.139440000057220459 0.214289993047714233 100
0.00822153966873884201 -0.139466002583503723 0.213294997811317444 100
0.00734219001606106758 -0.139464005827903748 0.213300004601478577 100
0.0064630298875272274 -0.139461994171142578 0.213303998112678528 100
0.00564044015482068062 -0.139432996511459351 0.214309006929397583 100
0.00475270999595522881 -0.139430999755859375 0.214313000440597534 100
0.003981039859354496 -0.139347001910209656 0.217317000031471252 100
0.00309666991233825684 -0.13931700587272644 0.218320995569229126 100
0.00219461997039616108 -0.139287993311882019 0.219326004385948181 100
0.00128690002020448446 -0.139229997992515564 0.221330001950263977 100
0.000334240990923717618 -0.139256000518798828 0.220335006713867188 100
-0.000606380985118448734 -0.139254003763198853 0.220339998602867126 100
-0.00157622003462165594 -0.139197006821632385 0.22234499454498291 100
-0.0025346800684928894 -0.139194995164871216 0.222350001335144043 100
-0.00352555001154541969 -0.139164999127388 0.223354995250701904 100
-0.00449306005612015724 -0.139163002371788025 0.223360002040863037 100
-0.00546070979908108711 -0.139161005616188049 0.223364993929862976 100
-0.00660543004050850868 -0.139074996113777161 0.226370006799697876 100
-0.224444001913070679 -0.134235993027687073 0.380470007658004761 100
-0.222834005951881409 -0.134377002716064453 0.375461995601654053 100
-0.2228659987449646 -0.134458005428314209 0.372462987899780273 100
-0.222846001386642456 -0.134540006518363953 0.3694629967212677 100
-0.221885994076728821 -0.134651005268096924 0.36545899510383606 100
-0.222651004791259766 -0.134702995419502258 0.363463014364242554 100
-0.223382994532585144 -0.134754002094268799 0.36146700382232666 100
-0.222248002886772156 -0.134865999221801758 0.357461005449295044 100
-0.221968993544578552 -0.134948000311851501 0.354460000991821289 100
-0.221637994050979614 -0.135030001401901245 0.351458996534347534 100
-0.221255004405975342 -0.135112002491950989 0.348457008600234985 100
-0.219859004020690918 -0.135224997997283936 0.344451010227203369 100
-0.22033199667930603 -0.135277003049850464 0.3424530029296875 100
-0.219791993498802185 -0.135359004139900208 0.339450985193252563 100
-0.219200000166893005 -0.135442003607749939 0.336448013782501221 100
-0.218556001782417297 -0.13552500307559967 0.33344501256942749 100
-0.218871995806694031 -0.135576993227005005 0.331447005271911621 100
-0.217108994722366333 -0.135691002011299133 0.327439010143280029 100
-0.217342004179954529 -0.135743007063865662 0.325439989566802979 100
-0.217545002698898315 -0.135794997215270996 0.323440998792648315 100
-0.216659992933273315 -0.135877996683120728 0.320437014102935791 100
-0.216790005564689636 -0.135931000113487244 0.31843799352645874 100
-0.216890007257461548 -0.135983005166053772 0.316439002752304077 100
-0.216958999633789062 -0.136035993695259094 0.314438998699188232 100
-0.21699899435043335 -0.136087998747825623 0.312440007925033569 100
-0.217008993029594421 -0.136141002178192139 0.310440003871917725 100
-0.216989994049072266 -0.136193007230758667 0.30843999981880188 100
-0.218077003955841064 -0.136215001344680786 0.307446002960205078 100
-0.218011006712913513 -0.136267006397247314 0.305445998907089233 100
-0.217916995286941528 -0.136319994926452637 0.303445994853973389 100
0.0222628992050886154 -0.140126004815101624 0.22622700035572052 100
0.0212629009038209915 -0.140123993158340454 0.226232007145881653 100
0.0193588994443416595 -0.140214994549751282 0.221241995692253113 100
0.018748600035905838 -0.140175998210906982 0.223244994878768921 100
0.017613900825381279 -0.140192002058029175 0.222250998020172119 100
0.0164973996579647064 -0.140209004282951355 0.221257001161575317 100
0.0153991999104619026 -0.140226006507873535 0.220263004302978516 100
0.0144555997103452682 -0.140223994851112366 0.220267996191978455 100
0.0133849000558257103 -0.140240997076034546 0.219273000955581665 100
0.0123322997242212296 -0.140257999300956726 0.218279004096984863 100
0.0114075001329183578 -0.14025600254535675 0.218283995985984802 100
0.0103821996599435806 -0.140273004770278931 0.217289000749588013 100
0.009375009685754776 -0.140290006995201111 0.216294005513191223 100
0.00846880953758955002 -0.140287995338439941 0.216298997402191162 100
0.0075628301128745079 -0.140286996960639954 0.216303005814552307 100
0.00665704021230340004 -0.140285000205039978 0.216307997703552246 100
0.00575141003355383873 -0.140283003449440002 0.216313004493713379 100
0.00494094984605908394 -0.140244007110595703 0.218317002058029175 100
0.00401784013956785202 -0.140241995453834534 0.218320995569229126 100
0.00312459003180265427 -0.140220999717712402 0.219326004385948181 100
0.00221364991739392281 -0.140200003981590271 0.220330998301506042 100
0.00127302005421370268 -0.140199005603790283 0.220335006713867188 100
0.000332393014105036855 -0.140196993947029114 0.220339998602867126 100
-0.000613959971815347672 -0.140175998210906982 0.221345007419586182 100
-0.00159270002041012049 -0.140136003494262695 0.223350003361701965 100
-0.0025835100095719099 -0.14011499285697937 0.224354997277259827 100
-0.00349505990743637085 -0.140150994062423706 0.222360000014305115 100
-0.00453615980222821236 -0.140110999345779419 0.224364995956420898 100
-0.00571312010288238525 -0.14003300666809082 0.228370994329452515 100
-0.245306000113487244 -0.135903999209403992 0.419587999582290649 100
-0.223011001944541931 -0.136538997292518616 0.388475000858306885 100
-0.221605002880096436 -0.136636003851890564 0.383468985557556152 100
-0.220944002270698547 -0.136711999773979187 0.379465013742446899 100
-0.22105899453163147 -0.136767998337745667 0.37646600604057312 100
-0.221121996641159058 -0.136823996901512146 0.373466998338699341 100
-0.221132993698120117 -0.136879995465278625 0.370467007160186768 100
-0.22109299898147583 -0.136935994029045105 0.367466986179351807 100
-0.221000999212265015 -0.136991992592811584 0.364466995000839233 100
-0.221754997968673706 -0.137026995420455933 0.362471014261245728 100
-0.2215690016746521 -0.137082993984222412 0.359470009803771973 100
-0.221331000328063965 -0.137140005826950073 0.356469005346298218 100
-0.221042007207870483 -0.137196004390716553 0.353468000888824463 100
-0.220699995756149292 -0.13725300133228302 0.350466012954711914 100
-0.220307007431983948 -0.137309998273849487 0.347465008497238159 100
-0.219861000776290894 -0.137366995215415955 0.344462007284164429 100
-0.220332995057106018 -0.137401998043060303 0.342465013265609741 100
-0.217831000685691833 -0.137501999735832214 0.337453007698059082 100
-0.217216998338699341 -0.137558996677398682 0.334450006484985352 100
-0.216551005840301514 -0.137615993618965149 0.331445991992950439 100
-0.215832993388175964 -0.137674003839492798 0.328442990779876709 100
-0.216086000204086304 -0.137710005044937134 0.326444000005722046 100
-0.215272992849349976 -0.137767001986503601 0.323439985513687134 100
-0.215453997254371643 -0.137804001569747925 0.321440994739532471 100
-0.215602993965148926 -0.137840002775192261 0.319442003965377808 100
-0.215721994638442993 -0.137876003980636597 0.317443013191223145 100
-0.215810999274253845 -0.13791300356388092 0.315443992614746094 100
-0.2158689945936203 -0.137949004769325256 0.313443988561630249 100
-0.215898007154464722 -0.13798600435256958 0.311444014310836792 100
-0.21589699387550354 -0.138022005558013916 0.309444993734359741 100
-0.216989994049072266 -0.138036996126174927 0.308450013399124146 100
-0.216940999031066895 -0.13807399570941925 0.306450009346008301 100
-0.216864004731178284 -0.138110995292663574 0.304450005292892456 100
-0.217916995286941528 -0.138126000761985779 0.303454995155334473 100
0.0208813007920980453 -0.141139000654220581 0.224240005016326904 100
0.0208043009042739868 -0.141089007258415222 0.229240000247955322 100
0.0189187005162239075 -0.14113500714302063 0.224250003695487976 100
0.0177749991416931152 -0.141142994165420532 0.223256006836891174 100
0.0168038997799158096 -0.141140997409820557 0.223260998725891113 100
0.0158331003040075302 -0.141139000654220581 0.223266005516052246 100
0.0149991996586322784 -0.141127005219459534 0.22427000105381012 100
0.0136380000039935112 -0.141154006123542786 0.221276998519897461 100
0.0125676002353429794 -0.141161993145942688 0.220283001661300659 100
0.0115154003724455833 -0.141169995069503784 0.21928800642490387 100
0.0104812001809477806 -0.14117799699306488 0.218292996287345886 100
0.00937321968376636505 -0.141195997595787048 0.216298997402191162 100
0.00846701953560113907 -0.141194000840187073 0.216304004192352295 100
0.00748691009357571602 -0.141202002763748169 0.215308994054794312 100
0.00665525021031498909 -0.141190007328987122 0.216313004493713379 100
0.00580599997192621231 -0.14117799699306488 0.217317000031471252 100
0.00498662982136011124 -0.141157001256942749 0.219321995973587036 100
0.00409326003864407539 -0.141145005822181702 0.220326006412506104 100
0.00315248989500105381 -0.141142994165420532 0.220330998301506042 100
0.00225354009307920933 -0.141121000051498413 0.222335994243621826 100
0.00131912995129823685 -0.141099005937576294 0.224340006709098816 100
0.000346137006999924779 -0.141086995601654053 0.225345000624656677 100
-0.000638847006484866142 -0.141084998846054077 0.22535000741481781 100
-0.00168237998150289059 -0.141043007373809814 0.229356005787849426 100
-0.00265593989752233028 -0.141060993075370789 0.227360993623733521 100
-0.00352930999360978603 -0.141100004315376282 0.223364993929862976 100
-0.240193992853164673 -0.138619005680084229 0.428575992584228516 100
-0.222289994359016418 -0.138923004269599915 0.40148499608039856 100
-0.220391005277633667 -0.13898700475692749 0.395476013422012329 100
-0.219179004430770874 -0.139039993286132812 0.390469014644622803 100
-0.220295995473861694 -0.139059007167816162 0.388475000858306885 100
-0.219748005270957947 -0.139100000262260437 0.384472012519836426 100
-0.219955995678901672 -0.139129996299743652 0.38147398829460144 100
-0.219274997711181641 -0.139172002673149109 0.3774699866771698 100
-0.219368994235992432 -0.139202997088432312 0.374471008777618408 100
-0.219411998987197876 -0.139232993125915527 0.371470987796783447 100
-0.219402998685836792 -0.139264002442359924 0.368470996618270874 100
-0.220219999551773071 -0.13928300142288208 0.36647498607635498 100
-0.221004992723464966 -0.139302000403404236 0.364479005336761475 100
-0.220861002802848816 -0.139332994818687439 0.361479014158248901 100
-0.222480997443199158 -0.139339998364448547 0.360487014055252075 100
-0.222253993153572083 -0.13937099277973175 0.35748600959777832 100
-0.221046000719070435 -0.139413997530937195 0.353480011224746704 100
-0.220704004168510437 -0.139445006847381592 0.350477993488311768 100
-0.220310002565383911 -0.139476999640464783 0.347476005554199219 100
-0.219864994287490845 -0.139507994055747986 0.344473987817764282 100
-0.221307992935180664 -0.139515995979309082 0.343481987714767456 100
-0.221760004758834839 -0.139535993337631226 0.341484010219573975 100
-0.222179993987083435 -0.139556005597114563 0.339486002922058105 100
-0.22257000207901001 -0.139575004577636719 0.337487995624542236 100
-0.222929999232292175 -0.139595001935958862 0.335489988327026367 100
-0.221210002899169922 -0.139639005064964294 0.331481009721755981 100
-0.219417005777359009 -0.139682993292808533 0.327472001314163208 100
-0.217548996210098267 -0.139726996421813965 0.323462992906570435 100
-0.216663002967834473 -0.13975900411605835 0.320457994937896729 100
-0.216793999075889587 -0.139779001474380493 0.318459004163742065 100
-0.215813994407653809 -0.139810994267463684 0.315454006195068359 100
-0.215873003005981445 -0.139832004904747009 0.313454985618591309 100
-0.215901002287864685 -0.139852002263069153 0.311455011367797852 100
-0.215900003910064697 -0.139872997999191284 0.309455007314682007 100
-0.2158689945936203 -0.139892995357513428 0.307455003261566162 100
-0.216943994164466858 -0.139901995658874512 0.306459993124008179 100
-0.219161003828048706 -0.139899000525474548 0.30647200345993042 100
-0.219079002737998962 -0.139918997883796692 0.304470986127853394 100
0.0195362009108066559 -0.142115995287895203 0.222251996397972107 100
0.0196048002690076828 -0.142109006643295288 0.228251993656158447 100
0.0177733004093170166 -0.142111003398895264 0.223260998725891113 100
0.0166478995233774185 -0.142110005021095276 0.222267001867294312 100
0.0153956003487110138 -0.142109006643295288 0.220273002982139587 100
0.0141792995855212212 -0.142109006643295288 0.218279004096984863 100
0.0132539002224802971 -0.142106994986534119 0.218283995985984802 100
0.0124473003670573235 -0.142103999853134155 0.21928800642490387 100
0.0112942997366189957 -0.142103999853134155 0.217293992638587952 100
0.0103786997497081757 -0.14210200309753418 0.217298999428749084 100
0.00937150977551937103 -0.142101004719734192 0.216304004192352295 100
0.00863128993660211563 -0.142096996307373047 0.218308001756668091 100
0.00770753016695380211 -0.142094999551773071 0.21831299364566803 100
0.00684920977801084518 -0.142092004418373108 0.219317004084587097 100
0.00597329996526241302 -0.142088994383811951 0.220321998000144958 100
0.00507977977395057678 -0.142085999250411987 0.221325993537902832 100
0.00413003005087375641 -0.142084002494812012 0.221331000328063965 100
0.00321010989136993885 -0.142081007361412048 0.222335994243621826 100
0.00227250996977090836 -0.142077997326850891 0.223341003060340881 100
0.00132918998133391142 -0.14207400381565094 0.225345999002456665 100
0.000350402988260611892 -0.142069995403289795 0.227350994944572449 100
-0.000663882005028426647 -0.142066001892089844 0.229356005787849426 100
-0.00174298998899757862 -0.142058998346328735 0.233362004160881042 100
-0.226552993059158325 -0.141486003994941711 0.439521998167037964 100
-0.220468997955322266 -0.141510993242263794 0.426490992307662964 100
-0.219171002507209778 -0.141522005200386047 0.420484006404876709 100
-0.217764005064964294 -0.141532003879547119 0.414476007223129272 100
-0.216986000537872314 -0.141541004180908203 0.409471988677978516 100
-0.216116994619369507 -0.141549006104469299 0.404467999935150146 100
-0.215915992856025696 -0.141555994749069214 0.400467008352279663 100
-0.215645000338554382 -0.141562998294830322 0.396465003490447998 100
-0.216078996658325195 -0.141567006707191467 0.3934670090675354 100
-0.216462999582290649 -0.141571998596191406 0.390469014644622803 100
-0.216794997453689575 -0.141576007008552551 0.387470990419387817 100
-0.217075005173683167 -0.14158099889755249 0.384472012519836426 100
-0.217304006218910217 -0.141586005687713623 0.381473004817962646 100
-0.218309000134468079 -0.141588002443313599 0.379478991031646729 100
-0.218445003032684326 -0.141592994332313538 0.376478999853134155 100
-0.218529000878334045 -0.14159800112247467 0.373479992151260376 100
-0.219419002532958984 -0.141600996255874634 0.37148401141166687 100
-0.218542993068695068 -0.14160899817943573 0.367480009794235229 100
-0.219348996877670288 -0.141611993312835693 0.365483999252319336 100
-0.220124006271362305 -0.141615003347396851 0.363487988710403442 100
-0.220868006348609924 -0.141617998480796814 0.361490994691848755 100
-0.220671996474266052 -0.141623005270957947 0.358489990234375 100
-0.222260996699333191 -0.141624003648757935 0.357499003410339355 100
-0.221981003880500793 -0.141629993915557861 0.354496985673904419 100
-0.277478992938995361 -0.141505002975463867 0.40478399395942688 100
-0.283437013626098633 -0.141497001051902771 0.407813996076583862 100
-0.285548001527786255 -0.141497001051902771 0.406825006008148193 100
-0.284676998853683472 -0.141506001353263855 0.402821004390716553 100
-0.286742985248565674 -0.141506999731063843 0.401831001043319702 100
-0.287790000438690186 -0.141509994864463806 0.399836987257003784 100
-0.288810014724731445 -0.141514003276824951 0.397841989994049072 100
-0.288769006729125977 -0.141519993543624878 0.394841998815536499 100
-0.286586999893188477 -0.141531005501747131 0.38982999324798584 100
-0.281141996383666992 -0.141550004482269287 0.381801992654800415 100
-0.276607006788253784 -0.141565993428230286 0.374778985977172852 100
-0.274091988801956177 -0.141578003764152527 0.369765996932983398 100
-0.246750995516777039 -0.141650006175041199 0.339623987674713135 100
-0.215813994407653809 -0.14173300564289093 0.305463999509811401 100
-0.21572500467300415 -0.141736999154090881 0.303463995456695557 100
-0.217925995588302612 -0.141736999154090881 0.303474992513656616 100
0.017262900248169899 -0.143102005124092102 0.226269006729125977 100
0.0153940003365278244 -0.143050998449325562 0.220277994871139526 100
0.0149956997483968735 -0.143080994486808777 0.224280998110771179 100
0.0138894002884626389 -0.143070995807647705 0.22328600287437439 100
0.0128012998029589653 -0.143060997128486633 0.222292006015777588 100
0.011621600016951561 -0.143042996525764465 0.220298007130622864 100
0.0106792999431490898 -0.143040001392364502 0.220302999019622803 100
0.00973732024431228638 -0.143038004636764526 0.220307007431983948 100
0.00854662992060184479 -0.14301300048828125 0.217313006520271301 100
0.0079281199723482132 -0.143041998147964478 0.221316993236541748 100
0.00704311998561024666 -0.143048003315925598 0.222321003675460815 100
0.00614053988829255104 -0.143053993582725525 0.223325997591018677 100
0.00531528005376458168 -0.14307500422000885 0.226330995559692383 100
0.00435971980914473534 -0.143080994486808777 0.227336004376411438 100
0.00332710007205605507 -0.143070995807647705 0.226340994238853455 100
0.00237479992210865021 -0.143084004521369934 0.228346005082130432 100
0.00141096999868750572 -0.143113002181053162 0.232351005077362061 100
-0.22100299596786499 -0.144449993968009949 0.440510004758834839 100
-0.218612000346183777 -0.144392997026443481 0.432496994733810425 100
-0.214675992727279663 -0.144323006272315979 0.422475993633270264 100
-0.21197199821472168 -0.144266992807388306 0.414462000131607056 100
-0.211994007229804993 -0.144238993525505066 0.410461008548736572 100
-0.212675005197525024 -0.144217997789382935 0.40746501088142395 100
-0.213304996490478516 -0.144196003675460815 0.404467999935150146 100
-0.213135004043579102 -0.144168004393577576 0.400467008352279663 100
-0.212895005941390991 -0.144140005111694336 0.396465003490447998 100
-0.213350996375083923 -0.144119992852210999 0.3934670090675354 100
-0.213756993412971497 -0.144098997116088867 0.390469014644622803 100
-0.214110001921653748 -0.144078001379966736 0.387470990419387817 100
-0.215210005640983582 -0.144063994288444519 0.385475993156433105 100
-0.215470001101493835 -0.144042998552322388 0.382476985454559326 100
-0.21568000316619873 -0.144023001194000244 0.379478007555007935 100
-0.21666400134563446 -0.144008994102478027 0.377483010292053223 100
-0.216780006885528564 -0.143988996744155884 0.374484002590179443 100
-0.21684400737285614 -0.143968001008033752 0.37148401141166687 100
-0.217713996767997742 -0.143955007195472717 0.369488000869750977 100
-0.218551993370056152 -0.143941998481750488 0.367491990327835083 100
-0.219357997179031372 -0.143929004669189453 0.365496009588241577 100
-0.221020996570587158 -0.143922001123428345 0.364504992961883545 100
-0.22177499532699585 -0.14390900731086731 0.362509012222290039 100
-0.224313005805015564 -0.143910005688667297 0.362522006034851074 100
-0.291162014007568359 -0.144351005554199219 0.425870001316070557 100
-0.293451994657516479 -0.144345000386238098 0.424881994724273682 100
-0.293814003467559814 -0.144326001405715942 0.421884000301361084 100
-0.295098006725311279 -0.144314005970954895 0.419889986515045166 100
-0.296353995800018311 -0.144301995635032654 0.41789698600769043 100
-0.296591997146606445 -0.144282996654510498 0.414898008108139038 100
-0.297784000635147095 -0.144271999597549438 0.41290399432182312 100
-0.298949986696243286 -0.144260004162788391 0.410908997058868408 100
-0.299064010381698608 -0.144242003560066223 0.407909989356994629 100
-0.300166010856628418 -0.144229993224143982 0.405914992094039917 100
-0.30124199390411377 -0.144218996167182922 0.403921008110046387 100
-0.302293002605438232 -0.144207999110221863 0.401926010847091675 100
-0.30225101113319397 -0.144189998507499695 0.398925989866256714 100
-0.30216100811958313 -0.144171997904777527 0.395924985408782959 100
-0.302024990320205688 -0.144153997302055359 0.392924010753631592 100
-0.302944004535675049 -0.144143998622894287 0.39092901349067688 100
-0.302726000547409058 -0.144125998020172119 0.387928009033203125 100
-0.301337987184524536 -0.144102007150650024 0.383920013904571533 100
-0.212173998355865479 -0.147202000021934509 0.427478998899459839 100
-0.211726993322372437 -0.147122994065284729 0.422475993633270264 100
-0.209793001413345337 -0.147011995315551758 0.415464997291564941 100
-0.209856003522872925 -0.14694899320602417 0.411464989185333252 100
-0.210568994283676147 -0.146901994943618774 0.40846899151802063 100
-0.210501000285148621 -0.146838992834091187 0.404467999935150146 100
-0.210363999009132385 -0.14677700400352478 0.400467008352279663 100
-0.210903003811836243 -0.146730005741119385 0.397469013929367065 100
-0.210632994771003723 -0.146668002009391785 0.3934670090675354 100
-0.211060002446174622 -0.146622002124786377 0.390469014644622803 100
-0.212212994694709778 -0.14659099280834198 0.388475000858306885 100
-0.212547004222869873 -0.146544992923736572 0.385475993156433105 100
-0.21362699568271637 -0.146514996886253357 0.383482009172439575 100
-0.213868007063865662 -0.146468997001647949 0.380481988191604614 100
-0.214056998491287231 -0.146422997117042542 0.377483010292053223 100
-0.215020999312400818 -0.146393001079559326 0.375488013029098511 100
-0.215116992592811584 -0.146347999572753906 0.37248799204826355 100
-0.216007992625236511 -0.146318003535270691 0.370492011308670044 100
-0.216011002659797668 -0.146272003650665283 0.367491990327835083 100
-0.217695996165275574 -0.146258994936943054 0.366501003503799438 100
-0.218492001295089722 -0.146229997277259827 0.364504992961883545 100
-0.219256997108459473 -0.146200999617576599 0.362507998943328857 100
-0.289332985877990723 -0.147314995527267456 0.430877000093460083 100
-0.29166799783706665 -0.147303000092506409 0.429888993501663208 100
-0.293056011199951172 -0.147275999188423157 0.427895992994308472 100
-0.295365989208221436 -0.147264003753662109 0.426907986402511597 100
-0.296710014343261719 -0.147237002849578857 0.42491498589515686 100
-0.298025995492935181 -0.147210001945495605 0.42292100191116333 100
-0.29833298921585083 -0.147165998816490173 0.419921994209289551 100
-0.300576001405715942 -0.147156000137329102 0.418933987617492676 100
-0.30080801248550415 -0.147112995386123657 0.415935009717941284 100
-0.302006006240844727 -0.147085994482040405 0.413940995931625366 100
-0.303178012371063232 -0.147060006856918335 0.411947011947631836 100
-0.303288012742996216 -0.147017002105712891 0.408946990966796875 100
-0.304396986961364746 -0.146990999579429626 0.406951993703842163 100
-0.304423987865447998 -0.146947994828224182 0.40395200252532959 100
-0.305471986532211304 -0.146922007203102112 0.401957005262374878 100
-0.305415987968444824 -0.146880000829696655 0.398957014083862305 100
-0.305312991142272949 -0.146837994456291199 0.39595600962638855 100
-0.30516400933265686 -0.146796002984046936 0.392955005168914795 100
-0.30496901273727417 -0.146753996610641479 0.38995400071144104 100
-0.30472901463508606 -0.146713003516197205 0.386952012777328491 100
-0.305579006671905518 -0.146687999367713928 0.384956002235412598 100
-0.304111987352371216 -0.146630004048347473 0.380948007106781006 100
-0.220084995031356812 -0.150564998388290405 0.448538988828659058 100
-0.208523005247116089 -0.150015994906425476 0.426476001739501953 100
-0.20946800708770752 -0.149942994117736816 0.423480004072189331 100
-0.208982005715370178 -0.149820998311042786 0.418476998805999756 100
-0.207708001136779785 -0.149672999978065491 0.412468999624252319 100
-0.207743003964424133 -0.149575993418693542 0.40846899151802063 100
-0.209144994616508484 -0.149528995156288147 0.406475991010665894 100
-0.209058001637458801 -0.149432003498077393 0.40247499942779541 100
-0.209638997912406921 -0.149360001087188721 0.399477005004882812 100
-0.209419995546340942 -0.149262994527816772 0.395475000143051147 100
-0.21064700186252594 -0.149215996265411377 0.393480986356735229 100
-0.211073994636535645 -0.149145007133483887 0.390482991933822632 100
-0.211448997259140015 -0.149073004722595215 0.38748401403427124 100
-0.211772993206977844 -0.149001002311706543 0.384485989809036255 100
-0.212045997381210327 -0.148929998278617859 0.381487011909484863 100
-0.212266996502876282 -0.148857995867729187 0.378486990928649902 100
-0.213253006339073181 -0.148811995983123779 0.37649199366569519 100
-0.213381007313728333 -0.148741006851196289 0.373492002487182617 100
-0.213457003235816956 -0.148670002818107605 0.370492011308670044 100
-0.21348099410533905 -0.148598998785018921 0.367491990327835083 100
-0.214310005307197571 -0.148552998900413513 0.365496009588241577 100
-0.215975001454353333 -0.14853300154209137 0.364504009485244751 100
-0.28882598876953125 -0.150315999984741211 0.433890998363494873 100
-0.290270000696182251 -0.150272995233535767 0.431897997856140137 100
-0.29168701171875 -0.150230005383491516 0.4299049973487854 100
-0.294014990329742432 -0.150213003158569336 0.428916990756988525 100
-0.295385986566543579 -0.150169998407363892 0.426923990249633789 100
-0.296728998422622681 -0.150126993656158447 0.424930989742279053 100
-0.299015998840332031 -0.150111004710197449 0.423941999673843384 100
-0.29933398962020874 -0.150042995810508728 0.420942991971969604 100
-0.300595998764038086 -0.150001004338264465 0.418949991464614868 100
-0.30183100700378418 -0.149958997964859009 0.416956007480621338 100
-0.303039014339447021 -0.149917006492614746 0.41496199369430542 100
-0.304221987724304199 -0.149875998497009277 0.412966996431350708 100
-0.304343998432159424 -0.14980800449848175 0.409967988729476929 100
-0.305463999509811401 -0.149766996502876282 0.407972991466522217 100
-0.306558996438980103 -0.149726003408432007 0.405977994203567505 100
-0.306560993194580078 -0.149660006165504456 0.402978003025054932 100
-0.306515991687774658 -0.149592995643615723 0.399976998567581177 100
-0.307514995336532593 -0.149553000926971436 0.397982001304626465 100
-0.307388991117477417 -0.149487003684043884 0.39498099684715271 100
-0.307217001914978027 -0.149421006441116333 0.391979992389678955 100
-0.305875003337860107 -0.149329006671905518 0.387971997261047363 100
-0.306737005710601807 -0.149288997054100037 0.38597598671913147 100
-0.306428998708724976 -0.149223998188972473 0.382973998785018921 100
-0.307236999273300171 -0.149185001850128174 0.380977988243103027 100
-0.209754005074501038 -0.153212994337081909 0.4375 100
-0.208865001797676086 -0.15301300585269928 0.431493997573852539 100
-0.207867994904518127 -0.152813002467155457 0.425487995147705078 100
-0.210162997245788574 -0.152784004807472229 0.424499005079269409 100
-0.209686994552612305 -0.152616992592811584 0.419495999813079834 100
-0.20772300660610199 -0.152382999658584595 0.41248399019241333 100
-0.207757994532585144 -0.152251005172729492 0.408484011888504028 100
-0.208441004157066345 -0.152153998613357544 0.405485987663269043 100
-0.208344995975494385 -0.152022004127502441 0.40148499608039856 100
-0.209654003381729126 -0.151959002017974854 0.399491012096405029 100
-0.209435999393463135 -0.151828005909919739 0.395489007234573364 100
-0.209904000163078308 -0.151730999350547791 0.392491012811660767 100
-0.210321992635726929 -0.151633992791175842 0.389492988586425781 100
-0.210686996579170227 -0.1515360027551651 0.38649401068687439 100
-0.211002007126808167 -0.15143999457359314 0.38349500298500061 100
-0.211263999342918396 -0.151343002915382385 0.380495995283126831 100
-0.211474999785423279 -0.151245996356010437 0.377496004104614258 100
-0.2124519944190979 -0.151183992624282837 0.375501006841659546 100
-0.211741998791694641 -0.151051998138427734 0.371495991945266724 100
-0.212634995579719543 -0.150989994406700134 0.369500994682312012 100
-0.213495999574661255 -0.150928005576133728 0.367505013942718506 100
-0.213468998670578003 -0.15083099901676178 0.364504009485244751 100
-0.215123996138572693 -0.150803998112678528 0.363512009382247925 100
-0.286475986242294312 -0.15329800546169281 0.43489500880241394 100
-0.288846999406814575 -0.153273999691009521 0.433907985687255859 100
-0.29029199481010437 -0.153216004371643066 0.431914985179901123 100
-0.291709005832672119 -0.15315699577331543 0.429922014474868774 100
-0.294037014245986938 -0.153134003281593323 0.428932994604110718 100
-0.295408010482788086 -0.153075993061065674 0.426939994096755981 100
-0.296752005815505981 -0.153017997741699219 0.424946993589401245 100
-0.298067986965179443 -0.152961000800132751 0.422953009605407715 100
-0.299356997013092041 -0.152903005480766296 0.420958995819091797 100
-0.300619006156921387 -0.152845993638038635 0.418965011835098267 100
-0.30185401439666748 -0.152788996696472168 0.416970998048782349 100
-0.303063005208969116 -0.152731999754905701 0.414977014064788818 100
-0.303222000598907471 -0.152639999985694885 0.411976993083953857 100
-0.304367989301681519 -0.152584001421928406 0.409983009099960327 100
-0.305487990379333496 -0.152528002858161926 0.407988011837005615 100
-0.306584000587463379 -0.152472004294395447 0.405993998050689697 100
-0.306585997343063354 -0.152381002902984619 0.402992993593215942 100
-0.306540995836257935 -0.152290001511573792 0.399991989135742188 100
-0.306450009346008301 -0.152199998497962952 0.39699101448059082 100
-0.306313008069992065 -0.152108997106552124 0.393990010023117065 100
-0.305016994476318359 -0.151982992887496948 0.389982014894485474 100
-0.304776996374130249 -0.151893004775047302 0.386981010437011719 100
-0.305628001689910889 -0.151839002966880798 0.384984999895095825 100
-0.306457012891769409 -0.151785001158714294 0.382988989353179932 100
-0.304946005344390869 -0.151659995317459106 0.378980010747909546 100
-0.209772005677223206 -0.156140998005867004 0.437516003847122192 100
-0.208222001791000366 -0.155845001339912415 0.430505990982055664 100
-0.207214996218681335 -0.155591994524002075 0.424499005079269409 100
-0.209500998258590698 -0.155555993318557739 0.423510998487472534 100
-0.209704995155334473 -0.155389994382858276 0.419510990381240845 100
-0.208440005779266357 -0.155137002468109131 0.413502991199493408 100
-0.207065999507904053 -0.154883995652198792 0.407494008541107178 100
-0.208459004759788513 -0.154804006218910217 0.405501008033752441 100
-0.207634001970291138 -0.15459500253200531 0.400494992733001709 100
-0.208195000886917114 -0.154471993446350098 0.397498011589050293 100
-0.207956999540328979 -0.154305994510650635 0.393494993448257446 100
-0.208406001329421997 -0.154183000326156616 0.390496999025344849 100
-0.208803996443748474 -0.154061004519462585 0.387497991323471069 100
-0.209150001406669617 -0.153937995433807373 0.384499013423919678 100
-0.210232004523277283 -0.153860002756118774 0.382503986358642578 100
-0.210484996438026428 -0.153736993670463562 0.379505008459091187 100
-0.210685998201370239 -0.153614997863769531 0.376504987478256226 100
-0.210834994912147522 -0.1534930020570755 0.373504996299743652 100
-0.210932999849319458 -0.15337100625038147 0.370505005121231079 100
-0.210978999733924866 -0.153247997164726257 0.367504000663757324 100
-0.211820006370544434 -0.153170004487037659 0.365507990121841431 100
-0.212629005312919617 -0.153091996908187866 0.363512009382247925 100
-0.213406994938850403 -0.153014004230499268 0.36151498556137085 100
-0.287398993968963623 -0.156306996941566467 0.435916990041732788 100
-0.288872003555297852 -0.15623299777507782 0.433923989534378052 100
-0.289398998022079468 -0.15611499547958374 0.430925995111465454 100
-0.292663007974624634 -0.156129002571105957 0.430943012237548828 100
-0.293123006820678711 -0.156011000275611877 0.427944004535675049 100
-0.294483989477157593 -0.155937999486923218 0.425951004028320312 100
-0.296777993440628052 -0.15590900182723999 0.424962997436523438 100
-0.297122985124588013 -0.155791997909545898 0.421963989734649658 100
-0.298402011394500732 -0.155719995498657227 0.419970005750656128 100
-0.299654006958007812 -0.155646994709968567 0.41797599196434021 100
-0.300879001617431641 -0.155575007200241089 0.41598200798034668 100
-0.302076995372772217 -0.155503004789352417 0.413987010717391968 100
-0.302224993705749512 -0.155386999249458313 0.410986989736557007 100
-0.303360998630523682 -0.155315995216369629 0.408993005752563477 100
-0.304470986127853394 -0.155245006084442139 0.406998008489608765 100
-0.304497987031936646 -0.155129000544548035 0.40399700403213501 100
-0.304477989673614502 -0.155012995004653931 0.400997012853622437 100
-0.305491000413894653 -0.154943004250526428 0.399001002311706543 100
-0.306479990482330322 -0.154872998595237732 0.397006005048751831 100
-0.306344002485275269 -0.15475800633430481 0.394005000591278076 100
-0.305047005414962769 -0.154598996043205261 0.389997005462646484 100
-0.307056993246078491 -0.154575005173683167 0.389007002115249634 100
-0.307931005954742432 -0.154505997896194458 0.38701099157333374 100
-0.306488007307052612 -0.154347002506256104 0.383002996444702148 100
-0.209140002727508545 -0.159016996622085571 0.436529010534286499 100
-0.207580000162124634 -0.158658996224403381 0.429518014192581177 100
-0.205892994999885559 -0.158300995826721191 0.422506988048553467 100
-0.20883999764919281 -0.158309996128082275 0.422522991895675659 100
-0.207654997706413269 -0.158004999160766602 0.416514992713928223 100
-0.20706099271774292 -0.157752007246017456 0.411509990692138672 100
-0.207085996866226196 -0.157551005482673645 0.407508999109268188 100
-0.206321999430656433 -0.157297998666763306 0.402503997087478638 100
-0.206925004720687866 -0.157149001955986023 0.39950600266456604 100
-0.206737995147705078 -0.1569489985704422 0.395503997802734375 100
-0.207229003310203552 -0.156801000237464905 0.392504990100860596 100
-0.207668006420135498 -0.15665300190448761 0.389506995677947998 100
-0.208056002855300903 -0.156505003571510315 0.386507987976074219 100
-0.20839199423789978 -0.15635700523853302 0.383509010076522827 100
-0.208676993846893311 -0.156209006905555725 0.380508989095687866 100
-0.208910003304481506 -0.156060993671417236 0.377508997917175293 100
-0.209898993372917175 -0.155965998768806458 0.375514000654220581 100
-0.21003800630569458 -0.15581899881362915 0.372514009475708008 100
-0.209298998117446899 -0.155617997050285339 0.368508994579315186 100
-0.210161998867988586 -0.155523002147674561 0.36651301383972168 100
-0.210993006825447083 -0.15542900562286377 0.364515990018844604 100
-0.211792007088661194 -0.155333995819091797 0.362520009279251099 100
-0.212559998035430908 -0.155239999294281006 0.360522985458374023 100
-0.287992000579833984 -0.159137994050979614 0.432934999465942383 100
-0.289427012205123901 -0.159049004316329956 0.430941998958587646 100
-0.290834009647369385 -0.158959999680519104 0.42894899845123291 100
-0.294091999530792236 -0.158978000283241272 0.428965985774993896 100
-0.295462995767593384 -0.158889994025230408 0.426972001791000366 100
-0.296808004379272461 -0.15880100429058075 0.42497900128364563 100
-0.298123985528945923 -0.158712998032569885 0.422984987497329712 100
-0.299414008855819702 -0.158626005053520203 0.420991003513336182 100
-0.300677001476287842 -0.158537998795509338 0.418996989727020264 100
-0.301912993192672729 -0.158451005816459656 0.417003005743026733 100
-0.303122997283935547 -0.158363997936248779 0.415008008480072021 100
-0.303281009197235107 -0.158224001526832581 0.412007987499237061 100
-0.303393006324768066 -0.158083006739616394 0.409007996320724487 100
-0.30555000901222229 -0.158050999045372009 0.408019006252288818 100
-0.305588006973266602 -0.157911002635955811 0.405018001794815063 100
-0.305579990148544312 -0.1577720046043396 0.402016997337341309 100
-0.305525004863739014 -0.157631993293762207 0.399015992879867554 100
-0.304333001375198364 -0.157437995076179504 0.395009011030197144 100
-0.305276006460189819 -0.157352998852729797 0.39301300048828125 100
-0.305081993341445923 -0.157214999198913574 0.390011012554168701 100
-0.229607000946998596 -0.153218001127243042 0.315598994493484497 100
0.00691821984946727753 -0.149716004729270935 0.237359002232551575 100
0.00577862001955509186 -0.149652004241943359 0.236365005373954773 100
0.00465690996497869492 -0.149589002132415771 0.23536999523639679 100
0.00355307990685105324 -0.149525001645088196 0.234375 100
-0.206556007266044617 -0.161690995097160339 0.432529985904693604 100
-0.207601994276046753 -0.16151699423789978 0.429533988237380981 100
-0.205915004014968872 -0.161098003387451172 0.422522991895675659 100
-0.208182007074356079 -0.161046996712684631 0.42153400182723999 100
-0.206296995282173157 -0.160626992583274841 0.414521992206573486 100
-0.206383004784584045 -0.160392001271247864 0.410521000623703003 100
-0.205688998103141785 -0.160095006227493286 0.405515998601913452 100
-0.205623999238014221 -0.159860000014305115 0.401513993740081787 100
-0.20621800422668457 -0.159686997532844543 0.398515999317169189 100
-0.20602099597454071 -0.159450992941856384 0.394513994455337524 100
-0.206502005457878113 -0.159278005361557007 0.391514986753463745 100
-0.206174001097679138 -0.159042000770568848 0.387511998414993286 100
-0.207310006022453308 -0.158931002020835876 0.385517001152038574 100
-0.207635998725891113 -0.158757999539375305 0.382517993450164795 100
-0.208699002861976624 -0.158646002411842346 0.380522996187210083 100
-0.208133995532989502 -0.158410996198654175 0.376518011093139648 100
-0.208305999636650085 -0.158237993717193604 0.373517990112304688 100
-0.20924299955368042 -0.158126994967460632 0.371522009372711182 100
-0.209321007132530212 -0.157952994108200073 0.368521988391876221 100
-0.209346994757652283 -0.157780006527900696 0.365521013736724854 100
-0.209319993853569031 -0.157607004046440125 0.362520009279251099 100
-0.210099995136260986 -0.157496005296707153 0.360522985458374023 100
-0.210847005248069763 -0.157385006546974182 0.358525991439819336 100
-0.211563006043434143 -0.157275006175041199 0.356528997421264648 100
-0.211357995867729187 -0.157102003693580627 0.3535270094871521 100
-0.212898999452590942 -0.157054007053375244 0.352535009384155273 100
-0.282848000526428223 -0.161146000027656555 0.41691899299621582 100
-0.289795011281967163 -0.161419004201889038 0.420956999063491821 100
-0.292997986078262329 -0.161441996693611145 0.420973002910614014 100
-0.292331010103225708 -0.161211997270584106 0.416967988014221191 100
-0.29355698823928833 -0.161109000444412231 0.414974004030227661 100
-0.295749008655548096 -0.161069005727767944 0.413985013961791992 100
-0.296932011842727661 -0.160965994000434875 0.411991000175476074 100
-0.297073990106582642 -0.1608009934425354 0.408989995718002319 100
-0.298193007707595825 -0.160697996616363525 0.406996011734008789 100
-0.295143991708755493 -0.160341992974281311 0.400977998971939087 100
-0.285701990127563477 -0.159602999687194824 0.388924986124038696 100
-0.279186993837356567 -0.159053996205329895 0.379887998104095459 100
-0.243589997291564941 -0.156396999955177307 0.336688995361328125 100
-0.21269400417804718 -0.154489994049072266 0.306517988443374634 100
-0.212630003690719604 -0.154383003711700439 0.304517000913619995 100
-0.213673993945121765 -0.154339998960494995 0.303521990776062012 100
-0.214710995554924011 -0.154296994209289551 0.30252799391746521 100
-0.21458299458026886 -0.154191002249717712 0.30052599310874939 100
0.00813931971788406372 -0.150950998067855835 0.239360004663467407 100
0.00680411979556083679 -0.150668993592262268 0.235365003347396851 100
0.00568220997229218483 -0.150595992803573608 0.234369993209838867 100
0.004693599883466959 -0.150732994079589844 0.236376002430915833 100
0.00355123006738722324 -0.150591000914573669 0.234381005167961121 100
0.00250659999437630177 -0.150658994913101196 0.23538699746131897 100
0.00149162998422980309 -0.151005998253822327 0.240393996238708496 100
-0.207231000065803528 -0.164645999670028687 0.433548986911773682 100
-0.206964001059532166 -0.164305999875068665 0.428546011447906494 100
-0.202583998441696167 -0.163541004061698914 0.41751900315284729 100
-0.204123005270957947 -0.163413003087043762 0.415526002645492554 100
-0.205630004405975342 -0.163285002112388611 0.413533002138137817 100
-0.205007001757621765 -0.162944003939628601 0.408528000116348267 100
-0.20500299334526062 -0.162674993276596069 0.404525995254516602 100
-0.204928994178771973 -0.162404999136924744 0.400523990392684937 100
-0.205512002110481262 -0.162205994129180908 0.397525995969772339 100
-0.205305993556976318 -0.161935999989509583 0.393523991107940674 100
-0.205777004361152649 -0.161736994981765747 0.390525013208389282 100
-0.206196993589401245 -0.161538004875183105 0.387526005506515503 100
-0.206566005945205688 -0.16133899986743927 0.38452601432800293 100
-0.206881999969482422 -0.161140993237495422 0.38152700662612915 100
-0.207147002220153809 -0.160942003130912781 0.378526985645294189 100
-0.208158001303672791 -0.160814002156257629 0.376531988382339478 100
-0.208330005407333374 -0.160614997148513794 0.37353101372718811 100
-0.207632005214691162 -0.160345003008842468 0.369525998830795288 100
-0.208517998456954956 -0.160218000411987305 0.367529988288879395 100
-0.209371000528335571 -0.160090997815132141 0.365534007549285889 100
-0.208497002720832825 -0.159820005297660828 0.361528009176254272 100
-0.20840899646282196 -0.15962199866771698 0.358525991439819336 100
-0.2091359943151474 -0.159494996070861816 0.356528997421264648 100
-0.208954006433486938 -0.159296005964279175 0.3535270094871521 100
-0.208719000220298767 -0.159097000956535339 0.350524008274078369 100
-0.209330007433891296 -0.158969998359680176 0.348527014255523682 100
-0.209001004695892334 -0.158772006630897522 0.345524013042449951 100
-0.209537997841835022 -0.158645004034042358 0.343526005744934082 100
-0.210043996572494507 -0.158518001437187195 0.341527998447418213 100
-0.211456999182701111 -0.158463999629020691 0.340535014867782593 100
-0.211908996105194092 -0.158337995409965515 0.338535994291305542 100
-0.21232999861240387 -0.158212006092071533 0.336537986993789673 100
-0.212718993425369263 -0.158086001873016357 0.33453899621963501 100
-0.213076993823051453 -0.157959997653961182 0.332540005445480347 100
-0.213403001427650452 -0.157833993434906006 0.330541014671325684 100
-0.213697999715805054 -0.157709002494812012 0.328541994094848633 100
-0.212947994470596313 -0.157510995864868164 0.325536996126174927 100
-0.213168993592262268 -0.157385006546974182 0.323536992073059082 100
-0.213359996676445007 -0.157260000705718994 0.321536988019943237 100
-0.213520005345344543 -0.157134994864463806 0.31953701376914978 100
-0.212591007351875305 -0.156937003135681152 0.316531002521514893 100
-0.212678998708724976 -0.156811997294425964 0.314530998468399048 100
-0.211656004190444946 -0.156614005565643311 0.31152498722076416 100
-0.211670994758605957 -0.15648999810218811 0.309523999691009521 100
-0.211656004190444946 -0.156365007162094116 0.307523012161254883 100
-0.211611002683639526 -0.156240999698638916 0.305521994829177856 100
-0.211536005139350891 -0.15611700713634491 0.303521007299423218 100
-0.213705003261566162 -0.156141996383666992 0.303532004356384277 100
-0.213595002889633179 -0.156019002199172974 0.301530987024307251 100
-0.213456004858016968 -0.155895993113517761 0.299529999494552612 100
0.0101105999201536179 -0.15183199942111969 0.23635399341583252 100
0.00887843966484069824 -0.15167100727558136 0.234359994530677795 100
0.00813781004399061203 -0.152061998844146729 0.239365994930267334 100
0.00674634985625743866 -0.151665002107620239 0.234371006488800049 100
0.00563322985544800758 -0.151583999395370483 0.233375996351242065 100
0.00461493991315364838 -0.151659995317459106 0.234381005167961121 100
0.00351983006112277508 -0.151578992605209351 0.233386993408203125 100
0.00248398003168404102 -0.151655003428459167 0.23439200222492218 100
0.00146586995106190443 -0.151968002319335938 0.238398998975753784 100
-0.205301001667976379 -0.167300999164581299 0.430554002523422241 100
-0.205006003379821777 -0.166916996240615845 0.425550013780593872 100
-0.201938003301620483 -0.166214004158973694 0.416530013084411621 100
-0.203467994928359985 -0.166069000959396362 0.414537012577056885 100
-0.204275995492935181 -0.165845006704330444 0.411540001630783081 100
-0.20433199405670166 -0.165540993213653564 0.407539010047912598 100
-0.204319000244140625 -0.165235996246337891 0.403537005186080933 100
-0.204953998327255249 -0.165012001991271973 0.400539010763168335 100
-0.204808995127677917 -0.164708003401756287 0.396535992622375488 100
-0.204593002796173096 -0.164403006434440613 0.392533004283905029 100
-0.205054998397827148 -0.164178997278213501 0.38953399658203125 100
-0.205465003848075867 -0.163954004645347595 0.386534988880157471 100
-0.205823004245758057 -0.163729995489120483 0.383536010980606079 100
-0.206129997968673706 -0.163506001234054565 0.380535989999771118 100
-0.206385999917984009 -0.163280993700027466 0.377535998821258545 100
-0.206588998436927795 -0.163056999444961548 0.374536007642745972 100
-0.206741005182266235 -0.16283300518989563 0.371535003185272217 100
-0.207657992839813232 -0.162689000368118286 0.369538992643356323 100
-0.207716003060340881 -0.162465006113052368 0.366537988185882568 100
-0.207721993327140808 -0.162240996956825256 0.363537013530731201 100
-0.2076759934425354 -0.162016004323959351 0.360534995794296265 100
-0.208435997366905212 -0.161872997879981995 0.358538001775741577 100
-0.208296000957489014 -0.161648005247116089 0.355536013841629028 100
-0.208103001117706299 -0.161423996090888977 0.352533996105194092 100
-0.208746001124382019 -0.161281004548072815 0.350535988807678223 100
-0.208459004759788513 -0.161056995391845703 0.347534000873565674 100
-0.208120003342628479 -0.160832002758979797 0.344530999660491943 100
-0.209565997123718262 -0.160770997405052185 0.343537986278533936 100
-0.209141999483108521 -0.160546004772186279 0.340534001588821411 100
-0.209604993462562561 -0.160403996706008911 0.338535994291305542 100
-0.210036993026733398 -0.160261005163192749 0.336537003517150879 100
-0.210436999797821045 -0.160117998719215393 0.334538012742996216 100
-0.210804998874664307 -0.159976005554199219 0.332538992166519165 100
-0.211142003536224365 -0.159833997488021851 0.330540001392364502 100
-0.211447000503540039 -0.159692004323005676 0.328541010618209839 100
-0.21172100305557251 -0.159549996256828308 0.326541990041732788 100
-0.211963996291160583 -0.159408003091812134 0.324541985988616943 100
-0.212174996733665466 -0.159266993403434753 0.322542011737823486 100
-0.212355002760887146 -0.159125000238418579 0.320542007684707642 100
-0.212503999471664429 -0.158984005451202393 0.318542003631591797 100
-0.211565002799034119 -0.158759996294975281 0.315535992383956909 100
-0.211641997098922729 -0.158619001507759094 0.313535988330841064 100
-0.211687996983528137 -0.158478006720542908 0.311535000801086426 100
-0.211703002452850342 -0.158337995409965515 0.309534013271331787 100
-0.211688995361328125 -0.158197000622749329 0.307534009218215942 100
-0.211643993854522705 -0.15805700421333313 0.305532008409500122 100
-0.211569994688034058 -0.157916992902755737 0.303530991077423096 100
-0.212603002786636353 -0.157861992716789246 0.3025360107421875 100
-0.212481006979942322 -0.157721996307373047 0.300534993410110474 100
-0.212330996990203857 -0.157583996653556824 0.298532992601394653 100
0.0101094003766775131 -0.152915999293327332 0.23635999858379364 100
0.00872921012341976166 -0.152562007308006287 0.232364997267723083 100
0.00800618994981050491 -0.152998000383377075 0.237370997667312622 100
0.00680107017979025841 -0.152820006012916565 0.235376998782157898 100
0.00567898992449045181 -0.152729004621505737 0.234382003545761108 100
0.00461325002834200859 -0.15272599458694458 0.234386995434761047 100
0.00348849990405142307 -0.152548998594284058 0.232391998171806335 100
0.00250275991857051849 -0.152808994054794312 0.235398992896080017 100
0.00144020002335309982 -0.1528950035572052 0.23640500009059906 100
-0.204677000641822815 -0.17007899284362793 0.429565995931625366 100
-0.205033004283905029 -0.169741004705429077 0.425565987825393677 100
-0.201965004205703735 -0.168957993388175964 0.416545003652572632 100
-0.202813997864723206 -0.168707996606826782 0.413547992706298828 100
-0.203612998127937317 -0.1684579998254776 0.410551011562347412 100
-0.203659996390342712 -0.168119996786117554 0.406549006700515747 100
-0.203637003898620605 -0.16778099536895752 0.402547001838684082 100
-0.204262003302574158 -0.167530998587608337 0.399549007415771484 100
-0.204107001423835754 -0.167191997170448303 0.395545989274978638 100
-0.203881993889808655 -0.166852995753288269 0.391543000936508179 100
-0.20433400571346283 -0.166602998971939087 0.388543993234634399 100
-0.204733997583389282 -0.166353002190589905 0.38554498553276062 100
-0.205082997679710388 -0.166103005409240723 0.382544994354248047 100
-0.205379992723464966 -0.165852993726730347 0.379545003175735474 100
-0.205625995993614197 -0.165603995323181152 0.3765450119972229 100
-0.206616997718811035 -0.165443003177642822 0.374549001455307007 100
-0.206769004464149475 -0.165194004774093628 0.371547996997833252 100
-0.206869006156921387 -0.164943993091583252 0.368546992540359497 100
-0.20691700279712677 -0.16469399631023407 0.365545988082885742 100
-0.206912994384765625 -0.164443999528884888 0.362545013427734375 100
-0.206856995820999146 -0.164194002747535706 0.359542995691299438 100
-0.207607001066207886 -0.164033994078636169 0.357546001672744751 100
-0.207457005977630615 -0.163783997297286987 0.354544013738632202 100
-0.208131998777389526 -0.163625001907348633 0.352546006441116333 100
-0.208775997161865234 -0.163464993238449097 0.350549012422561646 100
-0.208489000797271729 -0.163215994834899902 0.347546011209487915 100
-0.209058001637458801 -0.16305600106716156 0.345548003911972046 100
-0.208676993846893311 -0.162806004285812378 0.342543989419937134 100
-0.209171995520591736 -0.16264699399471283 0.340546011924743652 100
-0.209636002779006958 -0.162487998604774475 0.338546991348266602 100
-0.209116995334625244 -0.162238001823425293 0.335543006658554077 100
-0.209507003426551819 -0.162079006433486938 0.333543986082077026 100
-0.209865003824234009 -0.161920994520187378 0.331544995307922363 100
-0.210191994905471802 -0.161761999130249023 0.3295460045337677 100
-0.210485994815826416 -0.161604002118110657 0.327547013759613037 100
-0.210749998688697815 -0.16144600510597229 0.325547009706497192 100
-0.210981994867324829 -0.161287993192672729 0.323547005653381348 100
-0.21118299663066864 -0.161129996180534363 0.321547001600265503 100
-0.21031700074672699 -0.160879999399185181 0.318540990352630615 100
-0.210444003343582153 -0.160722002387046814 0.316540986299514771 100
-0.210540995001792908 -0.160565003752708435 0.314541012048721313 100
-0.210607007145881653 -0.160408005118370056 0.312539994716644287 100
-0.210641995072364807 -0.160251006484031677 0.310539007186889648 100
-0.21064700186252594 -0.160093992948532104 0.308539003133773804 100
-0.210621997714042664 -0.159936994314193726 0.306537985801696777 100
-0.210565999150276184 -0.159780994057655334 0.304536014795303345 100
-0.211606994271278381 -0.15971800684928894 0.303541004657745361 100
-0.212640002369880676 -0.15965600311756134 0.302545994520187378 100
-0.212520003318786621 -0.159501001238822937 0.300545006990432739 100
-0.213530004024505615 -0.159439995884895325 0.299549996852874756 100
0.0110093997791409492 -0.153810992836952209 0.234359994530677795 100
0.00969398021697998047 -0.153518006205558777 0.231364995241165161 100
0.00858008954674005508 -0.153418004512786865 0.230370998382568359 100
0.00774451997131109238 -0.153705000877380371 0.233376994729042053 100
0.00657485006377100945 -0.153509005904197693 0.231380999088287354 100
0.00558282015845179558 -0.153603002429008484 0.232387006282806396 100
0.00457315985113382339 -0.153696998953819275 0.233392998576164246 100
0.00345721002668142319 -0.153501003980636597 0.231397002935409546 100
0.00245953002013266087 -0.153692007064819336 0.233403995633125305 100
0.00143817998468875885 -0.153979003429412842 0.236411005258560181 100
-0.201445996761322021 -0.172448992729187012 0.424562007188796997 100
-0.20175500214099884 -0.172076001763343811 0.420561999082565308 100
-0.201323002576828003 -0.171605005860328674 0.415556997060775757 100
-0.202162995934486389 -0.171330004930496216 0.412559002637863159 100
-0.202951997518539429 -0.171055004000663757 0.409561991691589355 100
-0.20368899405002594 -0.170779004693031311 0.406563997268676758 100
-0.202956005930900574 -0.17030799388885498 0.401558011770248413 100
-0.203572005033493042 -0.170031994581222534 0.398559004068374634 100
-0.203408002853393555 -0.169659003615379333 0.394555985927581787 100
-0.203911006450653076 -0.169383004307746887 0.391557008028030396 100
-0.204363003373146057 -0.169108003377914429 0.388558000326156616 100
-0.204763993620872498 -0.16883300244808197 0.385558009147644043 100
-0.205112993717193604 -0.168558001518249512 0.382559001445770264 100
-0.204631999135017395 -0.168182998895645142 0.378553986549377441 100
-0.205656006932258606 -0.168007001280784607 0.376558005809783936 100
-0.205850005149841309 -0.167732000350952148 0.373558014631271362 100
-0.205991998314857483 -0.167456001043319702 0.370557010173797607 100
-0.206082001328468323 -0.167181000113487244 0.367556005716323853 100
-0.206947997212409973 -0.167005002498626709 0.365559011697769165 100
-0.206944003701210022 -0.166729003190994263 0.362556993961334229 100
-0.206888005137443542 -0.166454002261161804 0.35955500602722168 100
-0.206780001521110535 -0.166178002953529358 0.356552988290786743 100
-0.206619992852210999 -0.165903002023696899 0.353551000356674194 100
-0.207285001873970032 -0.165727004408836365 0.351552993059158325 100
-0.207030996680259705 -0.165451005101203918 0.348549991846084595 100
-0.20762200653553009 -0.16527499258518219 0.346552014350891113 100
-0.208182007074356079 -0.165099993348121643 0.344554007053375244 100
-0.208709001541137695 -0.164923995733261108 0.342555999755859375 100
-0.209205001592636108 -0.164748996496200562 0.340557992458343506 100
-0.209668993949890137 -0.164573997259140015 0.338559001684188843 100
-0.209150999784469604 -0.164297997951507568 0.335554987192153931 100
-0.209540992975234985 -0.164122998714447021 0.333555996417999268 100
-0.210870996117591858 -0.164048999547958374 0.332561999559402466 100
-0.210225999355316162 -0.163773000240325928 0.32955700159072876 100
-0.210520997643470764 -0.163598999381065369 0.327558010816574097 100
-0.211788997054100037 -0.163525998592376709 0.326564013957977295 100
-0.211016997694969177 -0.163249999284744263 0.323558002710342407 100
-0.211217999458312988 -0.163075998425483704 0.321557998657226562 100
-0.211389005184173584 -0.162901997566223145 0.319557994604110718 100
-0.211528003215789795 -0.162728995084762573 0.317557990550994873 100
-0.211636006832122803 -0.162554994225502014 0.315557003021240234 100
-0.210644006729125977 -0.162279993295669556 0.312550991773605347 100
-0.210679993033409119 -0.162107005715370178 0.310550004243850708 100
-0.210684999823570251 -0.161934003233909607 0.308548986911773682 100
-0.210659995675086975 -0.161761000752449036 0.306547999382019043 100
-0.210605993866920471 -0.161588996648788452 0.304545998573303223 100
-0.211647003889083862 -0.161520004272460938 0.303550988435745239 100
-0.212680995464324951 -0.161450996994972229 0.302556008100509644 100
-0.212560996413230896 -0.161280006170272827 0.300554990768432617 100
-0.212411999702453613 -0.161109000444412231 0.298552989959716797 100
0.0109168002381920815 -0.15477299690246582 0.233365997672080994 100
0.00969300046563148499 -0.154558002948760986 0.231371000409126282 100
0.00865295995026826859 -0.154554992914199829 0.231376007199287415 100
0.00761314015835523605 -0.154551997780799866 0.231381997466087341 100
0.00657350989058613777 -0.15455000102519989 0.231387004256248474 100
0.00553405005484819412 -0.154547005891799927 0.231391996145248413 100
0.00449472991749644279 -0.15454399585723877 0.231398001313209534 100
0.00342597998678684235 -0.154436007142066956 0.230403006076812744 100
0.00241637998260557652 -0.154539003968238831 0.231407999992370605 100
0.00141261995304375887 -0.154853001236915588 0.234414994716644287 100
-0.201124995946884155 -0.174750000238418579 0.419573009014129639 100
-0.202695995569229126 -0.174556002020835876 0.417580008506774902 100
-0.202194005250930786 -0.174041002988815308 0.41257399320602417 100
-0.201601997017860413 -0.173526003956794739 0.407568007707595825 100
-0.203020006418228149 -0.173333004117012024 0.405575007200241089 100
-0.202987998723983765 -0.172924995422363281 0.401571989059448242 100
-0.202884003520011902 -0.172517001628875732 0.397569000720977783 100
-0.203438997268676758 -0.17221599817276001 0.394569993019104004 100
-0.203942999243736267 -0.171914994716644287 0.391570985317230225 100
-0.204394996166229248 -0.171614006161689758 0.388572007417678833 100
-0.204796001315116882 -0.171314001083374023 0.385571986436843872 100
-0.205145001411437988 -0.171012997627258301 0.382571995258331299 100
-0.205441996455192566 -0.170711994171142578 0.379572004079818726 100
-0.205687999725341797 -0.170411005616188049 0.376570999622344971 100
-0.205083996057510376 -0.170001998543739319 0.372566014528274536 100
-0.206024006009101868 -0.169809997081756592 0.370570003986358643 100
-0.206115007400512695 -0.169508993625640869 0.367567986249923706 100
-0.206981003284454346 -0.169315993785858154 0.3655720055103302 100
-0.206976994872093201 -0.169015005230903625 0.362569987773895264 100
-0.206920996308326721 -0.168714001774787903 0.359567999839782715 100
-0.206814005970954895 -0.16841299831867218 0.356566011905670166 100
-0.206652998924255371 -0.168111994862556458 0.353563010692596436 100
-0.207319006323814392 -0.16791999340057373 0.35156598687171936 100
-0.207065001130104065 -0.167619004845619202 0.348562002182006836 100
-0.207655996084213257 -0.167427003383636475 0.346563994884490967 100
-0.208215996623039246 -0.167235001921653748 0.344565987586975098 100
-0.207825005054473877 -0.166933998465538025 0.341562002897262573 100
-0.208309993147850037 -0.166741997003555298 0.339563995599746704 100
-0.208764001727104187 -0.166549995541572571 0.337565004825592041 100
-0.209186002612113953 -0.166359007358551025 0.335566014051437378 100
-0.209576994180679321 -0.166168004274368286 0.333566993474960327 100
-0.209934994578361511 -0.165977001190185547 0.331568002700805664 100
-0.210262998938560486 -0.165785998106002808 0.329567998647689819 100
-0.210557997226715088 -0.165594995021820068 0.327569007873535156 100
-0.209818005561828613 -0.16529400646686554 0.324562996625900269 100
-0.211054995656013489 -0.165214002132415771 0.323568999767303467 100
-0.210231006145477295 -0.164912998676300049 0.320562988519668579 100
-0.210390999913215637 -0.164722993969917297 0.318563014268875122 100
-0.210519999265670776 -0.16453300416469574 0.316561996936798096 100
-0.210617005825042725 -0.164342999458312988 0.314561992883682251 100
-0.210684001445770264 -0.164152994751930237 0.312561005353927612 100
-0.210721001029014587 -0.163964003324508667 0.310559988021850586 100
-0.210727006196975708 -0.163774996995925903 0.308559000492095947 100
-0.210702002048492432 -0.163586005568504333 0.306558012962341309 100
-0.210648000240325928 -0.163397997617721558 0.304556995630264282 100
-0.211689993739128113 -0.163322001695632935 0.303561002016067505 100
-0.212724998593330383 -0.163247004151344299 0.302565991878509521 100
-0.212605997920036316 -0.163059994578361511 0.300565004348754883 100
-0.212457999587059021 -0.162873998284339905 0.298563003540039062 100
0.0107324998825788498 -0.155603006482124329 0.231371000409126282 100
0.00969209987670183182 -0.155599996447563171 0.231377005577087402 100
0.0085779903456568718 -0.155481994152069092 0.230381995439529419 100
0.00761198997497558594 -0.155592992901802063 0.231388002634048462 100
0.00651605986058712006 -0.155476003885269165 0.230391994118690491 100
0.0054853600449860096 -0.155472993850708008 0.230397999286651611 100
0.0044931899756193161 -0.155585005879402161 0.231404006481170654 100
0.0033948100171983242 -0.15535399317741394 0.229407995939254761 100
0.00241458998061716557 -0.155579999089241028 0.231414005160331726 100
0.00142240000423043966 -0.156035006046295166 0.235422000288963318 100
-0.200716003775596619 -0.17696399986743927 0.414582997560501099 100
-0.200865000486373901 -0.176521003246307373 0.410580992698669434 100
-0.201635003089904785 -0.176194995641708374 0.407582998275756836 100
-0.201653003692626953 -0.175751999020576477 0.403580993413925171 100
-0.201600998640060425 -0.175310000777244568 0.399578005075454712 100
-0.202917993068695068 -0.175099998712539673 0.397583991289138794 100
-0.203473001718521118 -0.174774006009101868 0.394585013389587402 100
-0.203977003693580627 -0.174447998404502869 0.391584992408752441 100
-0.204429000616073608 -0.174122005701065063 0.38858601450920105 100
-0.204830005764961243 -0.173794999718666077 0.385585993528366089 100
-0.205179005861282349 -0.173469007015228271 0.382586002349853516 100
-0.204697996377944946 -0.173025995492935181 0.378580987453460693 100
-0.204934000968933105 -0.172699004411697388 0.375580012798309326 100
-0.205917000770568848 -0.17249000072479248 0.373584002256393433 100
-0.206058993935585022 -0.172163993120193481 0.370582997798919678 100
-0.20614999532699585 -0.171838000416755676 0.367581009864807129 100
-0.206187993288040161 -0.171510994434356689 0.364580005407333374 100
-0.206174999475479126 -0.171185001730918884 0.361577987670898438 100
-0.206109002232551575 -0.170857995748519897 0.358575999736785889 100
-0.206848993897438049 -0.170649006962776184 0.35657799243927002 100
-0.206689000129699707 -0.170322999358177185 0.353576004505157471 100
-0.206477001309394836 -0.169995993375778198 0.35057300329208374 100
-0.207101002335548401 -0.169787004590034485 0.348574995994567871 100
-0.207692995667457581 -0.169578999280929565 0.346576005220413208 100
-0.208252996206283569 -0.169370993971824646 0.344577997922897339 100
-0.207862004637718201 -0.169044002890586853 0.341574013233184814 100
-0.208348006010055542 -0.168835997581481934 0.339576005935668945 100
-0.208801999688148499 -0.168628007173538208 0.337576985359191895 100
-0.208272993564605713 -0.168301001191139221 0.334571987390518188 100
-0.209615007042884827 -0.168212994933128357 0.333577990531921387 100
-0.209002003073692322 -0.167886003851890564 0.330572992563247681 100
-0.209318995475769043 -0.167678996920585632 0.328574001789093018 100
-0.209604993462562561 -0.167472004890441895 0.326573997735977173 100
-0.2098580002784729 -0.167264997959136963 0.324573993682861328 100
-0.211096003651618958 -0.16717800498008728 0.323579996824264526 100
-0.21027199923992157 -0.166851997375488281 0.320573985576629639 100
-0.210431993007659912 -0.166645005345344543 0.318574011325836182 100
-0.210562005639076233 -0.1664389967918396 0.316572993993759155 100
-0.210659995675086975 -0.16623300313949585 0.314572006464004517 100
-0.210727006196975708 -0.166027992963790894 0.312572002410888672 100
-0.210764005780220032 -0.165821999311447144 0.310571014881134033 100
-0.210770994424819946 -0.165617004036903381 0.308569014072418213 100
-0.210747003555297852 -0.165413007140159607 0.306567996740341187 100
-0.210693001747131348 -0.165207996964454651 0.304567009210586548 100
-0.211735993623733521 -0.165125995874404907 0.303571999073028564 100
-0.211634993553161621 -0.164921998977661133 0.301569998264312744 100
-0.211504995822906494 -0.164719000458717346 0.299567997455596924 100
-0.212506994605064392 -0.164638996124267578 0.29857298731803894 100
0.0105483997613191605 -0.156397998332977295 0.229377001523971558 100
0.00952562969177961349 -0.156395003199577332 0.229381993412971497 100
0.00850309990346431732 -0.156390994787216187 0.229387000203132629 100
0.00748080015182495117 -0.156387999653816223 0.229392006993293762 100
0.00645868014544248581 -0.15638500452041626 0.229397997260093689 100
0.00543673010542988777 -0.15638299286365509 0.229403004050254822 100
0.00445328978821635246 -0.156503006815910339 0.230408996343612671 100
0.00336369010619819164 -0.156253993511199951 0.228413000702857971 100
0.00237157009541988373 -0.156375005841255188 0.22941899299621582 100
0.00138520996551960707 -0.156742006540298462 0.232426002621650696 100
-0.199538007378578186 -0.17896600067615509 0.408587992191314697 100
-0.199597999453544617 -0.178488001227378845 0.404585003852844238 100
-0.201688006520271301 -0.178387999534606934 0.403595000505447388 100
-0.202345997095108032 -0.178036004304885864 0.40059700608253479 100
-0.202233001589775085 -0.177559003233909607 0.396593004465103149 100
-0.204237997531890869 -0.177459001541137695 0.395603001117706299 100
-0.204012006521224976 -0.17698100209236145 0.391598999500274658 100
-0.204465001821517944 -0.176630005240440369 0.388599991798400879 100
-0.204866006970405579 -0.176277995109558105 0.385600000619888306 100
-0.204447001218795776 -0.17579999566078186 0.381594985723495483 100
-0.20473499596118927 -0.175448000431060791 0.378594011068344116 100
-0.204971000552177429 -0.175097003579139709 0.375593006610870361 100
-0.20515500009059906 -0.174744993448257446 0.372592002153396606 100
-0.20528799295425415 -0.174392998218536377 0.369590997695922852 100
-0.205367997288703918 -0.174041002988815308 0.366589009761810303 100
-0.206224992871284485 -0.17381499707698822 0.364592999219894409 100
-0.20621199905872345 -0.173463001847267151 0.36159101128578186 100
-0.206146001815795898 -0.173111006617546082 0.35858801007270813 100
-0.206028997898101807 -0.172758996486663818 0.355585992336273193 100
-0.206726998090744019 -0.172534003853797913 0.353588014841079712 100
-0.207394003868103027 -0.172308996319770813 0.351590007543563843 100
-0.207139000296592712 -0.171957001090049744 0.348587006330490112 100
-0.207732006907463074 -0.171731993556022644 0.346587985754013062 100
-0.208292007446289062 -0.171507999300956726 0.34459000825881958 100
-0.2079010009765625 -0.171156004071235657 0.341585993766784668 100
-0.208388000726699829 -0.170930996537208557 0.339587002992630005 100
-0.208841994404792786 -0.170707002282142639 0.337588012218475342 100
-0.209264993667602539 -0.170482993125915527 0.335588991641998291 100
-0.208694994449615479 -0.170130997896194458 0.332583993673324585 100
-0.210015997290611267 -0.170036002993583679 0.331589996814727783 100
-0.2093610018491745 -0.169683992862701416 0.328584998846054077 100
-0.209646999835968018 -0.169459998607635498 0.326584994792938232 100
-0.209901005029678345 -0.169237002730369568 0.324584990739822388 100
-0.211138993501663208 -0.169144004583358765 0.323590993881225586 100
-0.210316002368927002 -0.168791994452476501 0.320585012435913086 100
-0.210476994514465332 -0.168568998575210571 0.31858399510383606 100
-0.210605993866920471 -0.168347001075744629 0.316583991050720215 100
-0.210704997181892395 -0.168125003576278687 0.314583003520965576 100
-0.210773006081581116 -0.167903006076812744 0.31258198618888855 100
-0.210811004042625427 -0.16768200695514679 0.310580998659133911 100
-0.210817992687225342 -0.167460992932319641 0.308580011129379272 100
-0.210795000195503235 -0.167239993810653687 0.306578010320663452 100
-0.210741996765136719 -0.167018994688987732 0.304576992988586426 100
-0.211786001920700073 -0.166931003332138062 0.30358201265335083 100
-0.211685001850128174 -0.166711002588272095 0.30158001184463501 100
-0.212705999612808228 -0.166623994708061218 0.300585001707077026 100
-0.21255899965763092 -0.166406005620956421 0.298583000898361206 100
0.0105477999895811081 -0.157422006130218506 0.229381993412971497 100
0.0094420798122882843 -0.157286003232002258 0.228386998176574707 100
0.00842831004410982132 -0.157282993197441101 0.22839200496673584 100
0.00741474982351064682 -0.157279998064041138 0.228397995233535767 100
0.00634521991014480591 -0.157144993543624878 0.227402001619338989 100
0.00538817001506686211 -0.157273992896080017 0.228407993912696838 100
0.00437508989125490189 -0.157271996140480042 0.228413000702857971 100
0.00330313993617892265 -0.157004997134208679 0.226417005062103271 100
0.00234922999516129494 -0.157267004251480103 0.228423997759819031 100
0.00137156003620475531 -0.157661005854606628 0.231431007385253906 100
-0.200324997305870056 -0.181266993284225464 0.405604004859924316 100
-0.199624001979827881 -0.180619999766349792 0.40059700608253479 100
-0.200963005423545837 -0.180378004908561707 0.398602008819580078 100
-0.20298999547958374 -0.180270001292228699 0.397612005472183228 100
-0.202815994620323181 -0.179757997393608093 0.393608003854751587 100
-0.204789996147155762 -0.179652005434036255 0.392618000507354736 100
-0.204502999782562256 -0.179139003157615662 0.388613998889923096 100
-0.20490400493144989 -0.178762003779411316 0.385614007711410522 100
-0.206022992730140686 -0.178521007299423218 0.383617997169494629 100
-0.204772993922233582 -0.177872002124786377 0.378607988357543945 100
-0.20579800009727478 -0.177631005644798279 0.376612007617950439 100
-0.205992996692657471 -0.177252992987632751 0.373609989881515503 100
-0.205327004194259644 -0.176740005612373352 0.369603991508483887 100
-0.206226006150245667 -0.176497995853424072 0.367606997489929199 100
-0.206265002489089966 -0.176120996475219727 0.36460500955581665 100
-0.206251993775367737 -0.175742998719215393 0.361602991819381714 100
-0.20703500509262085 -0.175502002239227295 0.359605997800827026 100
-0.206927001476287842 -0.175124004483222961 0.356602996587753296 100
-0.206768006086349487 -0.174747005105018616 0.353599995374679565 100
-0.207434996962547302 -0.174505993723869324 0.351601988077163696 100
-0.207179993391036987 -0.17412799596786499 0.348598986864089966 100
-0.207773000001907349 -0.173886999487876892 0.346599996089935303 100
-0.208333998918533325 -0.173646003007888794 0.344601988792419434 100
-0.208863005042076111 -0.173406004905700684 0.342602998018264771 100
-0.208430007100105286 -0.17302800714969635 0.339599013328552246 100
-0.20888499915599823 -0.172787994146347046 0.337599992752075195 100
-0.209307998418807983 -0.172546997666358948 0.335601001977920532 100
-0.209700003266334534 -0.172306999564170837 0.333600997924804688 100
-0.209087997674942017 -0.171929001808166504 0.330595999956130981 100
-0.209405004978179932 -0.171690002083778381 0.328595995903015137 100
-0.209692001342773438 -0.171450003981590271 0.326595991849899292 100
-0.209947004914283752 -0.171211004257202148 0.324595987796783447 100
-0.211184993386268616 -0.171111002564430237 0.323601990938186646 100
-0.211389005184173584 -0.170872002840042114 0.321601986885070801 100
-0.210523992776870728 -0.170494005084037781 0.318594992160797119 100
-0.210654005408287048 -0.170256003737449646 0.31659400463104248 100
-0.210752993822097778 -0.170018002390861511 0.314594000577926636 100
-0.210822001099586487 -0.169780001044273376 0.312593013048171997 100
-0.210859999060630798 -0.169541999697685242 0.310591012239456177 100
-0.210868000984191895 -0.169304996728897095 0.30858999490737915 100
-0.210846006870269775 -0.169067993760108948 0.306589007377624512 100
-0.210794001817703247 -0.168832004070281982 0.304587006568908691 100
-0.211839005351066589 -0.16873699426651001 0.303591996431350708 100
-0.212877005338668823 -0.168641999363899231 0.302596986293792725 100
-0.212760001420974731 -0.168408006429672241 0.300594985485076904 100
-0.2126149982213974 -0.16817300021648407 0.298593014478683472 100
0.342018991708755493 -0.192380994558334351 0.440872997045516968 100
0.340508013963699341 -0.192604005336761475 0.442882001399993896 100
0.339993000030517578 -0.192980006337165833 0.445886999368667603 100
0.336401998996734619 -0.192899003624916077 0.445904999971389771 100
0.333829998970031738 -0.192973002791404724 0.446918010711669922 100
0.315225988626480103 -0.192450001835823059 0.446011006832122803 100
0.312689006328582764 -0.192531004548072815 0.447025001049041748 100
0.308293998241424561 -0.192312002182006836 0.446045994758605957 100
0.306679993867874146 -0.192545995116233826 0.448056012392044067 100
0.0104555999860167503 -0.158306002616882324 0.228387996554374695 100
0.00944145023822784424 -0.158301994204521179 0.228393003344535828 100
0.00842752959579229355 -0.158298999071121216 0.228397995233535767 100
0.00734878005459904671 -0.158154994249343872 0.227402999997138977 100
0.00640028016641736031 -0.158292993903160095 0.228407993912696838 100
0.00538692018017172813 -0.158289998769760132 0.228413999080657959 100
0.00437369989231228828 -0.158287003636360168 0.228419005870819092 100
0.00333109009079635143 -0.158142998814582825 0.227422997355461121 100
0.00234753009863197803 -0.158281996846199036 0.228429004549980164 100
0.0013696600217372179 -0.158702999353408813 0.231436997652053833 100
-0.200292006134986877 -0.182827994227409363 0.397612005472183228 100
-0.200870007276535034 -0.182425007224082947 0.394612997770309448 100
-0.203585997223854065 -0.182455003261566162 0.394627004861831665 100
-0.204089999198913574 -0.18205299973487854 0.391627013683319092 100
-0.204542994499206543 -0.18164999783039093 0.388628005981445312 100
-0.205704003572463989 -0.181391999125480652 0.386631995439529419 100
-0.206063002347946167 -0.18098999559879303 0.383632004261016846 100
-0.20559200644493103 -0.180442005395889282 0.379626005887985229 100
-0.205838993191719055 -0.180039003491401672 0.376625001430511475 100
-0.206034004688262939 -0.17963699996471405 0.37362399697303772 100
-0.206176996231079102 -0.17923399806022644 0.370622009038925171 100
-0.206267997622489929 -0.178830996155738831 0.367619991302490234 100
-0.207135006785392761 -0.178572997450828552 0.365622997283935547 100
-0.207131996750831604 -0.178169995546340942 0.362621009349822998 100
-0.207076996564865112 -0.177766993641853333 0.359618008136749268 100
-0.206970006227493286 -0.177364006638526917 0.356615990400314331 100
-0.20680999755859375 -0.176960006356239319 0.353612989187240601 100
-0.207478001713752747 -0.176703006029129028 0.351613998413085938 100
-0.208112999796867371 -0.176446005702018738 0.349615991115570068 100
-0.207817003130912781 -0.176043003797531128 0.346612006425857544 100
-0.208378002047538757 -0.175786003470420837 0.344613999128341675 100
-0.208908006548881531 -0.175529003143310547 0.342615008354187012 100
-0.209406003355979919 -0.175272002816200256 0.340615987777709961 100
-0.20893000066280365 -0.174869000911712646 0.337610989809036255 100
-0.209353998303413391 -0.174612000584602356 0.335611999034881592 100
-0.209746003150939941 -0.174355998635292053 0.333613008260726929 100
-0.210106998682022095 -0.17409999668598175 0.331613004207611084 100
-0.209452003240585327 -0.173696994781494141 0.328606992959976196 100
-0.210732996463775635 -0.173589006066322327 0.327614009380340576 100
-0.210998997092247009 -0.173334002494812012 0.32561299204826355 100
-0.211234003305435181 -0.173078998923301697 0.323612987995147705 100
-0.211438000202178955 -0.172823995351791382 0.321613013744354248 100
-0.211611002683639526 -0.172569006681442261 0.319611996412277222 100
-0.211752995848655701 -0.172315001487731934 0.317611992359161377 100
-0.210804998874664307 -0.171911999583244324 0.314604014158248901 100
-0.210874006152153015 -0.171657994389533997 0.312602996826171875 100
-0.210913002490997314 -0.171404004096984863 0.310602009296417236 100
-0.210921004414558411 -0.171150997281074524 0.30860099196434021 100
-0.210899993777275085 -0.170898005366325378 0.30659899115562439 100
-0.211963996291160583 -0.170796006917953491 0.305604010820388794 100
-0.211895003914833069 -0.17054399847984314 0.303602010011672974 100
-0.212935000658035278 -0.17044299840927124 0.30260699987411499 100
-0.213969007134437561 -0.170343995094299316 0.301611989736557007 100
-0.213836997747421265 -0.170093998312950134 0.299609988927841187 100
0.0103634996339678764 -0.159171998500823975 0.227393001317977905 100
0.00935808010399341583 -0.159168004989624023 0.227397993206977844 100
0.00827896967530250549 -0.159014999866485596 0.226402997970581055 100
0.00728288991376757622 -0.159012004733085632 0.226408004760742188 100
0.006343119777739048 -0.159159004688262939 0.227412998676300049 100
0.00533848023042082787 -0.159155994653701782 0.227419003844261169 100
0.00433397991582751274 -0.159152999520301819 0.227423995733261108 100
0.00332958996295928955 -0.159151002764701843 0.227429002523422241 100
0.00232527009211480618 -0.159147992730140686 0.22743399441242218 100
0.00134438998065888882 -0.159446001052856445 0.229441002011299133 100
-0.20163099467754364 -0.185139000415802002 0.395631998777389526 100
-0.201437994837760925 -0.184558004140853882 0.391627997159957886 100
-0.204132005572319031 -0.184589996933937073 0.391642004251480103 100
-0.20533500611782074 -0.184315994381904602 0.389645993709564209 100
-0.205745995044708252 -0.18388800323009491 0.386646002531051636 100
-0.205337002873420715 -0.183305993676185608 0.382640987634658813 100
-0.206413999199867249 -0.183032006025314331 0.380645006895065308 100
-0.206670999526977539 -0.182603999972343445 0.377642989158630371 100
-0.206875994801521301 -0.182175993919372559 0.374642014503479004 100
-0.207028999924659729 -0.181747004389762878 0.371639996767044067 100
-0.207129999995231628 -0.181318998336791992 0.368638008832931519 100
-0.207178995013237 -0.180889993906021118 0.365635991096496582 100
-0.207176998257637024 -0.180462002754211426 0.362634003162384033 100
-0.207121998071670532 -0.180032998323440552 0.359631001949310303 100
-0.207874000072479248 -0.179759994149208069 0.357632994651794434 100
-0.207725003361701965 -0.179331004619598389 0.354629993438720703 100
-0.207523003220558167 -0.178902000188827515 0.351626992225646973 100
-0.208158999681472778 -0.178628996014595032 0.349629014730453491 100
-0.208763003349304199 -0.178354993462562561 0.34762999415397644 100
-0.208425000309944153 -0.177926003932952881 0.344626009464263916 100
-0.209875002503395081 -0.177809998393058777 0.343632996082305908 100
-0.209453001618385315 -0.177380993962287903 0.340627998113632202 100
-0.2099200040102005 -0.177108004689216614 0.338629007339477539 100
-0.210354000329971313 -0.176835998892784119 0.336629986763000488 100
-0.209794998168945312 -0.176405996084213257 0.333624005317687988 100
-0.210155993700027466 -0.176134005188941956 0.331625014543533325 100
-0.210485994815826416 -0.17586199939250946 0.32962501049041748 100
-0.210784003138542175 -0.175591006875038147 0.327625006437301636 100
-0.211051002144813538 -0.175319001078605652 0.325625002384185791 100
-0.211285993456840515 -0.175047993659973145 0.323624014854431152 100
-0.211490005254745483 -0.174777001142501831 0.321624010801315308 100
-0.211664006114006042 -0.174505993723869324 0.319622993469238281 100
-0.211805999279022217 -0.174235999584197998 0.317622005939483643 100
-0.211917996406555176 -0.173966005444526672 0.315620988607406616 100
-0.211998999118804932 -0.173695996403694153 0.313620001077651978 100
-0.210968002676963806 -0.173267006874084473 0.310611993074417114 100
-0.210978001356124878 -0.172997996211051941 0.308611005544662476 100
-0.21206200122833252 -0.172888994216918945 0.307615995407104492 100
-0.21202300488948822 -0.172619998455047607 0.305613994598388672 100
-0.211953997611999512 -0.172352999448776245 0.303611993789672852 100
-0.212996006011962891 -0.172245994210243225 0.302617013454437256 100
-0.214030995965003967 -0.172140002250671387 0.301622003316879272 100
-0.213899999856948853 -0.171875 0.299620002508163452 100
0.010271499864757061 -0.160021007061004639 0.226398006081581116 100
0.00927480962127447128 -0.160016998648643494 0.226402997970581055 100
0.00827834010124206543 -0.16001400351524353 0.226408004760742188 100
0.00728208990767598152 -0.160009995102882385 0.226412996649742126 100
0.00628601992502808571 -0.160006999969482422 0.226418003439903259 100
0.00524287018924951553 -0.159845992922782898 0.225422993302345276 100
0.00429432978853583336 -0.160001993179321289 0.226429000496864319 100
0.00329865003004670143 -0.159998998045921326 0.226434007287025452 100
0.00230305991135537624 -0.15999700129032135 0.226438999176025391 100
0.00136588001623749733 -0.160788998007774353 0.231447994709014893 100
-0.202941998839378357 -0.187419995665550232 0.393651008605957031 100
-0.205656006932258606 -0.18745499849319458 0.39366498589515686 100
-0.206879004836082458 -0.187163993716239929 0.391669988632202148 100
-0.206550002098083496 -0.186547994613647461 0.387665003538131714 100
-0.206919997930526733 -0.186094999313354492 0.384663999080657959 100
-0.207239001989364624 -0.185641005635261536 0.381662994623184204 100
-0.206716999411582947 -0.185023993253707886 0.377656996250152588 100
-0.20772099494934082 -0.184734001755714417 0.3756600022315979 100
-0.20788399875164032 -0.184281006455421448 0.372658997774124146 100
-0.207994997501373291 -0.183826997876167297 0.369657009840011597 100
-0.208055004477500916 -0.183373004198074341 0.366654008626937866 100
-0.20806199312210083 -0.18291899561882019 0.36365199089050293 100
-0.208018004894256592 -0.182465001940727234 0.360648989677429199 100
-0.207920998334884644 -0.182010993361473083 0.357645988464355469 100
-0.207772001624107361 -0.181556999683380127 0.354642987251281738 100
-0.20757099986076355 -0.181101992726325989 0.351639002561569214 100
-0.209096997976303101 -0.180977001786231995 0.350645989179611206 100
-0.20881199836730957 -0.180522993206977844 0.347642004489898682 100
-0.209383994340896606 -0.180234000086784363 0.345643013715744019 100
-0.209924995899200439 -0.179945006966590881 0.343645006418228149 100
-0.210434004664421082 -0.179655998945236206 0.341645985841751099 100
-0.210912004113197327 -0.179367005825042725 0.339646011590957642 100
-0.210405007004737854 -0.178912997245788574 0.336641013622283936 100
-0.210809007287025452 -0.178624004125595093 0.334641993045806885 100
-0.211180999875068665 -0.178335994482040405 0.33264198899269104 100
-0.210537999868392944 -0.177881002426147461 0.32963600754737854 100
-0.210837006568908691 -0.177592992782592773 0.327636003494262695 100
-0.212109997868537903 -0.177472993731498718 0.326642006635665894 100
-0.211340993642807007 -0.177018001675605774 0.323635011911392212 100
-0.212573006749153137 -0.176899001002311707 0.322640985250473022 100
-0.212758004665374756 -0.176612004637718201 0.320639997720718384 100
-0.211862996220588684 -0.17615799605846405 0.317633002996444702 100
-0.211976006627082825 -0.175871998071670532 0.315631985664367676 100
-0.212057992815971375 -0.175586000084877014 0.313630998134613037 100
-0.212108999490737915 -0.175300002098083496 0.311630010604858398 100
-0.212130993604660034 -0.175015002489089966 0.309628009796142578 100
-0.212123006582260132 -0.174731001257896423 0.307626008987426758 100
-0.212083995342254639 -0.174446001648902893 0.305624991655349731 100
-0.2120169997215271 -0.174162998795509338 0.303622990846633911 100
-0.2141990065574646 -0.174219995737075806 0.303633987903594971 100
-0.214096993207931519 -0.173938006162643433 0.30163198709487915 100
-0.215129002928733826 -0.173827007412910461 0.300637006759643555 100
0.0101795997470617294 -0.160852000117301941 0.225402995944023132 100
0.00927442964166402817 -0.161017000675201416 0.226409003138542175 100
0.00827778037637472153 -0.161013007164001465 0.226413995027542114 100
0.00721633993089199066 -0.160842001438140869 0.225418001413345337 100
0.00628511002287268639 -0.161007001996040344 0.226423993706703186 100
0.00528902001678943634 -0.161004006862640381 0.226429000496864319 100
0.00433140015229582787 -0.161169007420539856 0.227434992790222168 100
0.00326776993460953236 -0.160830006003379822 0.22543799877166748 100
0.00230144010856747627 -0.160996004939079285 0.226444005966186523 100
0.00136401003692299128 -0.161833003163337708 0.231453999876976013 100
-0.207674995064735413 -0.189879000186920166 0.392688989639282227 100
-0.208116993308067322 -0.189400002360343933 0.389687985181808472 100
-0.208507001399993896 -0.188922002911567688 0.386687994003295898 100
-0.208845004439353943 -0.188443005084991455 0.383686989545822144 100
-0.208342999219894409 -0.187792003154754639 0.379680991172790527 100
-0.208568006753921509 -0.187313005328178406 0.376679003238677979 100
-0.209549993276596069 -0.18700699508190155 0.374682009220123291 100
-0.208863005042076111 -0.186354994773864746 0.370674997568130493 100
-0.208103999495506287 -0.185701996088027954 0.366667002439498901 100
-0.208950996398925781 -0.185396000742912292 0.364670008420944214 100
-0.208915993571281433 -0.18491700291633606 0.361667007207870483 100
-0.208829998970031738 -0.184437006711959839 0.358664005994796753 100
-0.208691999316215515 -0.183957993984222412 0.355661004781723022 100
-0.209380999207496643 -0.18365199863910675 0.353662014007568359 100
-0.209148004651069641 -0.18317200243473053 0.350659012794494629 100
-0.209763005375862122 -0.182867005467414856 0.348659992218017578 100
-0.210346996784210205 -0.182560995221138 0.346661001443862915 100
-0.210898995399475098 -0.182255998253822327 0.344662010669708252 100
-0.211419001221656799 -0.181951001286506653 0.342662990093231201 100
-0.210964992642402649 -0.181471005082130432 0.339657992124557495 100
-0.211411997675895691 -0.181167006492614746 0.337659001350402832 100
-0.21182599663734436 -0.180861994624137878 0.335658997297286987 100
-0.212209999561309814 -0.180557996034622192 0.333658993244171143 100
-0.211577996611595154 -0.180077999830245972 0.330653011798858643 100
-0.21188800036907196 -0.179774001240730286 0.328653007745742798 100
-0.212165996432304382 -0.179471001029014587 0.326653003692626953 100
-0.212413996458053589 -0.179167002439498901 0.324652999639511108 100
-0.212631002068519592 -0.178864002227783203 0.32265201210975647 100
-0.212816998362541199 -0.178562000393867493 0.320650994777679443 100
-0.212972000241279602 -0.178259000182151794 0.318650007247924805 100
-0.212035998702049255 -0.177779003977775574 0.315643012523651123 100
-0.212118998169898987 -0.177478000521659851 0.313641995191574097 100
-0.212171003222465515 -0.177175998687744141 0.311639994382858276 100
-0.212193995714187622 -0.176874995231628418 0.309639006853103638 100
-0.212187007069587708 -0.176574006676673889 0.307637006044387817 100
-0.213266000151634216 -0.176452994346618652 0.306641995906829834 100
-0.213210999965667725 -0.176154002547264099 0.304639995098114014 100
-0.214267000555992126 -0.176035001873970032 0.303644001483917236 100
-0.215317994356155396 -0.17591799795627594 0.302648991346359253 100
-0.21520000696182251 -0.175621002912521362 0.300646990537643433 100
0.0100878002122044563 -0.161667004227638245 0.224408000707626343 100
0.0091913202777504921 -0.161840006709098816 0.225412994623184204 100
0.00820339005440473557 -0.161835998296737671 0.225418999791145325 100
0.0072156800888478756 -0.161833003163337708 0.225424006581306458 100
0.00628424994647502899 -0.162006005644798279 0.226429000496864319 100
0.00528796995058655739 -0.162002995610237122 0.226434007287025452 100
0.00433016009628772736 -0.162176996469497681 0.227439999580383301 100
0.00329579995013773441 -0.161998003721237183 0.226445004343986511 100
0.00229984009638428688 -0.161996006965637207 0.22644999623298645 100
0.00132722000125795603 -0.162347003817558289 0.228457003831863403 100
-0.209974005818367004 -0.192975997924804688 0.395718008279800415 100
-0.211964994668960571 -0.192836001515388489 0.394726991653442383 100
-0.209325999021530151 -0.191606000065803528 0.387706995010375977 100
-0.210454002022743225 -0.191284000873565674 0.385711014270782471 100
-0.210760995745658875 -0.190779998898506165 0.382708996534347534 100
-0.211015999317169189 -0.190275996923446655 0.379707992076873779 100
-0.210410997271537781 -0.189590007066726685 0.375701010227203369 100
-0.210553005337715149 -0.189086005091667175 0.372698992490768433 100
-0.210642993450164795 -0.188581004738807678 0.369695991277694702 100
-0.209841996431350708 -0.187894001603126526 0.36568799614906311 100
-0.209818005561828613 -0.187389001250267029 0.36268499493598938 100
-0.21060200035572052 -0.187067002058029175 0.360688000917434692 100
-0.21048399806022644 -0.186562001705169678 0.35768398642539978 100
-0.210314005613327026 -0.186057001352310181 0.354680001735687256 100
-0.210981994867324829 -0.185736000537872314 0.352681994438171387 100
-0.211618006229400635 -0.18541400134563446 0.350683987140655518 100
-0.211311995983123779 -0.184909000992774963 0.347678989171981812 100
-0.211875006556510925 -0.184588000178337097 0.345679998397827148 100
-0.212405994534492493 -0.184266999363899231 0.343681007623672485 100
-0.212905004620552063 -0.183945998549461365 0.341681987047195435 100
-0.212421000003814697 -0.183440998196601868 0.338676989078521729 100
-0.212846994400024414 -0.183120995759963989 0.336677014827728271 100
-0.21226799488067627 -0.182614997029304504 0.333671003580093384 100
-0.212620005011558533 -0.182294994592666626 0.331670999526977539 100
-0.212942004203796387 -0.181976005434989929 0.329670995473861694 100
-0.213231995701789856 -0.181656002998352051 0.32767099142074585 100
-0.213490992784500122 -0.18133699893951416 0.325670003890991211 100
-0.213719993829727173 -0.18101799488067627 0.323668986558914185 100
-0.213917002081871033 -0.180700004100799561 0.321669012308120728 100
-0.213034003973007202 -0.180194005370140076 0.318661004304885864 100
-0.213159993290901184 -0.179875999689102173 0.316659986972808838 100
-0.213255003094673157 -0.179559007287025452 0.314658999443054199 100
-0.21332000195980072 -0.179241001605987549 0.312656998634338379 100
-0.213354006409645081 -0.178923994302749634 0.31065601110458374 100
-0.21335899829864502 -0.1786080002784729 0.30865401029586792 100
-0.213335007429122925 -0.178292006254196167 0.3066520094871521 100
-0.213281005620956421 -0.177976995706558228 0.304650008678436279 100
-0.214338004589080811 -0.177852004766464233 0.303654998540878296 100
-0.215390995144844055 -0.177727997303009033 0.302659988403320312 100
-0.216437995433807373 -0.177606001496315002 0.301663994789123535 100
0.00999605003744363785 -0.162462994456291199 0.223413005471229553 100
0.00910830032080411911 -0.162645995616912842 0.224417999386787415 100
0.00812907982617616653 -0.162642002105712891 0.224423006176948547 100
0.00708505976945161819 -0.162452995777130127 0.223427996039390564 100
0.00617123022675514221 -0.162634998559951782 0.224433004856109619 100
0.00519256014376878738 -0.162632003426551819 0.224437996745109558 100
0.00425232993438839912 -0.162815004587173462 0.225444003939628601 100
0.00326498993672430515 -0.162812992930412292 0.22544899582862854 100
0.00227773003280162811 -0.162809997797012329 0.225454002618789673 100
0.000655888987239450216 -0.186753004789352417 0.354597985744476318 100
-0.210464000701904297 -0.192001000046730042 0.375714004039764404 100
-0.210607007145881653 -0.191470995545387268 0.372711986303329468 100
-0.211527004837989807 -0.191133007407188416 0.37071499228477478 100
-0.21157500147819519 -0.19060400128364563 0.36771199107170105 100
-0.212421998381614685 -0.190265998244285583 0.365714997053146362 100
-0.211517006158828735 -0.189542993903160095 0.361705988645553589 100
-0.212279006838798523 -0.18920600414276123 0.359708011150360107 100
-0.212129995226860046 -0.188675999641418457 0.356703996658325195 100
-0.212818995118141174 -0.188337996602058411 0.354705989360809326 100
-0.212576001882553101 -0.187808007001876831 0.351702004671096802 100
-0.212281003594398499 -0.18727700412273407 0.348697006702423096 100
-0.212853997945785522 -0.186939999461174011 0.346697986125946045 100
-0.213395997881889343 -0.186602994799613953 0.344698995351791382 100
-0.213907003402709961 -0.186267003417015076 0.342700004577636719 100
-0.213432997465133667 -0.185736000537872314 0.339693993330001831 100
-0.213870003819465637 -0.185399994254112244 0.337695002555847168 100
-0.213302001357078552 -0.184869006276130676 0.33468899130821228 100
-0.213666006922721863 -0.184532999992370605 0.332688987255096436 100
-0.213003993034362793 -0.184001997113227844 0.329681992530822754 100
-0.213294997811317444 -0.183666005730628967 0.327681988477706909 100
-0.2145719975233078 -0.183526992797851562 0.326687991619110107 100
-0.213783994317054749 -0.182996004819869995 0.323680996894836426 100
-0.213982000946998596 -0.1826619952917099 0.321680009365081787 100
-0.214149996638298035 -0.182327002286911011 0.319678992033004761 100
-0.21428699791431427 -0.181994006037712097 0.317678004503250122 100
-0.214395001530647278 -0.181659996509552002 0.315676003694534302 100
-0.214470997452735901 -0.181327000260353088 0.313674986362457275 100
-0.213423997163772583 -0.180796995759010315 0.310665994882583618 100
-0.214535996317863464 -0.180663004517555237 0.309671014547348022 100
-0.214524000883102417 -0.180332005023956299 0.307669013738632202 100
-0.214482992887496948 -0.180001005530357361 0.305667012929916382 100
-0.215553998947143555 -0.179869994521141052 0.304672002792358398 100
-0.216619998216629028 -0.179740995168685913 0.303676992654800415 100
-0.216517001390457153 -0.179413005709648132 0.301674008369445801 100
0.00999610964208841324 -0.163438007235527039 0.223417997360229492 100
0.00910815969109535217 -0.163628995418548584 0.224424004554748535 100
0.00812873989343643188 -0.163625001907348633 0.224428996443748474 100
0.00714951986446976662 -0.163622006773948669 0.224434003233909607 100
0.00617048982530832291 -0.163617998361587524 0.224438995122909546 100
0.00519161997362971306 -0.163615003228187561 0.224444001913070679 100
0.0042128697969019413 -0.163611993193626404 0.224448993802070618 100
0.00323422998189926147 -0.163609996438026428 0.22445400059223175 100
0.00225567002780735493 -0.163607001304626465 0.224459007382392883 100
0.000676096009556204081 -0.19064900279045105 0.363618999719619751 100
-0.00154504005331546068 -0.190838992595672607 0.364632010459899902 100
-0.211632996797561646 -0.192948997020721436 0.367725014686584473 100
-0.212478995323181152 -0.192596003413200378 0.365727990865707397 100
-0.214155003428459167 -0.192443996667861938 0.364735990762710571 100
-0.214077994227409363 -0.191888004541397095 0.361732006072998047 100
-0.213949993252754211 -0.191332995891571045 0.358727991580963135 100
-0.213769003748893738 -0.190777003765106201 0.35572400689125061 100
-0.21353699266910553 -0.190221995115280151 0.352719992399215698 100
-0.214163005352020264 -0.189869001507759094 0.350721001625061035 100
-0.213836997747421265 -0.189312994480133057 0.347716003656387329 100
-0.214389994740486145 -0.188960000872612 0.345717012882232666 100
-0.214910998940467834 -0.188607007265090942 0.343717992305755615 100
-0.215402007102966309 -0.188254997134208679 0.341717988252639771 100
-0.214897006750106812 -0.187699005007743835 0.338712990283966064 100
-0.215314000844955444 -0.187346994876861572 0.33671298623085022 100
-0.214716002345085144 -0.186791002750396729 0.33370700478553772 100
-0.215059995651245117 -0.186440005898475647 0.331705987453460693 100
-0.215372994542121887 -0.186088994145393372 0.329706013202667236 100
-0.215655997395515442 -0.18573799729347229 0.32770499587059021 100
-0.215908005833625793 -0.185387000441551208 0.325704991817474365 100
-0.216129004955291748 -0.185037001967430115 0.323704004287719727 100
-0.215268999338150024 -0.184481993317604065 0.320695996284484863 100
-0.215418994426727295 -0.184131994843482971 0.318695008754730225 100
-0.214466005563735962 -0.183576002717018127 0.315687000751495361 100
-0.215626999735832214 -0.183433994650840759 0.314691990613937378 100
-0.214591994881629944 -0.182879000902175903 0.311684012413024902 100
-0.2146109938621521 -0.182530999183654785 0.309682011604309082 100
-0.21459999680519104 -0.182183995842933655 0.307680010795593262 100
-0.214560002088546753 -0.181837007403373718 0.305678009986877441 100
-0.215633004903793335 -0.181700006127357483 0.304682999849319458 100
-0.216700002551078796 -0.181565001606941223 0.303687006235122681 100
-0.216599002480506897 -0.181220993399620056 0.30168500542640686 100
0.0100880004465579987 -0.164617002010345459 0.224424004554748535 100
0.00805457029491662979 -0.164405003190040588 0.223433002829551697 100
0.00714903976768255234 -0.164605006575584412 0.224438995122909546 100
0.00616980995982885361 -0.164601996541023254 0.224444001913070679 100
0.0051907198503613472 -0.164599001407623291 0.224448993802070618 100
0.00421176990494132042 -0.164596006274223328 0.22445400059223175 100
0.0032329200766980648 -0.16459299623966217 0.224459007382392883 100
0.00227463990449905396 -0.164794996380805969 0.225464999675750732 100
0.000660913006868213415 -0.192061007022857666 0.359627008438110352 100
-0.00151272001676261425 -0.191854000091552734 0.358637005090713501 100
-0.212941005825996399 -0.19281400740146637 0.354730993509292603 100
-0.214500993490219116 -0.192655995488166809 0.353738009929656982 100
-0.214227005839347839 -0.192074999213218689 0.350733011960983276 100
-0.213899999856948853 -0.191493004560470581 0.347728997468948364 100
-0.215387001633644104 -0.19133700430393219 0.346735000610351562 100
-0.215919002890586853 -0.190969005227088928 0.344736009836196899 100
-0.21737399697303772 -0.190814003348350525 0.343742996454238892 100
-0.216891005635261536 -0.190233007073402405 0.340736985206604004 100
-0.216355994343757629 -0.189651995897293091 0.337731003761291504 100
-0.215767994523048401 -0.189070001244544983 0.334724009037017822 100
-0.217120006680488586 -0.188916996121406555 0.333730995655059814 100
-0.216449007391929626 -0.188335999846458435 0.330724000930786133 100
-0.216744005680084229 -0.187969997525215149 0.328723013401031494 100
-0.217006996273994446 -0.187602996826171875 0.326723009347915649 100
-0.217240005731582642 -0.187237992882728577 0.324721992015838623 100
-0.216392993927001953 -0.186656996607780457 0.321714013814926147 100
-0.215492993593215942 -0.186075001955032349 0.318706005811691284 100
-0.215612992644309998 -0.18570999801158905 0.316704988479614258 100
-0.215702995657920837 -0.185346007347106934 0.314702987670898438 100
-0.21576400101184845 -0.184982001781463623 0.312700986862182617 100
-0.215794995427131653 -0.184617996215820312 0.310699999332427979 100
-0.215797007083892822 -0.184256002306938171 0.308697998523712158 100
-0.215771004557609558 -0.183893993496894836 0.306695014238357544 100
-0.216857001185417175 -0.183751001954078674 0.305700004100799561 100
-0.216784998774528503 -0.183391004800796509 0.30369800329208374 100
-0.217850998044013977 -0.183250993490219116 0.302702009677886963 100
0.0100881997495889664 -0.165601000189781189 0.224428996443748474 100
0.00805437006056308746 -0.165380999445915222 0.223438993096351624 100
0.00714862998574972153 -0.165590003132820129 0.224444001913070679 100
0.00616917014122009277 -0.165586993098258972 0.224450007081031799 100
0.00518987001851201057 -0.165582999587059021 0.224454998970031738 100
0.00421069981530308723 -0.165580004453659058 0.224460005760192871 100
0.00323162996210157871 -0.165577992796897888 0.22446499764919281 100
0.00227311998605728149 -0.165787994861602783 0.225471004843711853 100
0.00159791996702551842 -0.171522006392478943 0.252505987882614136 100
0.00059761502780020237 -0.189578995108604431 0.33761298656463623 100
-0.00148641003761440516 -0.192974001169204712 0.35364300012588501 100
-0.218889996409416199 -0.192806005477905273 0.342761009931564331 100
-0.218375995755195618 -0.192200005054473877 0.339754998683929443 100
-0.217810004949569702 -0.19159400463104248 0.336748987436294556 100
-0.219184994697570801 -0.191434994339942932 0.335754990577697754 100
-0.219542995095252991 -0.191053003072738647 0.333754986524581909 100
-0.218852996826171875 -0.190447002649307251 0.330747991800308228 100
-0.218110993504524231 -0.189840003848075867 0.327740997076034546 100
-0.219394996762275696 -0.189684003591537476 0.326745986938476562 100
-0.218571007251739502 -0.189078003168106079 0.323738992214202881 100
-0.21769300103187561 -0.188472002744674683 0.320731014013290405 100
-0.217837005853652954 -0.18809199333190918 0.318729013204574585 100
-0.217950999736785889 -0.187711998820304871 0.316727995872497559 100
-0.216940000653266907 -0.187105998396873474 0.313719004392623901 100
-0.216984003782272339 -0.186727002263069153 0.311717003583908081 100
-0.21699899435043335 -0.186349004507064819 0.309715002775192261 100
-0.216986000537872314 -0.185972005128860474 0.30771300196647644 100
-0.218085005879402161 -0.185824006795883179 0.306717991828918457 100
-0.218026995658874512 -0.185448005795478821 0.304715007543563843 100
-0.219107002019882202 -0.185303002595901489 0.303719997406005859 100
0.0100884996354579926 -0.166586995124816895 0.224435001611709595 100
0.00910820998251438141 -0.166583001613616943 0.224439993500709534 100
0.00812812987715005875 -0.166578993201255798 0.224445000290870667 100
0.00714827002957463264 -0.166574999690055847 0.224450007081031799 100
0.00616858014836907387 -0.166572004556655884 0.224454998970031738 100
0.00518905976787209511 -0.166567996144294739 0.224460005760192871 100
0.00420965999364852905 -0.166565001010894775 0.22446499764919281 100
0.00323036010377109051 -0.1665630042552948 0.224470004439353943 100
0.00227161007933318615 -0.166782006621360779 0.225475996732711792 100
0.00159575999714434147 -0.172757998108863831 0.252512991428375244 100
-0.220966994762420654 -0.19296400249004364 0.332773000001907349 100
-0.220247000455856323 -0.192332997918128967 0.329764991998672485 100
-0.220514997839927673 -0.191936001181602478 0.327764004468917847 100
-0.218650996685028076 -0.191070005297660828 0.32374998927116394 100
-0.218836992979049683 -0.190674006938934326 0.321749001741409302 100
-0.218992993235588074 -0.190277993679046631 0.319747000932693481 100
-0.219119995832443237 -0.189882993698120117 0.317746013402938843 100
-0.219217002391815186 -0.189487993717193604 0.315744012594223022 100
-0.218178004026412964 -0.188858002424240112 0.312734991312026978 100
-0.219325006008148193 -0.188701003789901733 0.311740010976791382 100
-0.219336003065109253 -0.188308998942375183 0.309738010168075562 100
-0.220460996031761169 -0.188155993819236755 0.308743000030517578 100
-0.220428004860877991 -0.187766000628471375 0.306740999221801758 100
-0.221533998847007751 -0.187615007162094116 0.30574500560760498 100
0.0102724004536867142 -0.168034002184867859 0.226441994309425354 100
0.00919118989259004593 -0.167798995971679688 0.225446000695228577 100
0.00820195954293012619 -0.167795002460479736 0.225450992584228516 100
0.00727793993428349495 -0.168022006750106812 0.226456999778747559 100
0.0062241298146545887 -0.167787998914718628 0.225461006164550781 100
0.00523544987663626671 -0.167785003781318665 0.22546599805355072 100
0.00424691010266542435 -0.16778099536895752 0.225471004843711853 100
0.00325847999192774296 -0.167778998613357544 0.22547699511051178 100
0.00229056994430720806 -0.168007001280784607 0.226483002305030823 100
0.00163980002980679274 -0.174915999174118042 0.256525009870529175 100
0.000573867000639438629 -0.192191004753112793 0.331627011299133301 100
-0.219983994960784912 -0.192897006869316101 0.322766989469528198 100
-0.221227005124092102 -0.192730993032455444 0.321772009134292603 100
-0.220292001962661743 -0.192074999213218689 0.318764001131057739 100
-0.220402002334594727 -0.191664993762969971 0.316762000322341919 100
-0.219374999403953552 -0.191008999943733215 0.313753008842468262 100
-0.220535993576049805 -0.190847992897033691 0.312757998704910278 100
-0.220559999346733093 -0.190439999103546143 0.310755997896194458 100
-0.221698999404907227 -0.190281003713607788 0.309760987758636475 100
-0.222835004329681396 -0.190124005079269409 0.308766007423400879 100
-0.222800001502037048 -0.189721003174781799 0.306762993335723877 100
0.0126807000488042831 -0.172398999333381653 0.240454003214836121 100
0.0103646004572510719 -0.169277995824813843 0.227448001503944397 100
0.00927424989640712738 -0.169034004211425781 0.226451992988586426 100
0.00842364970594644547 -0.169508993625640869 0.228459998965263367 100
0.00734267011284828186 -0.169266000390052795 0.227464005351066589 100
0.00627969997003674507 -0.169023007154464722 0.226467996835708618 100
0.00528188003227114677 -0.169018998742103577 0.226473003625869751 100
0.00424592988565564156 -0.168777003884315491 0.22547699511051178 100
0.00325724994763731956 -0.168773993849754333 0.225482001900672913 100
0.00230952003039419651 -0.169249996542930603 0.22748999297618866 100
0.00164914003107696772 -0.176429003477096558 0.257533013820648193 100
-0.22294299304485321 -0.192429006099700928 0.310779005289077759 100
-0.224093005061149597 -0.192267000675201416 0.309783995151519775 100
-0.224071994423866272 -0.191847994923591614 0.307781994342803955 100
0.0128830000758171082 -0.174026995897293091 0.242461994290351868 100
0.0104569001123309135 -0.170541003346443176 0.228455007076263428 100
0.00927458982914686203 -0.17003999650478363 0.226457998156547546 100
0.00834983959794044495 -0.170284003019332886 0.227464005351066589 100
0.00734248990193009377 -0.170279994606971741 0.227468997240066528 100
0.00622319988906383514 -0.169779002666473389 0.225472003221511841 100
0.0052811899222433567 -0.170023992657661438 0.22647799551486969 100
0.00428322982043027878 -0.170020997524261475 0.226484000682830811 100
0.00325604993849992752 -0.169770002365112305 0.225486993789672852 100
0.00232846988365054131 -0.170512005686759949 0.228496000170707703 100
0.00146266003139317036 -0.173738002777099609 0.241519004106521606 100
-0.219512000679969788 -0.192655995488166809 0.303763002157211304 100
0.0127833997830748558 -0.174919992685317993 0.241466999053955078 100
0.010732799768447876 -0.172337993979454041 0.231463000178337097 100
0.00935782026499509811 -0.171303004026412964 0.227465003728866577 100
0.00842388998717069626 -0.171556994318962097 0.228470996022224426 100
0.007407359778881073 -0.171553000807762146 0.228476002812385559 100
0.00627889018505811691 -0.171033993363380432 0.226478993892669678 100
0.00532768014818429947 -0.171287998557090759 0.227485001087188721 100
0.00428231991827487946 -0.171027004718780518 0.22648899257183075 100
0.00328420009464025497 -0.17102399468421936 0.226493999361991882 100
0.00234739994630217552 -0.171793997287750244 0.229503005743026733 100
0.0133886002004146576 -0.177662000060081482 0.24747900664806366 100
0.0105502000078558922 -0.172857001423835754 0.229467004537582397 100
0.00927552022039890289 -0.17205299437046051 0.226468995213508606 100
0.00857190974056720734 -0.173115000128746033 0.230479001998901367 100
0.00740730017423629761 -0.172576993703842163 0.228481993079185486 100
0.00627856003120541573 -0.172040998935699463 0.226484000682830811 100
0.00532707013189792633 -0.172304004430770874 0.227491006255149841 100
0.00431965989992022514 -0.172299996018409729 0.22749599814414978 100
0.00334166991524398327 -0.172563999891281128 0.228502005338668823 100
0.00242753000929951668 -0.173892006278038025 0.233514994382858276 100
0.00176889996509999037 -0.183210998773574829 0.268570005893707275 100
0.0134907001629471779 -0.179133996367454529 0.248486995697021484 100
0.0107346000149846077 -0.17444300651550293 0.231474995613098145 100
0.00935892015695571899 -0.173335999250411987 0.227476000785827637 100
0.00864611007273197174 -0.174434006214141846 0.231484994292259216 100
0.00747229019179940224 -0.173878997564315796 0.229488000273704529 100
0.00633434019982814789 -0.17332400381565094 0.227491006255149841 100
0.00532650016248226166 -0.173319995403289795 0.22749599814414978 100
0.00431881006807088852 -0.173317000269889832 0.227502003312110901 100
0.00334051996469497681 -0.173589006066322327 0.22850799560546875 100
0.00238525005988776684 -0.174411997199058533 0.231518000364303589 100
0.00208775000646710396 -0.19230400025844574 0.296618998050689697 100
0.0140963001176714897 -0.182049006223678589 0.254500001668930054 100
0.011102600023150444 -0.176635995507240295 0.235485002398490906 100
0.00944241974502801895 -0.174639001488685608 0.228481993079185486 100
0.00879430025815963745 -0.176056995987892151 0.233493998646736145 100
0.00753733981400728226 -0.175199002027511597 0.23049500584602356 100
0.00639017019420862198 -0.174625992774963379 0.228497996926307678 100
0.00537311984226107597 -0.174621999263763428 0.228503003716468811 100
0.00439441017806529999 -0.174903005361557007 0.229509994387626648 100
0.00339796999469399452 -0.175183996558189392 0.230516999959945679 100
0.00250603002496063709 -0.177172005176544189 0.237532004714012146 100
0.00170695001725107431 -0.184560999274253845 0.26357799768447876 100
0.0138966003432869911 -0.1827239990234375 0.25250399112701416 100
0.0112872999161481857 -0.178314000368118286 0.237492993474006653 100
0.00977452006191015244 -0.176841005682945251 0.232492998242378235 100
0.00879476964473724365 -0.177129000425338745 0.233500003814697266 100
0.00753747997805476189 -0.176244005560874939 0.230500996112823486 100
0.00639000022783875465 -0.175652995705604553 0.228504002094268799 100
0.00541976979002356529 -0.175943002104759216 0.229509994387626648 100
0.00439361017197370529 -0.175938993692398071 0.229515999555587769 100
0.00339685007929801941 -0.176229998469352722 0.230522006750106812 100
0.00252486998215317726 -0.178572997450828552 0.238539993762969971 100
0.00179621996358036995 -0.18825000524520874 0.271598011255264282 100
0.0151070002466440201 -0.187601998448371887 0.264524996280670166 100
0.0116555998101830482 -0.180634006857872009 0.241503998637199402 100
0.0103553002700209618 -0.18002299964427948 0.239508002996444702 100
0.00901705026626586914 -0.179111003875732422 0.236508995294570923 100
0.0076676500029861927 -0.177895992994308472 0.232510000467300415 100
0.0064459298737347126 -0.176983997225761414 0.229510992765426636 100
0.00546645000576972961 -0.177283003926277161 0.230516999959945679 100
0.00446924986317753792 -0.177581995725631714 0.231524005532264709 100
0.00342503003776073456 -0.177578002214431763 0.231529995799064636 100
0.00260474998503923416 -0.180901005864143372 0.242551997303962708 100
0.00175957998726516962 -0.188758999109268188 0.268601000308990479 100
0.0148069001734256744 -0.188022002577781677 0.261528998613357544 100
0.0122077995911240578 -0.183651000261306763 0.247518002986907959 100
0.0105219995602965355 -0.181776002049446106 0.241515994071960449 100
0.00909159984439611435 -0.180524006485939026 0.237516999244689941 100
0.00773291988298296928 -0.17927299439907074 0.233517006039619446 100
0.00650192005559802055 -0.17833399772644043 0.230517998337745667 100
0.00551316980272531509 -0.178642004728317261 0.231525003910064697 100
0.00454489002004265785 -0.179260998964309692 0.233532994985580444 100
0.0035702800378203392 -0.180191993713378906 0.236542999744415283 100
0.00268454989418387413 -0.183302000164985657 0.246564999222755432 100
0.00165458000265061855 -0.187346994876861572 0.259593009948730469 100
0.0148090999573469162 -0.189351007342338562 0.261536002159118652 100
0.0122092999517917633 -0.184854000806808472 0.247525006532669067 100
0.0106889000162482262 -0.183565005660057068 0.243524998426437378 100
0.00909233000129461288 -0.181636005640029907 0.237523004412651062 100
0.00773325981572270393 -0.180349007248878479 0.233522996306419373 100
0.00661402009427547455 -0.180023998022079468 0.232527002692222595 100
0.00555993011221289635 -0.180020004510879517 0.232531994581222534 100
0.00462055020034313202 -0.180977001786231995 0.235541999340057373 100
0.0036569500807672739 -0.182255998253822327 0.23955400288105011 100
0.00274395011365413666 -0.185457006096839905 0.249577000737190247 100
0.00168660003691911697 -0.189619004726409912 0.262605011463165283 100
0.0151137001812458038 -0.191670998930931091 0.264548003673553467 100
0.0126700997352600098 -0.18770599365234375 0.252537995576858521 100
0.0108557995408773422 -0.185392007231712341 0.245535001158714294 100
0.00924099981784820557 -0.183408007025718689 0.239531993865966797 100
0.00792863965034484863 -0.182413995265960693 0.236533001065254211 100
0.00374360010027885437 -0.184375002980232239 0.242566004395484924 100
0.00166164000984281301 -0.190299004316329956 0.26060900092124939 100
0.0149146001785993576 -0.192352995276451111 0.262551993131637573 100
0.0125801004469394684 -0.188618004322052002 0.251543998718261719 100
0.0109401000663638115 -0.186918005347251892 0.246542006731033325 100
0.0125820999965071678 -0.189860999584197998 0.251549988985061646 100
0.0125842001289129257 -0.191103994846343994 0.251556992530822754 100
0.0124025996774435043 -0.191617995500564575 0.249560996890068054 100
