ply
format ascii 1.0
element vertex 3934
property float x
property float y
property float z
property float intensity
end_header
0.269089996814727783 0.0237629003822803497 0.101764000952243805 100
0.244179993867874146 0.0173371993005275726 0.0911896005272865295 100
0.243186995387077332 0.0164138004183769226 0.0907614976167678833 100
0.244186997413635254 0.0159117002040147781 0.09117879718542099 100
0.24319399893283844 0.0150071997195482254 0.0907514989376068115 100
0.243198007345199585 0.0143045997247099876 0.0907469019293785095 100
0.243202000856399536 0.0136022996157407761 0.0907426029443740845 100
0.242208003997802734 0.012734999880194664 0.0903163030743598938 100
0.243209004402160645 0.0121988002210855484 0.0907348990440368652 100
0.243211999535560608 0.0114975003525614738 0.090731501579284668 100
0.242219001054763794 0.0106581998988986015 0.0903062000870704651 100
0.242222994565963745 0.00996650010347366333 0.0903035029768943787 100
0.242226004600524902 0.00927508994936943054 0.0903009995818138123 100
0.243227005004882812 0.00869541987776756287 0.0907208025455474854 100
0.243230998516082764 0.00799550954252481461 0.0907189026474952698 100
0.243233993649482727 0.00729581015184521675 0.0907173007726669312 100
0.243238002061843872 0.00659631006419658661 0.0907159000635147095 100
0.243240997195243835 0.00589697016403079033 0.0907147973775863647 100
0.24324500560760498 0.00519780023023486137 0.0907140970230102539 100
0.243248999118804932 0.00449874997138977051 0.09071359783411026 100
0.243251994252204895 0.00379982008598744869 0.0907133966684341431 100
0.24325600266456604 0.00310098007321357727 0.0907135009765625 100
0.243258997797966003 0.00240221992135047913 0.0907139033079147339 100
0.243263006210327148 0.00170351995620876551 0.0907146036624908447 100
0.2432669997215271 0.00100485002622008324 0.0907154977321624756 100
0.243269994854927063 0.000306203000945970416 0.0907168015837669373 100
0.244271993637084961 -0.000397474010242149234 0.0911403000354766846 100
0.244275003671646118 -0.00110509002115577459 0.0911421999335289001 100
0.244278997182846069 -0.00181276001967489719 0.0911443978548049927 100
0.244282007217407227 -0.00252047996036708355 0.0911467969417572021 100
0.244286000728607178 -0.00322826998308300972 0.0911495015025138855 100
0.245287999510765076 -0.00398598983883857727 0.0915748029947280884 100
0.244293004274368286 -0.00464418018236756325 0.0911559015512466431 100
0.244296997785568237 -0.00535232014954090118 0.0911595001816749573 100
0.247295007109642029 -0.00629077013581991196 0.0924303978681564331 100
0.263114988803863525 0.0223811008036136627 0.0983308032155036926 100
0.245180994272232056 0.017548099160194397 0.0908806025981903076 100
0.243191003799438477 0.0164058003574609756 0.0900482982397079468 100
0.244191005825996399 0.0159038994461297989 0.0904565975069999695 100
0.24419499933719635 0.0151920998468995094 0.0904519036412239075 100
0.243202000856399536 0.0142973996698856354 0.09003409743309021 100
0.243205994367599487 0.0135954003781080246 0.0900299996137619019 100
0.243209004402160645 0.0128937996923923492 0.0900261029601097107 100
0.243212997913360596 0.0121924998238682747 0.0900224968791007996 100
0.243215993046760559 0.0114914998412132263 0.0900192037224769592 100
0.243220001459121704 0.0107909003272652626 0.0900162011384963989 100
0.243223994970321655 0.0100905001163482666 0.0900134965777397156 100
0.244223996996879578 0.00951081980019807816 0.0904240980744361877 100
0.244228005409240723 0.00880200043320655823 0.0904219001531600952 100
0.244231998920440674 0.00809341017156839371 0.0904200002551078796 100
0.244234994053840637 0.00738502992317080498 0.090418398380279541 100
0.244239002466201782 0.00667684990912675858 0.0904171019792556763 100
0.244242995977401733 0.0059688398614525795 0.0904161036014556885 100
0.243248999118804932 0.00519439997151494026 0.090002499520778656 100
0.243252992630004883 0.00449563981965184212 0.0900020971894264221 100
0.244253993034362793 0.00384568003937602043 0.0904147028923034668 100
0.24425700306892395 0.00313817011192440987 0.0904148966073989868 100
0.244260996580123901 0.00243074004538357258 0.0904152989387512207 100
0.244265004992485046 0.00172337004914879799 0.0904159992933273315 100
0.24426800012588501 0.00101603998336941004 0.0904169976711273193 100
0.244271993637084961 0.000308724003843963146 0.0904181972146034241 100
0.244275003671646118 -0.000398589996621012688 0.0904197990894317627 100
0.244278997182846069 -0.00110591994598507881 0.0904216989874839783 100
0.244283005595207214 -0.0018132899422198534 0.0904238000512123108 100
0.244286000728607178 -0.00252072000876069069 0.0904261991381645203 100
0.245287999510765076 -0.0032690900843590498 0.0908418968319892883 100
0.245291993021965027 -0.00398564990609884262 0.0908450037240982056 100
0.244296997785568237 -0.00464355014264583588 0.0904351994395256042 100
0.244301006197929382 -0.00535140000283718109 0.0904387980699539185 100
0.24929499626159668 -0.00644291983917355537 0.0925085991621017456 100
0.254150986671447754 0.0203160997480154037 0.0937953963875770569 100
0.246180996298789978 0.0177590008825063705 0.0905542001128196716 100
0.244192004203796387 0.0166081003844738007 0.0897402986884117126 100
0.246188998222351074 0.0162985995411872864 0.090543799102306366 100
0.24519599974155426 0.0153769003227353096 0.0901348963379859924 100
0.244203001260757446 0.0144736003130674362 0.0897262990474700928 100
0.24420599639415741 0.013762899674475193 0.0897222980856895447 100
0.243212997913360596 0.0128872999921441078 0.0893144980072975159 100
0.244213998317718506 0.0123426001518964767 0.0897149965167045593 100
0.244216993451118469 0.0116328997537493706 0.089711800217628479 100
0.244221001863479614 0.0109235998243093491 0.0897087976336479187 100
0.244224995374679565 0.0102145001292228699 0.0897061973810195923 100
0.244228005409240723 0.0095057198777794838 0.0897037982940673828 100
0.244231998920440674 0.00879719015210866928 0.0897016972303390503 100
0.244236007332801819 0.00808888021856546402 0.0896999016404151917 100
0.244239002466201782 0.00738079007714986801 0.089698396623134613 100
0.244242995977401733 0.00667290017008781433 0.0896971970796585083 100
0.244247004389762878 0.00596516998484730721 0.0896961987018585205 100
0.244249999523162842 0.00525759998708963394 0.0896954983472824097 100
0.245250999927520752 0.00460777012631297112 0.0900989025831222534 100
0.244258001446723938 0.00384284998290240765 0.0896949991583824158 100
0.245259001851081848 0.003175320103764534 0.0900989025831222534 100
0.245262995362281799 0.00245922990143299103 0.0900994017720222473 100
0.245266005396842957 0.00174318999052047729 0.0901001021265983582 100
0.245269998908042908 0.0010271900100633502 0.0901011005043983459 100
0.245274007320404053 0.000311209994833916426 0.0901023969054222107 100
0.245277002453804016 -0.000404769991291686893 0.0901039987802505493 100
0.245280995965003967 -0.00112077000085264444 0.0901058018207550049 100
0.244286999106407166 -0.00181385001633316278 0.0897040963172912598 100
0.245287999510765076 -0.00255291000939905643 0.0901103988289833069 100
0.245291993021965027 -0.00326908007264137268 0.0901131033897399902 100
0.245296001434326172 -0.0039853597991168499 0.0901160985231399536 100
0.245298996567726135 -0.00470174010843038559 0.0901193991303443909 100
0.24530300498008728 -0.00541826989501714706 0.0901229009032249451 100
0.250297993421554565 -0.00651839002966880798 0.0921472012996673584 100
0.258141994476318359 0.0212193001061677933 0.0945644974708557129 100
0.244192004203796387 0.0173124000430107117 0.0890247002243995667 100
0.244195997714996338 0.0166002996265888214 0.0890197008848190308 100
0.246193006634712219 0.0162908993661403656 0.0898050963878631592 100
0.244203001260757446 0.0151773998513817787 0.0890104025602340698 100
0.244206994771957397 0.0144665995612740517 0.0890062004327774048 100
0.244210004806518555 0.0137561997398734093 0.0890022963285446167 100
0.244213998317718506 0.0130460998043417931 0.0889986008405685425 100
0.244218006730079651 0.0123364003375172615 0.0889952033758163452 100
0.244221001863479614 0.01162710040807724 0.088992096483707428 100
0.244224995374679565 0.0109179997816681862 0.0889893025159835815 100
0.24422900378704071 0.0102091999724507332 0.0889867022633552551 100
0.245230004191398621 0.00962097011506557465 0.0893791988492012024 100
0.245232999324798584 0.0089037502184510231 0.0893772020936012268 100
0.245236992835998535 0.00818676035851240158 0.0893753990530967712 100
0.244242995977401733 0.00737662008032202721 0.0889792963862419128 100
0.244247004389762878 0.00666899979114532471 0.0889780968427658081 100
0.24425099790096283 0.00596156017854809761 0.0889772027730941772 100
0.244253993034362793 0.0052542700432240963 0.0889765992760658264 100
0.245254993438720703 0.00460467021912336349 0.0893708989024162292 100
0.245259001851081848 0.00388867990113794804 0.0893708020448684692 100
0.245262995362281799 0.00317277992144227028 0.0893710032105445862 100
0.246263995766639709 0.00248767994344234467 0.0897661000490188599 100
0.245269998908042908 0.00174120999872684479 0.0893722027540206909 100
0.246271997690200806 0.0010382999898865819 0.0897679030895233154 100
0.245278000831604004 0.000309786002617329359 0.0893744975328445435 100
0.245280995965003967 -0.000405912986025214195 0.0893760994076728821 100
0.245285004377365112 -0.00112162996083498001 0.0893779024481773376 100
0.244290992617607117 -0.00181442999746650457 0.0889853015542030334 100
0.244294002652168274 -0.00252129998989403248 0.0889877006411552429 100
0.245296001434326172 -0.00326910009607672691 0.0893850997090339661 100
0.24629800021648407 -0.00403490988537669182 0.0897829011082649231 100
0.24530300498008728 -0.00470121018588542938 0.0893912985920906067 100
0.245306998491287231 -0.00541744986549019814 0.0893948003649711609 100
0.258287996053695679 -0.00713060982525348663 0.0945333987474441528 100
0.25914299488067627 0.0214376002550125122 0.0941030010581016541 100
0.248182997107505798 0.0181805994361639023 0.0898493975400924683 100
0.24519599974155426 0.0168027002364397049 0.0886859968304634094 100
0.24619700014591217 0.0162832997739315033 0.0890673026442527771 100
0.247198000550270081 0.0157463997602462769 0.0894488021731376648 100
0.245207995176315308 0.0146428002044558525 0.0886728018522262573 100
0.244213998317718506 0.013749600388109684 0.0882830992341041565 100
0.244218006730079651 0.0130398999899625778 0.0882795974612236023 100
0.245219007134437561 0.0124864997342228889 0.0886621028184890747 100
0.245222002267837524 0.0117683997377753258 0.0886590033769607544 100
0.245225995779037476 0.0110507002100348473 0.088656298816204071 100
0.245230004191398621 0.0103331999853253365 0.0886538028717041016 100
0.245233997702598572 0.00961599033325910568 0.0886515974998474121 100
0.245236992835998535 0.00889904983341693878 0.0886496007442474365 100
0.24524100124835968 0.00818234030157327652 0.0886479988694190979 100
0.244247004389762878 0.00737251993268728256 0.0882610008120536804 100
0.245248004794120789 0.00674954010173678398 0.0886455029249191284 100
0.24525199830532074 0.00603340985253453255 0.0886446014046669006 100
0.245256006717681885 0.00531743979081511497 0.0886439979076385498 100
0.245259001851081848 0.00460160989314317703 0.0886436998844146729 100
0.246261000633239746 0.00393446022644639015 0.0890292003750801086 100
0.246264994144439697 0.00320990011096000671 0.0890294015407562256 100
0.246268004179000854 0.00248541007749736309 0.0890299007296562195 100
0.246271997690200806 0.00176097999792546034 0.0890306979417800903 100
0.246276006102561951 0.00103658996522426605 0.0890316963195800781 100
0.246279001235961914 0.00031222199322655797 0.0890330001711845398 100
0.246282994747161865 -0.000412147986935451627 0.0890346020460128784 100
0.24628700315952301 -0.00113653996959328651 0.089036501944065094 100
0.245293006300926208 -0.00183800002560019493 0.0886529982089996338 100
0.245296001434326172 -0.00255354004912078381 0.0886553004384040833 100
0.245299994945526123 -0.00326915993355214596 0.0886579975485801697 100
0.245304003357887268 -0.00398488016799092293 0.08866090327501297 100
0.245306998491287231 -0.00470071984454989433 0.0886640995740890503 100
0.245311006903648376 -0.0054166899062693119 0.0886674970388412476 100
0.278259009122848511 -0.00866261031478643417 0.101406000554561615 100
0.255160987377166748 0.020516199991106987 0.0917387977242469788 100
0.247189998626708984 0.0179535001516342163 0.0887167975306510925 100
0.245199993252754211 0.0167951006442308426 0.0879580006003379822 100
0.247198000550270081 0.0164768006652593613 0.0887072980403900146 100
0.246205002069473267 0.0155472001060843468 0.0883260965347290039 100
0.245212003588676453 0.0146359996870160103 0.087945200502872467 100
0.245214998722076416 0.0139172002673149109 0.0879414975643157959 100
0.245219007134437561 0.0131986998021602631 0.0879380032420158386 100
0.245223000645637512 0.012480500154197216 0.0879348963499069214 100
0.246224001049995422 0.01190979965031147 0.0883086025714874268 100
0.246226996183395386 0.0111833000555634499 0.0883058980107307434 100
0.246231004595756531 0.0104571003466844559 0.0883034989237785339 100
0.246234998106956482 0.00973123963922262192 0.0883013978600502014 100
0.24524100124835968 0.00889442954212427139 0.087922900915145874 100
0.24624200165271759 0.00828021019697189331 0.0882979035377502441 100
0.245249003171920776 0.00746176019310951233 0.0879200026392936707 100
0.24525199830532074 0.00674571981653571129 0.0879189968109130859 100
0.245256006717681885 0.00602986011654138565 0.0879181995987892151 100
0.245260000228881836 0.00531416013836860657 0.0879176035523414612 100
0.245262995362281799 0.00459859007969498634 0.0879174023866653442 100
0.246264994144439697 0.00393168022856116295 0.0882937982678413391 100
0.246269002556800842 0.00320737995207309723 0.0882940962910652161 100
0.246271997690200806 0.00248316000215709209 0.0882946029305458069 100
0.247273996472358704 0.00178071996197104454 0.0886719003319740295 100
0.247278004884719849 0.00104766001459211111 0.0886728987097740173 100
0.246283993124961853 0.000310783012537285686 0.0882977023720741272 100
0.24628700315952301 -0.000413319008657708764 0.0882992967963218689 100
0.246290996670722961 -0.00113743997644633055 0.0883011966943740845 100
0.24529699981212616 -0.00183862005360424519 0.0879267007112503052 100
0.245299994945526123 -0.00255390000529587269 0.0879290997982025146 100
0.245304003357887268 -0.00326925003901124001 0.0879317000508308411 100
0.246306002140045166 -0.00403450988233089447 0.0883112028241157532 100
0.245311006903648376 -0.00470027001574635506 0.0879376977682113647 100
0.245315000414848328 -0.0054159797728061676 0.0879411026835441589 100
0.268281012773513794 -0.00789474975317716599 0.0966114029288291931 100
0.259153008460998535 0.0214186999946832657 0.0923923030495643616 100
0.248190999031066895 0.0181645005941390991 0.0883392021059989929 100
0.245204001665115356 0.0167875997722148895 0.0872306972742080688 100
0.246205002069473267 0.0162685997784137726 0.0875942036509513855 100
0.247206002473831177 0.0157321002334356308 0.0879577994346618652 100
0.245215997099876404 0.014629400335252285 0.0872183963656425476 100
0.245219007134437561 0.0139108002185821533 0.0872149020433425903 100
0.245223000645637512 0.0131925996392965317 0.0872114971280097961 100
0.245226994156837463 0.0124746998772025108 0.0872085019946098328 100
0.245231002569198608 0.0117571000009775162 0.0872057005763053894 100
0.246232002973556519 0.0111779002472758293 0.0875706970691680908 100
0.246234998106956482 0.0104520004242658615 0.0875684022903442383 100
0.246239006519317627 0.00972639024257659912 0.0875663012266159058 100
0.246243000030517578 0.00900102034211158752 0.0875644981861114502 100
0.246246993541717529 0.00827587954699993134 0.0875630006194114685 100
0.246250003576278687 0.00755095994099974632 0.0875616967678070068 100
0.245256006717681885 0.00674196984618902206 0.0871933028101921082 100
0.245260000228881836 0.00602636998519301414 0.0871924981474876404 100
0.246261000633239746 0.00537730986252427101 0.0875594988465309143 100
0.246264994144439697 0.00465305987745523453 0.0875592008233070374 100
0.246269002556800842 0.00392893003299832344 0.0875592976808547974 100
0.246272996068000793 0.00320490007288753986 0.0875594988465309143 100
0.247273996472358704 0.00251156999729573727 0.087927497923374176 100
0.247278004884719849 0.00177873997017741203 0.0879283025860786438 100
0.2472819983959198 0.00104593997821211815 0.0879293978214263916 100
0.247286006808280945 0.00031316399690695107 0.0879307016730308533 100
0.247289001941680908 -0.00041961099486798048 0.0879323035478591919 100
0.246295005083084106 -0.0011383499950170517 0.0875667035579681396 100
0.246298998594284058 -0.00186225003562867641 0.0875687971711158752 100
0.246301993727684021 -0.00258619990199804306 0.0875710994005203247 100
0.246306002140045166 -0.00331024010665714741 0.0875737965106964111 100
0.246309995651245117 -0.00403437018394470215 0.0875765979290008545 100
0.246314004063606262 -0.00475862016901373863 0.0875798016786575317 100
0.246316999197006226 -0.00548300985246896744 0.087583199143409729 100
0.27727198600769043 -0.00858328957110643387 0.098986700177192688 100
0.260154008865356445 0.0216373000293970108 0.0918973013758659363 100
0.251186013221740723 0.0188129004091024399 0.0886619985103607178 100
0.246205002069473267 0.0169900991022586823 0.086863100528717041 100
0.247206002473831177 0.0164622999727725983 0.0872175991535186768 100
0.248207002878189087 0.015916900709271431 0.0875722989439964294 100
0.246216997504234314 0.0148056996986269951 0.0868510976433753967 100
0.245223000645637512 0.0139046004042029381 0.0864889994263648987 100
0.245226994156837463 0.0131866000592708588 0.0864858031272888184 100
0.245231002569198608 0.0124690001830458641 0.0864828974008560181 100
0.246232002973556519 0.0118985995650291443 0.0868386998772621155 100
0.24623599648475647 0.0111726000905036926 0.0868361964821815491 100
0.246239006519317627 0.010447000153362751 0.0868339985609054565 100
0.246243000030517578 0.00972162000834941864 0.086832001805305481 100
0.246246993541717529 0.00899649970233440399 0.0868303030729293823 100
0.246251001954078674 0.00827162992209196091 0.0868289023637771606 100
0.246253997087478638 0.00754697015509009361 0.0868277028203010559 100
0.246258005499839783 0.00682251015678048134 0.0868266969919204712 100
0.246261999011039734 0.00609822012484073639 0.0868259966373443604 100
0.246266007423400879 0.00537408981472253799 0.0868256017565727234 100
0.246269002556800842 0.00465010013431310654 0.0868254005908966064 100
0.24727100133895874 0.00397469010204076767 0.0871838033199310303 100
0.247274994850158691 0.00324197998270392418 0.0871841013431549072 100
0.248275995254516602 0.00253993994556367397 0.087543003261089325 100
0.248280003666877747 0.0017984400037676096 0.0875438973307609558 100
0.248283997178077698 0.00105695996899157763 0.0875450000166893005 100
0.248288005590438843 0.000315517012495547533 0.0875462964177131653 100
0.247292995452880859 -0.000420803989982232451 0.087189599871635437 100
0.247297003865242004 -0.0011533399811014533 0.0871914029121398926 100
0.246303007006645203 -0.00186292000580579042 0.0868349969387054443 100
0.246306002140045166 -0.00258661992847919464 0.0868374034762382507 100
0.246309995651245117 -0.00331040006130933762 0.0868399962782859802 100
0.246314004063606262 -0.00403427006676793098 0.0868427976965904236 100
0.24731600284576416 -0.00481700990349054337 0.0872045010328292847 100
0.247319996356964111 -0.00555009022355079651 0.0872078984975814819 100
0.282269001007080078 -0.00896522030234336853 0.0997651964426040649 100
0.263150006532669067 0.0223111994564533234 0.0920846983790397644 100
0.249197006225585938 0.0183677002787590027 0.0871820971369743347 100
0.246209993958473206 0.0169828999787569046 0.0861283987760543823 100
0.246213003993034363 0.0162546001374721527 0.0861243009567260742 100
0.247214004397392273 0.0157184004783630371 0.0864700973033905029 100
0.246221005916595459 0.0147991999983787537 0.0861167982220649719 100
0.24622499942779541 0.014072200283408165 0.0861134976148605347 100
0.246227994561195374 0.0133455004543066025 0.0861103981733322144 100
0.246232002973556519 0.0126190995797514915 0.086107499897480011 100
0.24623599648475647 0.0118931001052260399 0.0861048996448516846 100
0.24723699688911438 0.0113052995875477791 0.0864519029855728149 100
0.247241005301475525 0.0105710001662373543 0.0864498019218444824 100
0.247244998812675476 0.00983691029250621796 0.0864479020237922668 100
0.247247993946075439 0.00910308957099914551 0.0864463001489639282 100
0.247252002358436584 0.00836952030658721924 0.0864448994398117065 100
0.247255995869636536 0.00763616990298032761 0.0864436998963356018 100
0.246261999011039734 0.00681883003562688828 0.0860935002565383911 100
0.246266007423400879 0.00609479006379842758 0.0860928967595100403 100
0.24627000093460083 0.00537090981379151344 0.0860925018787384033 100
0.24727100133895874 0.00470454012975096703 0.0864417031407356262 100
0.247274994850158691 0.00397197995334863663 0.0864417999982833862 100
0.247279003262519836 0.00323951989412307739 0.0864420980215072632 100
0.248280003666877747 0.00253770989365875721 0.0867919996380805969 100
0.248283997178077698 0.00179645000025629997 0.0867929011583328247 100
0.248288005590438843 0.00105524004902690649 0.0867939963936805725 100
0.248291999101638794 0.00031404700712300837 0.0867953002452850342 100
0.247297003865242004 -0.000422001001425087452 0.086447596549987793 100
0.247300997376441956 -0.00115429004654288292 0.0864493995904922485 100
0.247305005788803101 -0.00188661005813628435 0.0864515006542205811 100
0.247308999300003052 -0.00261898990720510483 0.0864538028836250305 100
0.247312992811203003 -0.00335145997814834118 0.0864564031362533569 100
0.246317997574806213 -0.00403421977534890175 0.0861098021268844604 100
0.247319996356964111 -0.00481669977307319641 0.0864622965455055237 100
0.247324004769325256 -0.00554951978847384453 0.0864657014608383179 100
0.26813998818397522 0.0234399996697902679 0.092900201678276062 100
0.250198006629943848 0.0185787007212638855 0.0867614969611167908 100
0.247210994362831116 0.0171853993088006973 0.0857350975275039673 100
0.245220005512237549 0.0160472001880407333 0.0850498005747795105 100
0.248215004801750183 0.015903400257229805 0.0860679000616073608 100
0.24622499942779541 0.0147928996011614799 0.0853833034634590149 100
0.246228992938995361 0.0140661001205444336 0.0853800997138023376 100
0.246232002973556519 0.0133397001773118973 0.0853770971298217773 100
0.24623599648475647 0.0126136001199483871 0.0853743031620979309 100
0.246240004897117615 0.0118877999484539032 0.0853718966245651245 100
0.247241005301475525 0.0113001996651291847 0.0857099965214729309 100
0.247244998812675476 0.0105660995468497276 0.0857079029083251953 100
0.248245999217033386 0.00995216984301805496 0.0860463976860046387 100
0.247252002358436584 0.00909870024770498276 0.0857046023011207581 100
0.247255995869636536 0.00836537033319473267 0.0857032984495162964 100
0.247260004281997681 0.00763226998969912529 0.0857022032141685486 100
0.247263997793197632 0.00689936010167002678 0.0857013985514640808 100
0.247268006205558777 0.00616662995889782906 0.0857008025050163269 100
0.24727100133895874 0.00543405022472143173 0.085700400173664093 100
0.247274994850158691 0.00470161996781826019 0.085700303316116333 100
0.248276993632316589 0.00401771022006869316 0.0860406979918479919 100
0.247282996773719788 0.00323709007352590561 0.0857008025050163269 100
0.248283997178077698 0.00253550009801983833 0.0860416963696479797 100
0.248288005590438843 0.00179450004361569881 0.0860425978899002075 100
0.248291999101638794 0.00105353002436459064 0.0860437005758285522 100
0.248295992612838745 0.000312579009914770722 0.0860451012849807739 100
0.24830000102519989 -0.000428369006840512156 0.0860467031598091125 100
0.247305005788803101 -0.00115523999556899071 0.0857082009315490723 100
0.247308999300003052 -0.001887319958768785 0.0857103019952774048 100
0.247312992811203003 -0.00261947000399231911 0.0857125967741012573 100
0.247317001223564148 -0.00335168000310659409 0.0857151001691818237 100
0.247319996356964111 -0.00408399989828467369 0.0857179015874862671 100
0.247324004769325256 -0.00481643015518784523 0.0857210010290145874 100
0.248326003551483154 -0.00561667978763580322 0.0860648006200790405 100
0.297259002923965454 -0.0101121002808213234 0.102756999433040619 100
0.268144994974136353 0.0234306007623672485 0.0919673964381217957 100
0.251199007034301758 0.0187896993011236191 0.0863235965371131897 100
0.247215002775192261 0.0171785000711679459 0.0849928036332130432 100
0.246221005916595459 0.0162410996854305267 0.0846574008464813232 100
0.248219996690750122 0.0158968009054660797 0.0853168964385986328 100
0.24722599983215332 0.0149692995473742485 0.0849820002913475037 100
0.246233001351356506 0.0140602001920342445 0.0846474021673202515 100
0.24623599648475647 0.0133339995518326759 0.0846444964408874512 100
0.247237995266914368 0.0127638000994920731 0.0849732980132102966 100
0.247241005301475525 0.0120293004438281059 0.0849708989262580872 100
0.247244998812675476 0.0112952003255486488 0.0849687010049819946 100
0.248246997594833374 0.0106900995597243309 0.085298098623752594 100
0.248249992728233337 0.00994755979627370834 0.0852963030338287354 100
0.248254001140594482 0.00920530036091804504 0.0852949023246765137 100
0.248257994651794434 0.00846327003091573715 0.085293598473072052 100
0.248262003064155579 0.00772147020325064659 0.0852926000952720642 100
0.24826599657535553 0.00697985989972949028 0.0852918028831481934 100
0.247271999716758728 0.00616327021270990372 0.0849601030349731445 100
0.247274994850158691 0.00543094007298350334 0.0849597975611686707 100
0.247279003262519836 0.00469873985275626183 0.0849597007036209106 100
0.248281002044677734 0.00401504011824727058 0.0852911025285720825 100
0.248284995555877686 0.00327413994818925858 0.0852914974093437195 100
0.248289003968238831 0.00253331009298563004 0.0852921977639198303 100
0.248291999101638794 0.00179254997055977583 0.0852930992841720581 100
0.248295992612838745 0.0010518199997022748 0.0852942019701004028 100
0.24830000102519989 0.000311117008095607162 0.0852956026792526245 100
0.248303994536399841 -0.000429589010309427977 0.0852971971035003662 100
0.248308002948760986 -0.00117031997069716454 0.0852990001440048218 100
0.24831099808216095 -0.00191107997670769691 0.0853011012077331543 100
0.247317001223564148 -0.0026199601124972105 0.0849720016121864319 100
0.247320994734764099 -0.00335194007493555546 0.0849746018648147583 100
0.247324004769325256 -0.00408401992172002792 0.0849772989749908447 100
0.247327998280525208 -0.00481622014194726944 0.084980301558971405 100
0.247332006692886353 -0.00554856006056070328 0.0849834978580474854 100
0.301259994506835938 -0.0104173999279737473 0.102890998125076294 100
0.271140992641448975 0.0241036005318164825 0.0920035019516944885 100
0.248211994767189026 0.0181271005421876907 0.0845777988433837891 100
0.247218996286392212 0.0171716008335351944 0.0842512026429176331 100
0.24622499942779541 0.0162346009165048599 0.083925001323223114 100
0.247226998209953308 0.0156989004462957382 0.0842441022396087646 100
0.246233001351356506 0.0147807002067565918 0.0839184001088142395 100
0.247234001755714417 0.0142278997227549553 0.084237903356552124 100
0.247237995266914368 0.0134929995983839035 0.0842351019382476807 100
0.247242003679275513 0.0127584002912044525 0.0842325985431671143 100
0.247245997190475464 0.0120240999385714531 0.0842302963137626648 100
0.247249007225036621 0.0112902000546455383 0.0842282027006149292 100
0.248251006007194519 0.0106853004544973373 0.0845486000180244446 100
0.24825499951839447 0.00994304008781909943 0.084546998143196106 100
0.24925599992275238 0.00931186974048614502 0.0848677977919578552 100
0.248262003064155579 0.00845922995358705521 0.0845443978905677795 100
0.249264001846313477 0.00781064014881849289 0.0848656967282295227 100
0.248270004987716675 0.00697629014030098915 0.0845428034663200378 100
0.248273998498916626 0.00623509986326098442 0.084542296826839447 100
0.248276993632316589 0.00549406977370381355 0.0845419988036155701 100
0.248281002044677734 0.00475317984819412231 0.0845419988036155701 100
0.248284995555877686 0.00401241006329655647 0.084542199969291687 100
0.248289003968238831 0.00327173992991447449 0.0845426991581916809 100
0.248292997479438782 0.00253114989027380943 0.0845433995127677917 100
0.24929499626159668 0.00181219005025923252 0.0848665013909339905 100
0.249299004673957825 0.00106277002487331629 0.0848675966262817383 100
0.249301999807357788 0.000313382013700902462 0.08486899733543396 100
0.249305993318557739 -0.000436014990555122495 0.0848705992102622986 100
0.248311996459960938 -0.00117131997831165791 0.0845502018928527832 100
0.248316004872322083 -0.00191184994764626026 0.0845523029565811157 100
0.248319000005722046 -0.00265243998728692532 0.0845545008778572083 100
0.248322993516921997 -0.00339310988783836365 0.0845571011304855347 100
0.248327001929283142 -0.0041338801383972168 0.0845597982406616211 100
0.248330995440483093 -0.0048747798427939415 0.0845628008246421814 100
0.248335003852844238 -0.00561580993235111237 0.0845659971237182617 100
0.297271996736526489 -0.010109899565577507 0.100372999906539917 100
0.273140996694564819 0.0245489999651908875 0.0916725993156433105 100
0.275139987468719482 0.024014599621295929 0.0922944992780685425 100
0.248219996690750122 0.0173742994666099548 0.0838238969445228577 100
0.247226998209953308 0.0164285991340875626 0.0835068002343177795 100
0.247231006622314453 0.0156926997005939484 0.0835034996271133423 100
0.248232007026672363 0.0151396999135613441 0.0838138014078140259 100
0.247237995266914368 0.0142222000285983086 0.0834975987672805786 100
0.247242003679275513 0.0134875001385807991 0.0834949016571044922 100
0.247245997190475464 0.0127531001344323158 0.0834925025701522827 100
0.248246997594833374 0.0121657000854611397 0.0838036015629768372 100
0.248251006007194519 0.0114230001345276833 0.0838015973567962646 100
0.24825499951839447 0.0106806997209787369 0.083799801766872406 100
0.24925599992275238 0.0100584002211689949 0.0841114968061447144 100
0.249259993433952332 0.00930763036012649536 0.0841102004051208496 100
0.249264001846313477 0.00855712965130805969 0.0841090977191925049 100
0.249267995357513428 0.00780685991048812866 0.084108203649520874 100
0.249272003769874573 0.00705678993836045265 0.0841076001524925232 100
0.249275997281074524 0.00630690017715096474 0.0841071978211402893 100
0.249280005693435669 0.00555717013776302338 0.0841069966554641724 100
0.249283000826835632 0.00480757979676127434 0.0841069966554641724 100
0.249286994338035583 0.00405811984091997147 0.0841071978211402893 100
0.249291002750396729 0.00330876000225543976 0.0841076970100402832 100
0.24929499626159668 0.00255947001278400421 0.084108397364616394 100
0.249299004673957825 0.00181024998892098665 0.0841094031929969788 100
0.249302998185157776 0.00106106000021100044 0.0841104984283447266 100
0.249307006597518921 0.000311899988446384668 0.0841118991374969482 100
0.249310001730918884 -0.000437262991908937693 0.0841135010123252869 100
0.249313995242118835 -0.00118645001202821732 0.0841154009103775024 100
0.24931800365447998 -0.00193567003589123487 0.084117397665977478 100
0.249321997165679932 -0.00268495990894734859 0.0841196998953819275 100
0.249326005578041077 -0.00343432999216020107 0.0841222032904624939 100
0.249329999089241028 -0.00418379995971918106 0.0841249972581863403 100
0.248335003852844238 -0.00487464992329478264 0.0838145017623901367 100
0.249337002635002136 -0.00568311987444758415 0.0841312035918235779 100
0.297279000282287598 -0.0101089999079704285 0.0991828963160514832 100
0.272148996591567993 0.0243126992136240005 0.0903927013278007507 100
0.282126009464263916 0.0255331993103027344 0.0934332981705665588 100
0.248224005103111267 0.0173677001148462296 0.0830746963620185852 100
0.248227998614311218 0.0166225992143154144 0.0830712020397186279 100
0.249228999018669128 0.0160693004727363586 0.0833725035190582275 100
0.248236000537872314 0.0151337999850511551 0.0830650031566619873 100
0.248239994049072266 0.0143898995593190193 0.083062298595905304 100
0.248244002461433411 0.0136465001851320267 0.0830596983432769775 100
0.248246997594833374 0.0129033997654914856 0.083057403564453125 100
0.248251006007194519 0.0121606998145580292 0.0830553025007247925 100
0.249253004789352417 0.0115558002144098282 0.0833576992154121399 100
0.249256998300552368 0.0108048003166913986 0.0833560004830360413 100
0.249261006712913513 0.0100539997220039368 0.0833545029163360596 100
0.249264001846313477 0.00930347014218568802 0.0833533033728599548 100
0.249267995357513428 0.00855320040136575699 0.0833522975444793701 100
0.249272003769874573 0.0078031499870121479 0.0833515003323554993 100
0.250274002552032471 0.00713727017864584923 0.0836550965905189514 100
0.249280005693435669 0.00630362983793020248 0.0833505019545555115 100
0.24928399920463562 0.00555412983521819115 0.0833503976464271545 100
0.249287992715835571 0.00480476999655365944 0.0833503976464271545 100
0.249291002750396729 0.00405552983283996582 0.0833507031202316284 100
0.24929499626159668 0.0033063800074160099 0.0833512991666793823 100
0.249299004673957825 0.0025573300663381815 0.0833519995212554932 100
0.249302998185157776 0.00180832005571573973 0.0833529010415077209 100
0.249307006597518921 0.00105935998726636171 0.0833541005849838257 100
0.249311000108718872 0.000310419010929763317 0.0833555012941360474 100
0.249314993619918823 -0.000438521994510665536 0.083357103168964386 100
0.24931800365447998 -0.00118748005479574203 0.0833588987588882446 100
0.249321997165679932 -0.00193648005370050669 0.0833609998226165771 100
0.249326005578041077 -0.0026855499017983675 0.0833633020520210266 100
0.250328987836837769 -0.00347557989880442619 0.083670102059841156 100
0.249333992600440979 -0.00418394012376666069 0.0833683982491493225 100
0.250335991382598877 -0.00499203987419605255 0.0836758017539978027 100
0.250340014696121216 -0.0057504698634147644 0.0836789980530738831 100
0.283302992582321167 -0.00903610978275537491 0.0937307998538017273 100
0.269163012504577637 0.0236223991960287094 0.0885405018925666809 100
0.27515101432800293 0.0239968001842498779 0.0903090983629226685 100
0.248227998614311218 0.017361300066113472 0.0823260992765426636 100
0.249229997396469116 0.0168166998773813248 0.0826183035969734192 100
0.250230997800827026 0.0162544995546340942 0.0829105973243713379 100
0.249237000942230225 0.0153102995827794075 0.0826122984290122986 100
0.249240994453430176 0.0145576996728777885 0.0826096981763839722 100
0.249245002865791321 0.0138055002316832542 0.0826072022318840027 100
0.249248996376991272 0.01305370032787323 0.0826049968600273132 100
0.249253004789352417 0.0123022003099322319 0.0826030001044273376 100
0.249256998300552368 0.0115510998293757439 0.0826011970639228821 100
0.249261006712913513 0.0108003001660108566 0.0825996026396751404 100
0.250261992216110229 0.0101693002507090569 0.0828934013843536377 100
0.250265985727310181 0.009410100057721138 0.082892298698425293 100
0.25027000904083252 0.0086511196568608284 0.0828913003206253052 100
0.250274002552032471 0.00789235997945070267 0.0828905999660491943 100
0.250277996063232422 0.00713380007073283195 0.0828899964690208435 100
0.250281989574432373 0.00637543993070721626 0.0828896984457969666 100
0.250286012887954712 0.00561723019927740097 0.0828896015882492065 100
0.249292001128196716 0.0048019997775554657 0.0825946033000946045 100
0.250293999910354614 0.00410122005268931389 0.0828901007771492004 100
0.250297993421554565 0.00334338005632162094 0.0828905999660491943 100
0.250301986932754517 0.00258561992086470127 0.0828913971781730652 100
0.249307006597518921 0.00180642004124820232 0.0825972035527229309 100
0.250308990478515625 0.00107025995384901762 0.0828936025500297546 100
0.250313013792037964 0.000312618009047582746 0.0828950032591819763 100
0.250317007303237915 -0.000445020996266975999 0.082896597683429718 100
0.250321000814437866 -0.00120268005412071943 0.0828984007239341736 100
0.250324994325637817 -0.00196038000285625458 0.0829005017876625061 100
0.250328987836837769 -0.00271813990548253059 0.0829027965664863586 100
0.250333011150360107 -0.00347598991356790066 0.082905203104019165 100
0.249338001012802124 -0.00418411986902356148 0.0826125964522361755 100
0.250340014696121216 -0.00499199982732534409 0.0829109027981758118 100
0.250344008207321167 -0.00575021002441644669 0.0829140022397041321 100
0.283309012651443481 -0.0090354597195982933 0.0926688015460968018 100
0.256206989288330078 0.0198448002338409424 0.0838736966252326965 100
0.249229997396469116 0.0175641998648643494 0.0818646997213363647 100
0.250230997800827026 0.0170106999576091766 0.0821480005979537964 100
0.251233011484146118 0.0164397004991769791 0.082431398332118988 100
0.249241992831230164 0.0153045998886227608 0.0818557962775230408 100
0.249246001243591309 0.0145522002130746841 0.0818533003330230713 100
0.249248996376991272 0.0138002997264266014 0.0818509981036186218 100
0.249253004789352417 0.0130487000569701195 0.0818488970398902893 100
0.249256998300552368 0.0122974002733826637 0.0818469971418380737 100
0.25025901198387146 0.0116838999092578888 0.0821314975619316101 100
0.249265000224113464 0.0107958000153303146 0.0818438008427619934 100
0.250266999006271362 0.010165099985897541 0.0821287035942077637 100
0.250270992517471313 0.00940607022494077682 0.082127697765827179 100
0.250274986028671265 0.00864730030298233032 0.0821268036961555481 100
0.250277996063232422 0.00788875017315149307 0.0821261033415794373 100
0.250281989574432373 0.00713041005656123161 0.0821257010102272034 100
0.250286012887954712 0.00637225015088915825 0.0821254029870033264 100
0.250290006399154663 0.00561424996703863144 0.0821254029870033264 100
0.250293999910354614 0.00485640019178390503 0.0821254998445510864 100
0.250297993421554565 0.00409867009148001671 0.0821259021759033203 100
0.250301986932754517 0.00334104010835289955 0.0821264982223510742 100
0.250306010246276855 0.00258348998613655567 0.082127302885055542 100
0.250310003757476807 0.00182600005064159632 0.0821283012628555298 100
0.250313997268676758 0.0010685500456020236 0.0821295008063316345 100
0.250317007303237915 0.00031112201395444572 0.0821309015154838562 100
0.250321000814437866 -0.000446304009528830647 0.0821325033903121948 100
0.250324994325637817 -0.00120375002734363079 0.0821342989802360535 100
0.250328987836837769 -0.00196124007925391197 0.082136400043964386 100
0.250333011150360107 -0.0027187899686396122 0.0821385979652404785 100
0.250337004661560059 -0.00347641995176672935 0.0821411013603210449 100
0.25034099817276001 -0.00423415983095765114 0.0821437016129493713 100
0.250344991683959961 -0.00499201985076069832 0.0821465998888015747 100
0.250348985195159912 -0.00575002003461122513 0.082149699330329895 100
0.285311996936798096 -0.00918801967054605484 0.0921806022524833679 100
0.25720900297164917 0.0200558993965387344 0.0833316966891288757 100
0.251228988170623779 0.0179760996252298355 0.0816633030772209167 100
0.251233011484146118 0.0172047000378370285 0.0816602036356925964 100
0.251237004995346069 0.0164337996393442154 0.0816574022173881531 100
0.250243008136749268 0.0154812000691890717 0.0813774019479751587 100
0.24924999475479126 0.0145469000563025475 0.0810976028442382812 100
0.249254003167152405 0.0137951001524925232 0.0810953974723815918 100
0.250254988670349121 0.0131989996880292892 0.0813706964254379272 100
0.25025901198387146 0.0124390004202723503 0.0813689008355140686 100
0.250263005495071411 0.0116793997585773468 0.08136729896068573 100
0.249268993735313416 0.010791500099003315 0.0810886025428771973 100
0.250270992517471313 0.0101608997210860252 0.0813646987080574036 100
0.250274986028671265 0.00940211024135351181 0.0813637003302574158 100
0.250279009342193604 0.00864354986697435379 0.0813629031181335449 100
0.250283002853393555 0.00788519997149705887 0.0813622996211051941 100
0.250286996364593506 0.0071270698681473732 0.0813618972897529602 100
0.250290006399154663 0.00636911997571587563 0.0813617035746574402 100
0.250293999910354614 0.00561132980510592461 0.0813617035746574402 100
0.250297993421554565 0.00485367001965641975 0.0813618972897529602 100
0.250301986932754517 0.00409614993259310722 0.0813623964786529541 100
0.250306010246276855 0.00333872996270656586 0.0813629999756813049 100
0.250310003757476807 0.00258138007484376431 0.0813637971878051758 100
0.250313997268676758 0.00182410003617405891 0.0813648030161857605 100
0.250317990779876709 0.00106685003265738487 0.0813660025596618652 100
0.250322014093399048 0.000309627997921779752 0.0813674032688140869 100
0.250326007604598999 -0.000447591010015457869 0.0813689976930618286 100
0.250328987836837769 -0.00120484002400189638 0.0813708007335662842 100
0.251332014799118042 -0.00198519998230040073 0.0816501975059509277 100
0.251336008310317993 -0.00275146006606519222 0.0816524028778076172 100
0.251340001821517944 -0.00351780001074075699 0.0816548988223075867 100
0.251343995332717896 -0.00428423983976244926 0.0816574990749359131 100
0.251347988843917847 -0.00505081005394458771 0.0816603973507881165 100
0.252350002527236938 -0.00588516006246209145 0.0819408968091011047 100
0.279325008392333984 -0.0087281595915555954 0.0894372984766960144 100
0.253223985433578491 0.0191773995757102966 0.081429801881313324 100
0.251233011484146118 0.0179699007421731949 0.0808895975351333618 100
0.25023999810218811 0.0169987995177507401 0.0806182995438575745 100
0.251240998506546021 0.0164279993623495102 0.080884002149105072 100
0.250247985124588013 0.0154756996780633926 0.0806130990386009216 100
0.250252008438110352 0.0147147998213768005 0.0806107968091964722 100
0.250254988670349121 0.0139543004333972931 0.0806087031960487366 100
0.25025901198387146 0.0131941996514797211 0.080606900155544281 100
0.250263005495071411 0.0124343996867537498 0.0806052014231681824 100
0.250266999006271362 0.0116748996078968048 0.0806036964058876038 100
0.250270992517471313 0.0109157003462314606 0.080602400004863739 100
0.250274986028671265 0.0101568996906280518 0.0806012973189353943 100
0.250279009342193604 0.00939823966473340988 0.0806002989411354065 100
0.250283002853393555 0.0086398804560303688 0.0805995985865592957 100
0.250286996364593506 0.00788174010813236237 0.0805990993976593018 100
0.250290989875793457 0.00712379999458789825 0.0805988013744354248 100
0.250295013189315796 0.00636604009196162224 0.0805986002087593079 100
0.250299006700515747 0.00560845015570521355 0.0805986970663070679 100
0.250301986932754517 0.00485099991783499718 0.0805990025401115417 100
0.25130501389503479 0.00414182990789413452 0.0808676034212112427 100
0.251309007406234741 0.00337569997645914555 0.0808682963252067566 100
0.251313000917434692 0.00260963989421725273 0.0808691009879112244 100
0.25131601095199585 0.00184365001041442156 0.0808702036738395691 100
0.251320004463195801 0.00107770005706697702 0.0808714032173156738 100
0.251323997974395752 0.00031175900949165225 0.0808727964758872986 100
0.251327991485595703 -0.000454169989097863436 0.0808745026588439941 100
0.251332014799118042 -0.00122012000065296888 0.0808762982487678528 100
0.251336008310317993 -0.00198611989617347717 0.0808783024549484253 100
0.251340001821517944 -0.00275217997841536999 0.0808805972337722778 100
0.251343995332717896 -0.00351830990985035896 0.0808829963207244873 100
0.251347988843917847 -0.00428456021472811699 0.0808855965733528137 100
0.251352012157440186 -0.0050509301945567131 0.0808883979916572571 100
0.252355009317398071 -0.00588507996872067451 0.0811598971486091614 100
0.272338002920150757 -0.00819186028093099594 0.0865340009331703186 100
0.263199001550674438 0.0222293008118867874 0.0832374021410942078 100
0.255223989486694336 0.0196068007498979568 0.0811576023697853088 100
0.251237988471984863 0.0179638992995023727 0.0801165029406547546 100
0.251242011785507202 0.0171930007636547089 0.0801137983798980713 100
0.252243012189865112 0.0166133996099233627 0.0803705975413322449 100
0.251249998807907104 0.0156523995101451874 0.0801089033484458923 100
0.250256001949310303 0.0147096998989582062 0.0798472985625267029 100
0.250259995460510254 0.0139493998140096664 0.0798453986644744873 100
0.250263988971710205 0.0131893996149301529 0.0798436030745506287 100
0.250268012285232544 0.012429799884557724 0.07984200119972229 100
0.250270992517471313 0.0116705000400543213 0.0798406004905700684 100
0.250274986028671265 0.0109115997329354286 0.0798394009470939636 100
0.250279009342193604 0.0101528996601700783 0.0798384025692939758 100
0.250283002853393555 0.00939446035772562027 0.0798375979065895081 100
0.250286996364593506 0.00863629020750522614 0.0798368975520133972 100
0.250290989875793457 0.00787833984941244125 0.0798365026712417603 100
0.251293003559112549 0.00720435986295342445 0.0800954997539520264 100
0.2512969970703125 0.00643789023160934448 0.0800954028964042664 100
0.251300990581512451 0.0056715700775384903 0.0800954997539520264 100
0.25130501389503479 0.0049053998664021492 0.0800957977771759033 100
0.251309007406234741 0.0041393497958779335 0.0800962969660758972 100
0.251313000917434692 0.00337341008707880974 0.0800969973206520081 100
0.251316994428634644 0.0026075500063598156 0.0800978988409042358 100
0.251320987939834595 0.00184174999594688416 0.0800988972187042236 100
0.251325011253356934 0.00107599003240466118 0.0801002010703086853 100
0.251329004764556885 0.000310250004986301064 0.080101601779460907 100
0.251332998275756836 -0.000455486995633691549 0.0801032036542892456 100
0.251336008310317993 -0.00122125004418194294 0.0801051035523414612 100
0.251340001821517944 -0.00198705005459487438 0.0801070034503936768 100
0.251343995332717896 -0.00275290990248322487 0.0801092013716697693 100
0.252346992492675781 -0.00355977006256580353 0.0803710967302322388 100
0.251352012157440186 -0.0042849099263548851 0.0801142007112503052 100
0.251356005668640137 -0.00505108991637825966 0.0801170021295547485 100
0.254357010126113892 -0.00602032989263534546 0.0808985009789466858 100
0.275339990854263306 -0.00842124968767166138 0.0863528028130531311 100
0.25822100043296814 0.0202539004385471344 0.0811005979776382446 100
0.252238988876342773 0.0181668996810913086 0.0795945003628730774 100
0.252243012189865112 0.0173872001469135284 0.079591900110244751 100
0.252247005701065063 0.0166078992187976837 0.0795895010232925415 100
0.251253992319107056 0.0156471002846956253 0.079336799681186676 100
0.250259995460510254 0.0147046996280550957 0.0790843963623046875 100
0.250263988971710205 0.0139445001259446144 0.0790824964642524719 100
0.250268012285232544 0.013184799812734127 0.0790809020400047302 100
0.250272005796432495 0.0124254003167152405 0.0790793970227241516 100
0.250275999307632446 0.0116662997752428055 0.0790781006217002869 100
0.250279992818832397 0.0109075000509619713 0.0790769979357719421 100
0.250283986330032349 0.0101490002125501633 0.0790760964155197144 100
0.250286996364593506 0.00939076021313667297 0.0790754035115242004 100
0.250290989875793457 0.0086327800527215004 0.0790748000144958496 100
0.251293003559112549 0.00796764995902776718 0.0793246999382972717 100
0.2512969970703125 0.0072011798620223999 0.0793244987726211548 100
0.251300990581512451 0.00643488997593522072 0.0793244987726211548 100
0.25130501389503479 0.00566875981166958809 0.0793246999382972717 100
0.251309007406234741 0.00490278005599975586 0.0793249979615211487 100
0.251313000917434692 0.00413691997528076172 0.0793256014585494995 100
0.250319004058837891 0.00333195994608104229 0.0790759995579719543 100
0.250322997570037842 0.00257519003935158253 0.0790767967700958252 100
0.251325011253356934 0.00183987000491470098 0.0793282017111778259 100
0.251329004764556885 0.00107430003117769957 0.0793294981122016907 100
0.251332998275756836 0.000308741000480949879 0.0793308988213539124 100
0.251336991786956787 -0.00045680999755859375 0.079332597553730011 100
0.251340985298156738 -0.00122237997129559517 0.0793344005942344666 100
0.251345008611679077 -0.00198800000362098217 0.0793363004922866821 100
0.251349002122879028 -0.00275368010625243187 0.0793384984135627747 100
0.251352012157440186 -0.00351944006979465485 0.0793408975005149841 100
0.251356005668640137 -0.00428530015051364899 0.0793434008955955505 100
0.251359999179840088 -0.00505129992961883545 0.079346098005771637 100
0.252362996339797974 -0.00588507018983364105 0.0795995965600013733 100
0.273346990346908569 -0.00826792977750301361 0.0848653987050056458 100
0.265204012393951416 0.0226687006652355194 0.0819597989320755005 100
0.257227987051010132 0.0200298000127077103 0.0800239965319633484 100
0.252243995666503906 0.0181611999869346619 0.078813597559928894 100
0.253244996070861816 0.017581399530172348 0.0790525972843170166 100
0.253248989582061768 0.0167934000492095947 0.0790503025054931641 100
0.252256006002426147 0.0158239006996154785 0.0788066983222961426 100
0.251262009143829346 0.0148726999759674072 0.078563399612903595 100
0.251266002655029297 0.014103899709880352 0.0785617008805274963 100
0.251269996166229248 0.0133352996781468391 0.0785600990056991577 100
0.251273989677429199 0.0125671997666358948 0.078558802604675293 100
0.250279992818832397 0.0116621004417538643 0.0783161967992782593 100
0.251282006502151489 0.0110317999497056007 0.0785565972328186035 100
0.25128600001335144 0.0102645996958017349 0.0785557031631469727 100
0.251289993524551392 0.00949758011847734451 0.0785550996661186218 100
0.251293987035751343 0.00873086042702198029 0.0785546004772186279 100
0.251298010349273682 0.0079643595963716507 0.078554302453994751 100
0.251302003860473633 0.00719805993139743805 0.078554101288318634 100
0.251305997371673584 0.00643194979056715965 0.078554198145866394 100
0.251309007406234741 0.00566599983721971512 0.078554399311542511 100
0.251313000917434692 0.00490019982680678368 0.0785548016428947449 100
0.251316994428634644 0.00413451995700597763 0.0785553008317947388 100
0.251320987939834595 0.0033689399715512991 0.0785560980439186096 100
0.251325011253356934 0.00260344007983803749 0.0785569995641708374 100
0.251329004764556885 0.00183800002560019493 0.0785581022500991821 100
0.251332998275756836 0.00107261002995073795 0.0785593986511230469 100
0.251336991786956787 0.000307234004139900208 0.0785607993602752686 100
0.251340985298156738 -0.000458143011201173067 0.0785624012351036072 100
0.251345008611679077 -0.00122354004997760057 0.0785641968250274658 100
0.251349002122879028 -0.00198897998780012131 0.0785662010312080383 100
0.251352995634078979 -0.00275447010062634945 0.0785683020949363708 100
0.252355992794036865 -0.0035609900951385498 0.0788121968507766724 100
0.25136101245880127 -0.0042857402004301548 0.0785731971263885498 100
0.251365005970001221 -0.00505154998973011971 0.0785757973790168762 100
0.253367006778717041 -0.00595278991386294365 0.0790619030594825745 100
0.261218011379241943 0.0217553991824388504 0.0801319032907485962 100
0.256235003471374512 0.0198061000555753708 0.0789659991860389709 100
0.254242986440658569 0.0185729991644620895 0.0784982964396476746 100
0.256242990493774414 0.0181751996278762817 0.0789609998464584351 100
0.254251986742019653 0.0169789008796215057 0.0784937962889671326 100
0.253257989883422852 0.0160006992518901825 0.078259296715259552 100
0.25326201319694519 0.0152137000113725662 0.0782575011253356934 100
0.252267986536026001 0.0142631996423006058 0.0780233964323997498 100
0.25227200984954834 0.0134859001263976097 0.078022003173828125 100
0.252276003360748291 0.0127090001478791237 0.0780206993222236633 100
0.251282006502151489 0.0117952004075050354 0.0777871981263160706 100
0.252283990383148193 0.0111560998484492302 0.0780187025666236877 100
0.252288013696670532 0.0103801004588603973 0.07801789790391922 100
0.252292007207870483 0.00960441026836633682 0.0780173018574714661 100
0.252296000719070435 0.00882893986999988556 0.0780168995261192322 100
0.252299994230270386 0.00805370043963193893 0.0780166983604431152 100
0.252303987741470337 0.00727867009118199348 0.0780166015028953552 100
0.252308011054992676 0.00650381995365023613 0.0780166983604431152 100
0.252312004566192627 0.0057291397824883461 0.0780169963836669922 100
0.252315998077392578 0.00495461001992225647 0.0780173987150192261 100
0.252319991588592529 0.00418019993230700493 0.0780180990695953369 100
0.251325994729995728 0.0033667499665170908 0.0777864009141921997 100
0.251329004764556885 0.00260142004117369652 0.0777873992919921875 100
0.252332001924514771 0.00185750995296984911 0.0780209004878997803 100
0.251336991786956787 0.00107093004044145346 0.077789798378944397 100
0.252339988946914673 0.000309282011585310102 0.0780237019062042236 100
0.252344012260437012 -0.00046481701429001987 0.0780252963304519653 100
0.252348005771636963 -0.00123894005082547665 0.0780270993709564209 100
0.252351999282836914 -0.00201310007832944393 0.0780291035771369934 100
0.252355992794036865 -0.00278732995502650738 0.078031197190284729 100
0.252359986305236816 -0.00356163992546498775 0.0780334994196891785 100
0.252364009618759155 -0.00433606002479791641 0.0780360028147697449 100
0.252368003129959106 -0.00511060003191232681 0.0780386999249458313 100
0.261222988367080688 0.0217490997165441513 0.0792710036039352417 100
0.258233994245529175 0.0202354993671178818 0.0785973966121673584 100
0.258239001035690308 0.0194019991904497147 0.0785949006676673889 100
0.258242994546890259 0.0185691006481647491 0.0785925984382629395 100
0.257250010967254639 0.0175458993762731552 0.0783670023083686829 100
0.256256014108657837 0.0165410991758108139 0.0781415030360221863 100
0.254263997077941895 0.0153818000108003616 0.0776927992701530457 100
0.254267990589141846 0.0145864002406597137 0.077691197395324707 100
0.254272013902664185 0.0137914996594190598 0.0776899009943008423 100
0.253277987241744995 0.012850799597799778 0.0774653032422065735 100
0.253282994031906128 0.012065500020980835 0.0774642974138259888 100
0.253286987543106079 0.0112803997471928596 0.0774634033441543579 100
0.253291010856628418 0.010495699942111969 0.0774627998471260071 100
0.253295004367828369 0.00971123017370700836 0.0774623006582260132 100
0.254296988248825073 0.00902845989912748337 0.0776854008436203003 100
0.253302991390228271 0.00814304035156965256 0.0774618014693260193 100
0.25330701470375061 0.00735927000641822815 0.0774618014693260193 100
0.254308998584747314 0.00665041012689471245 0.0776852965354919434 100
0.254312992095947266 0.00585808977484703064 0.0776856988668441772 100
0.253318995237350464 0.00500900996848940849 0.0774627029895782471 100
0.253322988748550415 0.00422585988417267799 0.0774634033441543579 100
0.253327012062072754 0.00344281992875039577 0.0774642005562782288 100
0.253331005573272705 0.0026598700787872076 0.0774651989340782166 100
0.253334999084472656 0.00187697994988411665 0.0774663984775543213 100
0.253338992595672607 0.00109412998426705599 0.077467702329158783 100
0.254341989755630493 0.000314834003802388906 0.0776927024126052856 100
0.254346013069152832 -0.000476891989819705486 0.0776942968368530273 100
0.254350006580352783 -0.00126864004414528608 0.0776961967349052429 100
0.254354000091552734 -0.00206042989157140255 0.0776982009410858154 100
0.254357993602752686 -0.00285227992571890354 0.0777003020048141479 100
0.255360990762710571 -0.00368517008610069752 0.0779263004660606384 100
0.254366010427474976 -0.00443628011271357536 0.0777051970362663269 100
0.253371000289916992 -0.00516969989985227585 0.0774841979146003723 100
0.283349990844726562 -0.00798259954899549484 0.0841984003782272339 100
0.26222500205039978 0.0219695009291172028 0.0786252990365028381 100
0.262230008840560913 0.021099800243973732 0.0786226987838745117 100
0.261236995458602905 0.0200220998376607895 0.0784057006239891052 100
0.260242998600006104 0.0189628992229700089 0.0781889036297798157 100
0.259249985218048096 0.0179219990968704224 0.0779723003506660461 100
0.258255988359451294 0.016899600625038147 0.0777558982372283936 100
0.258260011672973633 0.0160681996494531631 0.0777542963624000549 100
0.257266998291015625 0.0150733999907970428 0.0775382965803146362 100
0.257270991802215576 0.0142518002539873123 0.0775370970368385315 100
0.257274985313415527 0.0134306000545620918 0.0775360018014907837 100
0.257279008626937866 0.0126096997410058975 0.0775350034236907959 100
0.256285995244979858 0.0116611002013087273 0.077319800853729248 100
0.25628998875617981 0.0108497003093361855 0.0773191973567008972 100
0.256294012069702148 0.0100386999547481537 0.0773188024759292603 100
0.2562980055809021 0.00922791007906198502 0.0773184970021247864 100
0.255304008722305298 0.00832488015294075012 0.0771038979291915894 100
0.255308002233505249 0.00752345984801650047 0.0771040022373199463 100
0.2553119957447052 0.00672222999855875969 0.0771042034029960632 100
0.255315989255905151 0.00592117989435791969 0.0771045982837677002 100
0.25532001256942749 0.0051202801987528801 0.0771050974726676941 100
0.255324006080627441 0.00431950017809867859 0.0771059021353721619 100
0.255329012870788574 0.00351883005350828171 0.0771066993474960327 100
0.254334002733230591 0.00268805003724992275 0.0768932029604911804 100
0.255336999893188477 0.00191772996913641691 0.0771090015769004822 100
0.255340993404388428 0.00111724995076656342 0.0771102979779243469 100
0.256343990564346313 0.000320316990837454796 0.0773264020681381226 100
0.257346987724304199 -0.000494408013764768839 0.0775426998734474182 100
0.257351011037826538 -0.00131267996039241552 0.0775445997714996338 100
0.257355004549026489 -0.0021309899166226387 0.0775465965270996094 100
0.256361007690429688 -0.00291730999015271664 0.0773342028260231018 100
0.257364004850387573 -0.00376783008687198162 0.0775512009859085083 100
0.257367998361587524 -0.00458640977740287781 0.0775538012385368347 100
0.256372988224029541 -0.00534636992961168289 0.0773416981101036072 100
0.263222992420196533 0.0230689998716115952 0.0779647976160049438 100
0.263227999210357666 0.022189900279045105 0.0779621973633766174 100
0.263231992721557617 0.0213114004582166672 0.077959798276424408 100
0.262239009141921997 0.0202249996364116669 0.0777518972754478455 100
0.261245995759963989 0.0191571004688739777 0.0775441974401473999 100
0.260251998901367188 0.0181074999272823334 0.0773366987705230713 100
0.25925898551940918 0.0170763004571199417 0.0771294012665748596 100
0.259263008832931519 0.0162362009286880493 0.0771279036998748779 100
0.25926700234413147 0.0153965000063180923 0.0771265998482704163 100
0.259272009134292603 0.01455719955265522 0.0771254971623420715 100
0.258278012275695801 0.0135722998529672623 0.0769189000129699707 100
0.258282005786895752 0.0127427000552415848 0.0769181028008460999 100
0.25728800892829895 0.0117853004485368729 0.076711803674697876 100
0.257292002439498901 0.0109652001410722733 0.0767112970352172852 100
0.257297009229660034 0.0101455003023147583 0.0767109990119934082 100
0.257301002740859985 0.0093259299173951149 0.0767107978463172913 100
0.256307005882263184 0.00841418001800775528 0.0765051990747451782 100
0.256310999393463135 0.00760402018204331398 0.0765054002404212952 100
0.256314992904663086 0.0067940601147711277 0.0765056982636451721 100
0.256318986415863037 0.00598425976932048798 0.076506100594997406 100
0.256323009729385376 0.00517462007701396942 0.0765066966414451599 100
0.256327986717224121 0.00436510983854532242 0.0765075013041496277 100
0.257330000400543213 0.00359478010796010494 0.0767140015959739685 100
0.257335007190704346 0.00277655990794301033 0.0767150968313217163 100
0.258338004350662231 0.00197970005683600903 0.076921902596950531 100
0.258341997861862183 0.00115270004607737064 0.0769233033061027527 100
0.259344995021820068 0.000329227012116461992 0.0771306008100509644 100
0.25934898853302002 -0.000506640004459768534 0.077132299542427063 100
0.259353995323181152 -0.00134253001306205988 0.0771341994404792786 100
0.259357988834381104 -0.00217845989391207695 0.0771363005042076111 100
0.259362012147903442 -0.00301446998491883278 0.0771384984254837036 100
0.260365992784500122 -0.00389151996932923794 0.0773466974496841431 100
0.260369986295700073 -0.00473662978038191795 0.0773492977023124695 100
0.262230992317199707 0.0228275991976261139 0.0768904983997344971 100
0.261236995458602905 0.0217313002794981003 0.0766913965344429016 100
0.26323699951171875 0.0213057007640600204 0.0770827010273933411 100
0.261245995759963989 0.0200111009180545807 0.0766872018575668335 100
0.261251002550125122 0.0191517993807792664 0.0766853988170623779 100
0.26025700569152832 0.0181025005877017975 0.0764869973063468933 100
0.260260999202728271 0.0172531008720397949 0.0764854997396469116 100
0.259267985820770264 0.0162314996123313904 0.0762875005602836609 100
0.259272009134292603 0.0153919998556375504 0.0762863010168075562 100
0.259276002645492554 0.0145528996363282204 0.0762853026390075684 100
0.259281009435653687 0.0137141002342104912 0.0762844011187553406 100
0.258287012577056885 0.0127387000247836113 0.0760871022939682007 100
0.258291006088256836 0.0119096003472805023 0.0760864987969398499 100
0.257297009229660034 0.0109615996479988098 0.0758894979953765869 100
0.257301002740859985 0.0101420003920793533 0.07588919997215271 100
0.257304996252059937 0.00932263024151325226 0.07588910311460495 100
0.257310003042221069 0.00850349012762308121 0.07588919997215271 100
0.257313996553421021 0.00768458982929587364 0.0758894011378288269 100
0.257317990064620972 0.00686587020754814148 0.0758898034691810608 100
0.257322013378143311 0.00604734010994434357 0.0758903026580810547 100
0.257326990365982056 0.00522895017638802528 0.0758908987045288086 100
0.257331013679504395 0.00441069016233086586 0.0758917033672332764 100
0.25833401083946228 0.00363159994594752789 0.0760893002152442932 100
0.259337007999420166 0.00283479993231594563 0.076287098228931427 100
0.259341001510620117 0.00199902988970279694 0.0762884020805358887 100
0.260343998670578003 0.00117566995322704315 0.0764866024255752563 100
0.260349005460739136 0.000331070012180134654 0.076488196849822998 100
0.261352002620697021 -0.0005189349758438766 0.0766867026686668396 100
0.261355996131896973 -0.00137245003134012222 0.0766886025667190552 100
0.261361002922058105 -0.00222600996494293213 0.0766907036304473877 100
0.262364000082015991 -0.00311172008514404297 0.0768897980451583862 100
0.261368989944458008 -0.00393335986882448196 0.0766953974962234497 100
0.262373000383377075 -0.00483707012608647346 0.0768947973847389221 100
0.264230996370315552 0.0232923999428749084 0.0763982012867927551 100
0.262239992618560791 0.0219521000981330872 0.0760203003883361816 100
0.264239996671676636 0.0215176008641719818 0.0763939991593360901 100
0.263247013092041016 0.0204227007925510406 0.0762042999267578125 100
0.262252986431121826 0.0193461999297142029 0.0760148018598556519 100
0.261260002851486206 0.0182881001383066177 0.0758254975080490112 100
0.260266005992889404 0.017248399555683136 0.0756364017724990845 100
0.260269999504089355 0.0163997001945972443 0.0756352022290229797 100
0.260275006294250488 0.0155512997880578041 0.075634196400642395 100
0.259281009435653687 0.0145487003028392792 0.0754455029964447021 100
0.259285002946853638 0.0137101002037525177 0.0754448026418685913 100
0.259290009737014771 0.0128717999905347824 0.0754441991448402405 100
0.258296012878417969 0.011905900202691555 0.0752561017870903015 100
0.25830000638961792 0.0110772000625729561 0.0752557963132858276 100
0.257306009531021118 0.0101386001333594322 0.0750679001212120056 100
0.258307993412017822 0.00942070037126541138 0.0752556025981903076 100
0.258313000202178955 0.00859280955046415329 0.0752556994557380676 100
0.258316993713378906 0.00776515016332268715 0.0752559974789619446 100
0.258320987224578857 0.00693769007921218872 0.0752563998103141785 100
0.258325010538101196 0.00611039996147155762 0.0752570033073425293 100
0.258329987525939941 0.00528327003121376038 0.0752577036619186401 100
0.25833401083946228 0.00445627002045512199 0.075258597731590271 100
0.259337007999420166 0.00366841000504791737 0.0754472985863685608 100
0.260340005159378052 0.0028628399595618248 0.0756362006068229675 100
0.260345011949539185 0.00201832992024719715 0.0756374970078468323 100
0.26134800910949707 0.00118620996363461018 0.0758268013596534729 100
0.262351006269454956 0.000336346012772992253 0.0760162025690078735 100
0.262356013059616089 -0.000525882991496473551 0.0760179981589317322 100
0.26236000657081604 -0.00138813001103699207 0.0760200023651123047 100
0.262364000082015991 -0.00225042994134128094 0.0760221034288406372 100
0.263368010520935059 -0.00314489006996154785 0.0762121975421905518 100
0.262373000383377075 -0.00397526007145643234 0.0760267004370689392 100
0.262378007173538208 -0.00483783986419439316 0.0760293006896972656 100
0.319355994462966919 -0.0117905000224709511 0.0867549031972885132 100
0.302372992038726807 -0.0117081999778747559 0.083562999963760376 100
0.265233993530273438 0.0235219001770019531 0.0756916999816894531 100
0.263242006301879883 0.022172899916768074 0.0753318965435028076 100
0.265242993831634521 0.0217294991016387939 0.075687803328037262 100
0.263251990079879761 0.0204175002872943878 0.0753284022212028503 100
0.262257993221282959 0.019341200590133667 0.0751480013132095337 100
0.261263996362686157 0.018283400684595108 0.074967801570892334 100
0.260271012783050537 0.0172438006848096848 0.0747878029942512512 100
0.260275006294250488 0.0163952000439167023 0.0747867003083229065 100
0.259281009435653687 0.015383400022983551 0.0746069997549057007 100
0.259285986423492432 0.0145445996895432472 0.0746062994003295898 100
0.259290009737014771 0.0137061001732945442 0.074605599045753479 100
0.259294003248214722 0.0128680001944303513 0.0746051967144012451 100
0.259299010038375854 0.0120302997529506683 0.0746048018336296082 100
0.258303999900817871 0.011073799803853035 0.0744258016347885132 100
0.258309006690979004 0.0102455001324415207 0.0744258016347885132 100
0.258313000202178955 0.00941751990467309952 0.0744258984923362732 100
0.258316993713378906 0.00858977995812892914 0.0744260996580123901 100
0.257322996854782104 0.00767879001796245575 0.0742475986480712891 100
0.257326990365982056 0.00686036981642246246 0.074248097836971283 100
0.258329987525939941 0.00610778992995619774 0.0744275003671646118 100
0.25833401083946228 0.00528080016374588013 0.0744282975792884827 100
0.258338987827301025 0.00445393985137343407 0.0744291990995407104 100
0.259342014789581299 0.00366618996486067772 0.0746089965105056763 100
0.25934600830078125 0.00283063994720578194 0.0746102035045623779 100
0.26134800910949707 0.00203759991563856602 0.0749692022800445557 100
0.261352002620697021 0.0011843900429084897 0.0749706998467445374 100
0.262356013059616089 0.000334645999828353524 0.075151197612285614 100
0.26236000657081604 -0.000527432013768702745 0.0751530006527900696 100
0.262365013360977173 -0.00138954003341495991 0.0751549974083900452 100
0.262369006872177124 -0.00225169002078473568 0.0751570984721183777 100
0.262374013662338257 -0.00311391009017825127 0.0751592963933944702 100
0.262378007173538208 -0.00397621979936957359 0.0751617029309272766 100
0.262383013963699341 -0.00483865011483430862 0.0751641988754272461 100
0.26538500189781189 -0.00587755022570490837 0.0757038965821266174 100
0.308364003896713257 -0.0096767498180270195 0.0834067016839981079 100
0.303373008966445923 -0.0105660995468497276 0.0825155973434448242 100
0.301380008459091187 -0.0116231003776192665 0.0821617022156715393 100
0.390504986047744751 -0.249834001064300537 0.101182997226715088 100
0.386498987674713135 -0.247905001044273376 0.100481003522872925 100
0.387517005205154419 -0.251596003770828247 0.10075099766254425 100
0.385520011186599731 -0.251881986856460571 0.100438997149467468 100
0.26523900032043457 0.0235163997858762741 0.0747976973652839661 100
0.264245003461837769 0.0223939009010791779 0.0746259018778800964 100
0.265248000621795654 0.0217243004590272903 0.0747942030429840088 100
0.2632560133934021 0.0204124990850687027 0.0744528993964195251 100
0.261265009641647339 0.0191370993852615356 0.0741117000579833984 100
0.26126900315284729 0.0182787999510765076 0.0741105005145072937 100
0.260275006294250488 0.017239399254322052 0.0739395990967750549 100
0.25928199291229248 0.0162183996289968491 0.0737688019871711731 100
0.259285986423492432 0.0153793003410100937 0.0737679973244667053 100
0.259290009737014771 0.0145405996590852737 0.0737674012780189514 100
0.260293006896972656 0.0138480998575687408 0.0739367976784706116 100
0.259299010038375854 0.0128643997013568878 0.0737664997577667236 100
0.259303003549575806 0.0120267001911997795 0.0737662985920906067 100
0.259308010339736938 0.0111894002184271812 0.0737662017345428467 100
0.25931200385093689 0.0103524001315236092 0.0737662017345428467 100
0.258318006992340088 0.00941442046314477921 0.0735964998602867126 100
0.258322000503540039 0.00858680997043848038 0.0735967978835105896 100
0.25832599401473999 0.00775942998006939888 0.0735972970724105835 100
0.258329987525939941 0.00693223997950553894 0.0735978037118911743 100
0.25733599066734314 0.00603957986459136009 0.0734286010265350342 100
0.258338987827301025 0.00527836987748742104 0.073599301278591156 100
0.258343011140823364 0.00445163995027542114 0.0736002027988433838 100
0.25934600830078125 0.00366400997154414654 0.0737712010741233826 100
0.26134800910949707 0.00288878008723258972 0.0741123035550117493 100
0.26235198974609375 0.00205685989931225777 0.074283599853515625 100
0.262356013059616089 0.00119489000644534826 0.0742850974202156067 100
0.262360990047454834 0.000332953990437090397 0.0742866992950439453 100
0.26336398720741272 -0.000534439983312040567 0.0744585022330284119 100
0.262369990348815918 -0.00139095005579292774 0.0742904022336006165 100
0.262374013662338257 -0.00225296011194586754 0.074292503297328949 100
0.262378007173538208 -0.00311505002900958061 0.0742947012186050415 100
0.262383013963699341 -0.00397722003981471062 0.074297003448009491 100
0.262387007474899292 -0.00483951019123196602 0.0742994993925094604 100
0.263390988111495972 -0.00576071999967098236 0.0744721964001655579 100
0.307370990514755249 -0.00960993021726608276 0.0819616988301277161 100
0.300381004810333252 -0.0103369997814297676 0.0807745978236198425 100
0.303386002779006958 -0.0117944004014134407 0.0812894999980926514 100
0.385480999946594238 -0.241696000099182129 0.0980435982346534729 100
0.38448798656463623 -0.243081003427505493 0.0979264974594116211 100
0.385506004095077515 -0.24671599268913269 0.0981794968247413635 100
0.383509010076522827 -0.246978998184204102 0.0978808030486106873 100
0.38452601432800293 -0.250665009021759033 0.0981379970908164978 100
0.383534014225006104 -0.252074003219604492 0.0980272963643074036 100
0.267239004373550415 0.0239812992513179779 0.0742262005805969238 100
0.264250010251998901 0.022388700395822525 0.0737415030598640442 100
0.264254987239837646 0.0215020999312400818 0.0737401023507118225 100
0.262263000011444092 0.0201995000243186951 0.0734167993068695068 100
0.262268006801605225 0.0193317998200654984 0.0734155997633934021 100
0.261274009943008423 0.0182742998003959656 0.0732536017894744873 100
0.260280013084411621 0.0172352008521556854 0.0730917975306510925 100
0.260284006595611572 0.0163869000971317291 0.0730910003185272217 100
0.259290993213653564 0.0153753999620676041 0.0729293972253799438 100
0.259294986724853516 0.0145367998629808426 0.07292889803647995 100
0.260298013687133789 0.0138443997129797935 0.07308950275182724 100
0.259303003549575806 0.012860800139605999 0.072928301990032196 100
0.259308010339736938 0.0120232999324798584 0.0729281976819038391 100
0.25931200385093689 0.011186099611222744 0.0729281976819038391 100
0.258318006992340088 0.0102391000837087631 0.0727673992514610291 100
0.257324010133743286 0.00931021012365818024 0.072606697678565979 100
0.256328999996185303 0.00839933007955551147 0.0724461004137992859 100
0.256332993507385254 0.00758985988795757294 0.0724465996026992798 100
0.256336987018585205 0.00678058015182614326 0.0724472030997276306 100
0.256341993808746338 0.00597148016095161438 0.0724479034543037415 100
0.257344990968704224 0.00521926023066043854 0.0726097002625465393 100
0.258347988128662109 0.00444938987493515015 0.0727716982364654541 100
0.259350985288619995 0.00366186001338064671 0.0729338005185127258 100
0.26235198974609375 0.00291678006760776043 0.0734179988503456116 100
0.263356000185012817 0.00207609008066356182 0.0735805034637451172 100
0.263359993696212769 0.00120536994654685259 0.0735820010304450989 100
0.263365000486373901 0.000334678014041855931 0.0735836997628211975 100
0.263368993997573853 -0.000536022998858243227 0.0735855028033256531 100
0.263372987508773804 -0.00140674004796892405 0.0735874027013778687 100
0.262378990650177002 -0.00225427001714706421 0.0734283998608589172 100
0.262383013963699341 -0.00311620999127626419 0.0734305009245872498 100
0.262387990951538086 -0.0039782598614692688 0.0734328031539916992 100
0.262392014265060425 -0.00484042009338736534 0.0734352022409439087 100
0.263395994901657104 -0.00576149998232722282 0.0735990032553672791 100
0.300381988286972046 -0.0091370902955532074 0.0795677006244659424 100
0.302386999130249023 -0.010490800254046917 0.0798941031098365784 100
0.303393006324768066 -0.0117950001731514931 0.0800596028566360474 100
0.383469998836517334 -0.236975997686386108 0.0955353975296020508 100
0.379462987184524536 -0.235019996762275696 0.0948998034000396729 100
0.379474997520446777 -0.23745100200176239 0.0949613973498344421 100
0.383507013320922852 -0.244404003024101257 0.0957238003611564636 100
0.384525001049041748 -0.248055994510650635 0.0959651023149490356 100
0.384537011384963989 -0.250602990388870239 0.0960336029529571533 100
0.385554999113082886 -0.254332005977630615 0.0962797999382019043 100
0.286139011383056641 0.0415215007960796356 0.0762374997138977051 100
0.29512101411819458 0.0434328988194465637 0.0776050984859466553 100
0.301113009452819824 0.044207599014043808 0.0785154029726982117 100
0.326058000326156616 0.0508792996406555176 0.0823191031813621521 100
0.328061014413833618 0.0500400997698307037 0.0826195031404495239 100
0.328067988157272339 0.0485701002180576324 0.0826155990362167358 100
0.329073995351791382 0.0473904013633728027 0.0827640965580940247 100
0.326088011264801025 0.0450741983950138092 0.0823040008544921875 100
0.311129003763198853 0.0395614989101886749 0.0800181031227111816 100
0.268242001533508301 0.0242111999541521072 0.0734674036502838135 100
0.268247008323669434 0.0232881996780633926 0.0734658986330032349 100
0.268251985311508179 0.0223658997565507889 0.0734646022319793701 100
0.26426398754119873 0.0206112992018461227 0.0728551968932151794 100
0.263269990682601929 0.0195266008377075195 0.0727021023631095886 100
0.262277007102966309 0.018460400402545929 0.0725492015480995178 100
0.261283010244369507 0.0174125004559755325 0.072396397590637207 100
0.260289013385772705 0.016382899135351181 0.0722436979413032532 100
0.260293006896972656 0.0155351003631949425 0.0722431987524032593 100
0.260298013687133789 0.0146877001971006393 0.0722429007291793823 100
0.26030200719833374 0.0138408001512289047 0.0722426027059555054 100
0.260307013988494873 0.0129941003397107124 0.0722424983978271484 100
0.25931200385093689 0.0120200002565979958 0.0720904022455215454 100
0.258318006992340088 0.0110640004277229309 0.0719384998083114624 100
0.258322000503540039 0.0102361002936959267 0.0719387009739875793 100
0.257328003644943237 0.00930730998516082764 0.0717869997024536133 100
0.256332993507385254 0.00839657988399267197 0.0716354027390480042 100
0.255338996648788452 0.00750384991988539696 0.071483902633190155 100
0.256341993808746338 0.00677806977182626724 0.0716366022825241089 100
0.257344990968704224 0.00603468017652630806 0.0717895030975341797 100
0.257349014282226562 0.00521695008501410484 0.0717903971672058105 100
0.258352011442184448 0.00444717006757855415 0.0719434991478919983 100
0.260354012250900269 0.00369867007248103619 0.072248801589012146 100
0.262356996536254883 0.00291470997035503387 0.0725542977452278137 100
0.264358997344970703 0.00209528999403119087 0.0728598982095718384 100
0.264364004135131836 0.00121580995619297028 0.072861500084400177 100
0.263368993997573853 0.000332963012624531984 0.0727109983563423157 100
0.26437300443649292 -0.000543089990969747305 0.0728650018572807312 100
0.263377994298934937 -0.00140820001251995564 0.0727147981524467468 100
0.262383013963699341 -0.002255589934065938 0.0725646018981933594 100
0.262387990951538086 -0.00311741000041365623 0.0725667029619216919 100
0.262392014265060425 -0.00397932995110750198 0.0725689977407455444 100
0.26239699125289917 -0.00484137004241347313 0.0725713968276977539 100
0.263401001691818237 -0.00576234003528952599 0.0727261975407600403 100
0.264405012130737305 -0.00670125987380743027 0.0728811994194984436 100
0.293397009372711182 -0.0098024299368262291 0.0773025006055831909 100
0.284406006336212158 -0.0101715996861457825 0.0759347006678581238 100
0.29041600227355957 -0.0129089001566171646 0.0768568962812423706 100
0.288421988487243652 -0.013797299936413765 0.0765561014413833618 100
0.286428004503250122 -0.0146505003795027733 0.0762552991509437561 100
0.285432994365692139 -0.0155983995646238327 0.0761070996522903442 100
0.288439005613327026 -0.0170844998210668564 0.0765692964196205139 100
0.289443999528884888 -0.0183290001004934311 0.0767266005277633667 100
0.28744998574256897 -0.0191216003149747849 0.0764262005686759949 100
0.286455005407333374 -0.0200446993112564087 0.0762784034013748169 100
0.38145899772644043 -0.232325002551078796 0.0930764973163604736 100
0.379462003707885742 -0.232558995485305786 0.0928035005927085876 100
0.376459985971450806 -0.231661006808280945 0.0923663005232810974 100
0.375467002391815186 -0.232941001653671265 0.0922586023807525635 100
0.374473989009857178 -0.234216004610061646 0.0921519994735717773 100
0.379510998725891113 -0.242311999201774597 0.0930391028523445129 100
0.384548991918563843 -0.250544995069503784 0.0939308032393455505 100
0.382551014423370361 -0.250788986682891846 0.093665100634098053 100
0.268180012702941895 0.0372056998312473297 0.0725777968764305115 100
0.26818498969078064 0.0362714007496833801 0.0725748986005783081 100
0.268189996480941772 0.0353381000459194183 0.0725720003247261047 100
0.268195003271102905 0.0344058014452457428 0.0725693032145500183 100
0.268200010061264038 0.0334744006395339966 0.0725667998194694519 100
0.269201993942260742 0.03285989910364151 0.0727076008915901184 100
0.269207000732421875 0.0319213010370731354 0.0727052986621856689 100
0.268213987350463867 0.0306855998933315277 0.0725598037242889404 100
0.271212011575698853 0.0306244008243083954 0.0729874968528747559 100
0.303146988153457642 0.0386274009943008423 0.0775697976350784302 100
0.31013798713684082 0.0392826981842517853 0.0785700976848602295 100
0.312139987945556641 0.0385035015642642975 0.078854098916053772 100
0.310151010751724243 0.0366776995360851288 0.0785653963685035706 100
0.268247008323669434 0.0242062006145715714 0.0725478008389472961 100
0.267253994941711426 0.0230573005974292755 0.0724034011363983154 100
0.266261011362075806 0.0219269003719091415 0.0722592025995254517 100
0.265267014503479004 0.0208149999380111694 0.0721151009202003479 100
0.263274997472763062 0.0195222999900579453 0.0718279033899307251 100
0.262282013893127441 0.0184562001377344131 0.0716840997338294983 100
0.261287987232208252 0.0174084994941949844 0.0715404003858566284 100
0.26029399037361145 0.0163790993392467499 0.0713967978954315186 100
0.260298013687133789 0.0155314002186059952 0.0713964998722076416 100
0.260302990674972534 0.0146840997040271759 0.0713962018489837646 100
0.260307013988494873 0.0138373002409934998 0.0713960975408554077 100
0.260311007499694824 0.0129907997325062752 0.0713960975408554077 100
0.260316014289855957 0.0121446000412106514 0.0713962018489837646 100
0.259321004152297974 0.0111798001453280449 0.0712532997131347656 100
0.259326010942459106 0.0103431995958089828 0.0712535977363586426 100
0.258331000804901123 0.0094056297093629837 0.0711108967661857605 100
0.257337003946304321 0.00848613958805799484 0.0709682032465934753 100
0.257340997457504272 0.00766800018027424812 0.0709689036011695862 100
0.257344990968704224 0.00685006007552146912 0.0709695965051651001 100
0.257349014282226562 0.00603228993713855743 0.0709704011678695679 100
0.258352994918823242 0.00527135981246829033 0.0711145028471946716 100
0.259355992078781128 0.00449278997257351875 0.0712587982416152954 100
0.260358989238739014 0.00369655992835760117 0.0714031010866165161 100
0.26336100697517395 0.00294269993901252747 0.0718341022729873657 100
0.268361002206802368 0.00217789993621408939 0.0725516006350517273 100
0.265368014574050903 0.00122622994240373373 0.072123602032661438 100
0.265372991561889648 0.000338009005645290017 0.0721253007650375366 100
0.265377014875411987 -0.000550203025341033936 0.0721270963549613953 100
0.264382004737854004 -0.00142405997030436993 0.0719858035445213318 100
0.263388007879257202 -0.00228019990026950836 0.0718445032835006714 100
0.262392997741699219 -0.00311864004470407963 0.071703299880027771 100
0.26239699125289917 -0.0039804498665034771 0.0717054978013038635 100
0.262401014566421509 -0.00484236981719732285 0.071707896888256073 100
0.262405991554260254 -0.00570442993193864822 0.0717103034257888794 100
0.285400986671447754 -0.00812368001788854599 0.0750117972493171692 100
0.286406010389328003 -0.00926715973764657974 0.0751586034893989563 100
0.280413001775741577 -0.00983032956719398499 0.0743011012673377991 100
0.282418012619018555 -0.0110419997945427895 0.0745915994048118591 100
0.275424987077713013 -0.0113602001219987869 0.073590397834777832 100
0.275429993867874146 -0.0123392995446920395 0.0735938996076583862 100
0.27443501353263855 -0.0131975999101996422 0.0734540000557899475 100
0.273440003395080566 -0.0140385003760457039 0.0733141005039215088 100
0.273445010185241699 -0.0150009002536535263 0.0733179971575737 100
0.274450004100799561 -0.0161115005612373352 0.0734656974673271179 100
0.273454993963241577 -0.0169268995523452759 0.0733261033892631531 100
0.274459987878799438 -0.0180562008172273636 0.073474101722240448 100
0.274464994668960571 -0.0190293006598949432 0.0734784975647926331 100
0.275469988584518433 -0.0201864000409841537 0.0736270025372505188 100
0.279475986957550049 -0.021939300000667572 0.074207402765750885 100
0.386469006538391113 -0.232785999774932861 0.0916953980922698975 100
0.382463008165359497 -0.230949997901916504 0.0911291986703872681 100
0.378455996513366699 -0.229038998484611511 0.0905622988939285278 100
0.377463012933731079 -0.230330005288124084 0.090458996593952179 100
0.374460995197296143 -0.229408994317054749 0.0900465995073318481 100
0.371457993984222412 -0.228435993194580078 0.0896340012550354004 100
0.368454992771148682 -0.227412000298500061 0.0892212018370628357 100
0.366456985473632812 -0.227475002408027649 0.0889642015099525452 100
0.364457994699478149 -0.227510005235671997 0.0887074992060661316 100
0.384573012590408325 -0.253055006265640259 0.0918918028473854065 100
0.269172996282577515 0.0394499003887176514 0.0717948973178863525 100
0.269178003072738647 0.0385046005249023438 0.0717921033501625061 100
0.26818498969078064 0.0371991991996765137 0.0716547966003417969 100
0.268189996480941772 0.0362650007009506226 0.0716521963477134705 100
0.269192993640899658 0.0356748998165130615 0.0717841014266014099 100
0.268200010061264038 0.0343995988368988037 0.0716473013162612915 100
0.26720699667930603 0.0331434011459350586 0.0715105980634689331 100
0.267212003469467163 0.0322220996022224426 0.0715084969997406006 100
0.267217010259628296 0.0313016995787620544 0.071506403386592865 100
0.266223996877670288 0.0300842002034187317 0.0713701993227005005 100
0.26722601056098938 0.0294633004814386368 0.0715027004480361938 100
0.268229007720947266 0.028825199231505394 0.0716354027390480042 100
0.26923099160194397 0.0281697995960712433 0.0717680975794792175 100
0.269235998392105103 0.0272353999316692352 0.0717666000127792358 100
0.270238995552062988 0.0265545006841421127 0.0718996003270149231 100
0.270244002342224121 0.0256126001477241516 0.0718982964754104614 100
0.270249009132385254 0.0246712993830442429 0.0718970969319343567 100
0.269255012273788452 0.023504599928855896 0.0717618986964225769 100
0.267264008522033691 0.0221394002437591553 0.0714925006031990051 100
0.265271991491317749 0.0208106990903615952 0.0712231993675231934 100
0.263280004262924194 0.0195182003080844879 0.0709540992975234985 100
0.263285011053085327 0.0186425000429153442 0.0709536001086235046 100
0.261292010545730591 0.0174046996980905533 0.0706847012042999268 100
0.260298013687133789 0.0163754001259803772 0.0705502033233642578 100
0.260302990674972534 0.0155277997255325317 0.0705500021576881409 100
0.260307013988494873 0.0146807003766298294 0.0705498978495597839 100
0.261310011148452759 0.0139795001596212387 0.0706840977072715759 100
0.260316014289855957 0.0129875000566244125 0.0705500021576881409 100
0.260320007801055908 0.0121414996683597565 0.0705502033233642578 100
0.260325014591217041 0.0112957004457712173 0.0705505013465881348 100
0.259330004453659058 0.0103403003886342049 0.0704166963696479797 100
0.258336007595062256 0.00940285995602607727 0.0702830031514167786 100
0.257340997457504272 0.00848350021988153458 0.0701493024826049805 100
0.257344990968704224 0.00766546977683901787 0.0701500028371810913 100
0.257349997758865356 0.0068476400338113308 0.0701508000493049622 100
0.258352994918823242 0.00609550997614860535 0.0702859982848167419 100
0.258356988430023193 0.0052691199816763401 0.0702869966626167297 100
0.259359985589981079 0.00449061999097466469 0.0704222992062568665 100
0.261362999677658081 0.00373336998745799065 0.0706920996308326721 100
0.262365996837615967 0.00291066011413931847 0.0708277970552444458 100
0.265368014574050903 0.0021124999038875103 0.0712321996688842773 100
0.267370998859405518 0.00124886003322899342 0.0715024992823600769 100
0.265377014875411987 0.000336268014507368207 0.0712355002760887146 100
0.265381991863250732 -0.00055183598306030035 0.0712374001741409302 100
0.264387011528015137 -0.0014255699934437871 0.0711048990488052368 100
0.263392001390457153 -0.00228157988749444485 0.0709725022315979004 100
0.26239699125289917 -0.00311990990303456783 0.070840202271938324 100
0.262401998043060303 -0.00398160004988312721 0.0708424001932144165 100
0.262405991554260254 -0.00484341010451316833 0.070844702422618866 100
0.263410001993179321 -0.00576417986303567886 0.0709815993905067444 100
0.286406010389328003 -0.00819240976125001907 0.0740782991051673889 100
0.285412013530731201 -0.00919147022068500519 0.0739469975233078003 100
0.280418992042541504 -0.00983105041086673737 0.0732775032520294189 100
0.272426009178161621 -0.0100988000631332397 0.0722038969397544861 100
0.273431003093719482 -0.0111541002988815308 0.0723417028784751892 100
0.275435000658035278 -0.0123396003618836403 0.0726144984364509583 100
0.272440999746322632 -0.0129556003957986832 0.0722139030694961548 100
0.272446006536483765 -0.0139086004346609116 0.072217501699924469 100
0.272451013326644897 -0.0148619003593921661 0.0722211971879005432 100
0.271454989910125732 -0.0156677998602390289 0.0720902010798454285 100
0.271459996700286865 -0.0166130997240543365 0.0720940977334976196 100
0.271465003490447998 -0.0175588000565767288 0.0720980986952781677 100
0.271470010280609131 -0.018504999577999115 0.0721021965146064758 100
0.271474987268447876 -0.0194517001509666443 0.0721063986420631409 100
0.271479994058609009 -0.020399000495672226 0.0721108019351959229 100
0.27148398756980896 -0.0213468000292778015 0.0721153020858764648 100
0.276490986347198486 -0.0233468003571033478 0.0727953016757965088 100
0.298505008220672607 -0.0291648004204034805 0.0757732987403869629 100
0.388478010892868042 -0.232416003942489624 0.0898469984531402588 100
0.383466988801956177 -0.229572996497154236 0.0891712009906768799 100
0.379460006952285767 -0.227702006697654724 0.0886391028761863708 100
0.378466993570327759 -0.228999003767967224 0.0885414034128189087 100
0.375463992357254028 -0.228106006979942322 0.0881540030241012573 100
0.373466998338699341 -0.228264003992080688 0.0879118964076042175 100
0.37046399712562561 -0.227279007434844971 0.0875243991613388062 100
0.366454988718032837 -0.225117996335029602 0.0869906991720199585 100
0.364457011222839355 -0.225155994296073914 0.0867488980293273926 100
0.362457990646362305 -0.225165992975234985 0.0865074023604393005 100
0.360458999872207642 -0.225149005651473999 0.0862663015723228455 100
0.267174005508422852 0.0405422002077102661 0.070616699755191803 100
0.267179012298583984 0.0396130010485649109 0.0706140026450157166 100
0.269178003072738647 0.0394433997571468353 0.070862598717212677 100
0.26918300986289978 0.0384982004761695862 0.0708601027727127075 100
0.269187986850738525 0.0375541001558303833 0.0708575993776321411 100
0.269192993640899658 0.0366109982132911682 0.0708552971482276917 100
0.269198000431060791 0.0356688983738422394 0.0708530992269515991 100
0.270200014114379883 0.0350616015493869781 0.0709765031933784485 100
0.269207000732421875 0.0337875001132488251 0.070849098265171051 100
0.269212007522583008 0.0328482985496520996 0.0708471983671188354 100
0.269217014312744141 0.0319099016487598419 0.0708454027771949768 100
0.268224000930786133 0.0306745991110801697 0.0707183033227920532 100
0.270224988460540771 0.0303245000541210175 0.0709675997495651245 100
0.27022901177406311 0.0293796006590127945 0.0709661021828651428 100
0.269235998392105103 0.0281646996736526489 0.0708393976092338562 100
0.270238995552062988 0.0274921990931034088 0.0709635987877845764 100
0.270244002342224121 0.0265496000647544861 0.0709623992443084717 100
0.269255995750427246 0.0244315993040800095 0.0708350986242294312 100
0.268261998891830444 0.0232740994542837143 0.0707089975476264954 100
0.268267005681991577 0.0223520994186401367 0.0707082971930503845 100
0.265276998281478882 0.0208065006881952286 0.0703317001461982727 100
0.263285011053085327 0.0195141993463039398 0.0700806006789207458 100
0.262291014194488525 0.0184483993798494339 0.069954998791217804 100
0.262295991182327271 0.0175822004675865173 0.069954700767993927 100
0.261301994323730469 0.0165442004799842834 0.069829203188419342 100
0.260307013988494873 0.0155244003981351852 0.0697038993239402771 100
0.260311990976333618 0.0146773001179099083 0.0697038993239402771 100
0.261314988136291504 0.0139763001352548599 0.0698293000459671021 100
0.261319011449813843 0.0131211001425981522 0.069829501211643219 100
0.260325014591217041 0.0121384002268314362 0.0697045028209686279 100
0.260329008102416992 0.0112928003072738647 0.0697048977017402649 100
0.260334014892578125 0.010447399690747261 0.0697053968906402588 100
0.258340001106262207 0.00940017960965633392 0.0694554001092910767 100
0.25834500789642334 0.00857312977313995361 0.0694561004638671875 100
0.258349001407623291 0.00774630019441246986 0.0694568008184432983 100
0.258352994918823242 0.00691966991871595383 0.0694577023386955261 100
0.257358014583587646 0.00602769013494253159 0.069333299994468689 100
0.258361995220184326 0.00526692019775509834 0.0694596990942955017 100
0.259364992380142212 0.00448849983513355255 0.0695862025022506714 100
0.261366993188858032 0.00373129011131823063 0.069838300347328186 100
0.2623710036277771 0.00290866009891033173 0.0699649974703788757 100
0.271369010210037231 0.00223718001507222652 0.0710953995585441589 100
0.269374996423721313 0.00127142004203051329 0.0708461999893188477 100
0.266382008790969849 0.000337864999892190099 0.0704715996980667114 100
0.264387995004653931 -0.000547948002349585295 0.0702224969863891602 100
0.264391988515853882 -0.00142709002830088139 0.0702243968844413757 100
0.264396995306015015 -0.00230628997087478638 0.0702264010906219482 100
0.262401998043060303 -0.00312119000591337681 0.0699774026870727539 100
0.26340600848197937 -0.0040238499641418457 0.0701050981879234314 100
0.263410985469818115 -0.00489444006234407425 0.0701074004173278809 100
0.265413999557495117 -0.00588282989338040352 0.0703610032796859741 100
0.281414002180099487 -0.00785494968295097351 0.0723737031221389771 100
0.284417986869812012 -0.00911584030836820602 0.0727536976337432861 100
0.28342399001121521 -0.0100883003324270248 0.0726312994956970215 100
0.27742999792098999 -0.0105713997036218643 0.0718803033232688904 100
0.277435988187789917 -0.0115676997229456902 0.0718835964798927307 100
0.280440002679824829 -0.0129009000957012177 0.0722642987966537476 100
0.275445997714996338 -0.0133191999047994614 0.0716388002038002014 100
0.273451000452041626 -0.0140388002619147301 0.0713907033205032349 100
0.274455994367599487 -0.015139799565076828 0.0715202018618583679 100
0.273461014032363892 -0.0159635003656148911 0.0713979974389076233 100
0.272466003894805908 -0.01676969975233078 0.0712758973240852356 100
0.272469997406005859 -0.0177241992205381393 0.0712798014283180237 100
0.271474987268447876 -0.0185046996921300888 0.071157701313495636 100
0.272480010986328125 -0.0196348000317811966 0.0712879002094268799 100
0.271485000848770142 -0.0203984007239341736 0.0711660012602806091 100
0.270489007234573364 -0.0211446993052959442 0.0710441023111343384 100
0.274495989084243774 -0.0229253005236387253 0.0715532004833221436 100
0.280503988265991211 -0.0252167005091905594 0.0723150968551635742 100
0.286511987447738647 -0.0276162996888160706 0.0730777010321617126 100
0.387472003698348999 -0.228912994265556335 0.0875642001628875732 100
0.383466005325317383 -0.227145999670028687 0.0870674028992652893 100
0.381467998027801514 -0.227421000599861145 0.0868401974439620972 100
0.378466010093688965 -0.226596996188163757 0.0864778980612754822 100
0.376468002796173096 -0.226800993084907532 0.086250796914100647 100
0.374469995498657227 -0.22697700560092926 0.0860240012407302856 100
0.371466994285583496 -0.226019993424415588 0.0856615975499153137 100
0.368463993072509766 -0.225012004375457764 0.0852989032864570618 100
0.366465002298355103 -0.225078001618385315 0.0850725024938583374 100
0.364466995000839233 -0.225115001201629639 0.08484639972448349 100
0.36246800422668457 -0.22512499988079071 0.0846206024289131165 100
0.360469013452529907 -0.225106999278068542 0.0843952968716621399 100
0.271158009767532349 0.0440602004528045654 0.070173799991607666 100
0.269169002771377563 0.0422791987657546997 0.0699376985430717468 100
0.271167993545532227 0.0421256013214588165 0.0701685994863510132 100
0.2701759934425354 0.0407718010246753693 0.0700495019555091858 100
0.270181000232696533 0.0398164987564086914 0.0700471997261047363 100
0.270186007022857666 0.0388622991740703583 0.0700450018048286438 100
0.270191013813018799 0.0379091985523700714 0.0700429007411003113 100
0.270195990800857544 0.0369571000337600708 0.0700408965349197388 100
0.270200014114379883 0.0360061004757881165 0.0700389966368675232 100
0.270204991102218628 0.0350559987127780914 0.0700372010469436646 100
0.270209997892379761 0.0341068990528583527 0.0700355023145675659 100
0.271212995052337646 0.0334745012223720551 0.0701505020260810852 100
0.271218001842498779 0.0325182005763053894 0.0701489970088005066 100
0.271223008632659912 0.0315627008676528931 0.0701475962996482849 100
0.272226005792617798 0.0308969002217054367 0.0702627003192901611 100
0.272231012582778931 0.0299341008067131042 0.0702615007758140564 100
0.274230986833572388 0.029513699933886528 0.0704933032393455505 100
0.290205001831054688 0.0327230989933013916 0.0723553001880645752 100
0.271246999502182007 0.0267977993935346603 0.0701420009136199951 100
0.27125200629234314 0.0258469991385936737 0.0701412037014961243 100
0.271257013082504272 0.0248969998210668564 0.0701405033469200134 100
0.268267005681991577 0.0232698004692792892 0.0697906985878944397 100
0.26827201247215271 0.0223478991538286209 0.0697901993989944458 100
0.265282005071640015 0.0208024997264146805 0.069440498948097229 100
0.264288008213043213 0.0197094995528459549 0.0693238973617553711 100
0.263294011354446411 0.0186349004507064819 0.0692073032259941101 100
0.262300014495849609 0.0175787005573511124 0.0690907016396522522 100
0.26130598783493042 0.0165407005697488785 0.0689743012189865112 100
0.260311990976333618 0.015521099790930748 0.0688579976558685303 100
0.261314988136291504 0.0148285999894142151 0.0689745992422103882 100
0.261319011449813843 0.0139731001108884811 0.0689748004078865051 100
0.261323988437652588 0.0131179997697472572 0.0689750984311103821 100
0.261328011751174927 0.0122632002457976341 0.068975597620010376 100
0.260334014892578125 0.0112899001687765121 0.0688596963882446289 100
0.260338008403778076 0.0104446997866034508 0.0688602998852729797 100
0.259344011545181274 0.00949862040579319 0.0687445029616355896 100
0.258349001407623291 0.00857060961425304413 0.0686288028955459595 100
0.258352994918823242 0.00774386990815401077 0.0686296969652175903 100
0.25735899806022644 0.00684294989332556725 0.0685141012072563171 100
0.258361995220184326 0.00609096977859735489 0.0686315968632698059 100
0.259364992380142212 0.00532136997207999229 0.0687491968274116516 100
0.259369999170303345 0.00448640994727611542 0.0687503963708877563 100
0.261371999979019165 0.00372925004921853542 0.0689847022294998169 100
0.26537400484085083 0.0029965799767524004 0.0694520995020866394 100
0.27037501335144043 0.00221403990872204304 0.0700363963842391968 100
0.269380003213882446 0.00126951001584529877 0.0699215009808540344 100
0.267385989427566528 0.000339435006026178598 0.0696901977062225342 100
0.265392005443572998 -0.000555127975530922413 0.0694589018821716309 100
0.264396995306015015 -0.00142862997017800808 0.0693442001938819885 100
0.263401985168457031 -0.00228441995568573475 0.0692294985055923462 100
0.262407004833221436 -0.00312251993454992771 0.0691149011254310608 100
0.262410998344421387 -0.00398402009159326553 0.0691170021891593933 100
0.263415008783340454 -0.00489558978006243706 0.0692358985543251038 100
0.267419010400772095 -0.0060015898197889328 0.0697050988674163818 100
0.284419000148773193 -0.00805926043540239334 0.0716923028230667114 100
0.285423994064331055 -0.00919349957257509232 0.0718121007084846497 100
0.284429997205734253 -0.0101747997105121613 0.0716983973979949951 100
0.280436009168624878 -0.0108554000034928322 0.0712343975901603699 100
0.279440999031066895 -0.0117750000208616257 0.0711207985877990723 100
0.278445988893508911 -0.0126770995557308197 0.0710072964429855347 100
0.274450987577438354 -0.0131986001506447792 0.0705429986119270325 100
0.273456007242202759 -0.0140391001477837563 0.0704294964671134949 100
0.272460997104644775 -0.0148622002452611923 0.0703160017728805542 100
0.272466003894805908 -0.0158158000558614731 0.0703195035457611084 100
0.271470993757247925 -0.0166129991412162781 0.0702060982584953308 100
0.271474987268447876 -0.0175585001707077026 0.070209801197052002 100
0.271479994058609009 -0.0185045003890991211 0.0702136009931564331 100
0.271485000848770142 -0.0194509997963905334 0.0702174976468086243 100
0.272489994764328003 -0.0205904003232717514 0.0703387036919593811 100
0.272495001554489136 -0.0215470008552074432 0.0703428015112876892 100
0.273501008749008179 -0.0227144006639719009 0.0704642981290817261 100
0.27550700306892395 -0.0241196006536483765 0.0707032978534698486 100
0.279514014720916748 -0.026017799973487854 0.0711771994829177856 100
0.279518991708755493 -0.0270396005362272263 0.0711819976568222046 100
0.280524998903274536 -0.0283083003014326096 0.0713044032454490662 100
0.388476014137268066 -0.227501004934310913 0.0855588987469673157 100
0.384469002485275269 -0.225774005055427551 0.0850970000028610229 100
0.382472008466720581 -0.226067006587982178 0.0848852992057800293 100
0.380475014448165894 -0.226330995559692383 0.0846737995743751526 100
0.377472013235092163 -0.225494995713233948 0.084336601197719574 100
0.374469012022018433 -0.224608004093170166 0.0839992985129356384 100
0.373475998640060425 -0.225850999355316162 0.0839141979813575745 100
0.370472997426986694 -0.224883005023002625 0.0835769027471542358 100
0.368474006652832031 -0.224976003170013428 0.083365999162197113 100
0.365471005439758301 -0.223915994167327881 0.0830285996198654175 100
0.363472014665603638 -0.223940998315811157 0.0828180015087127686 100
0.361472994089126587 -0.223938003182411194 0.0826077982783317566 100
0.360478997230529785 -0.225068002939224243 0.082525297999382019 100
0.270150989294052124 0.0465216003358364105 0.0691220983862876892 100
0.268162012100219727 0.0446913987398147583 0.068903997540473938 100
0.27016100287437439 0.0445980988442897797 0.0691172033548355103 100
0.269169002771377563 0.0432226993143558502 0.0690070986747741699 100
0.269174009561538696 0.0422731004655361176 0.0690049007534980774 100
0.269178986549377441 0.0413248017430305481 0.0690027996897697449 100
0.269183993339538574 0.0403775982558727264 0.0690008029341697693 100
0.270186007022857666 0.0398106984794139862 0.0691064968705177307 100
0.270191013813018799 0.0388565994799137115 0.0691047012805938721 100
0.270195990800857544 0.0379035994410514832 0.0691028982400894165 100
0.271198004484176636 0.0373034998774528503 0.0692088976502418518 100
0.271203011274337769 0.036343500018119812 0.0692073032259941101 100
0.271207988262176514 0.0353844985365867615 0.0692057982087135315 100
0.270215004682540894 0.0341016985476016998 0.0690968036651611328 100
0.271218001842498779 0.0334693007171154022 0.0692031010985374451 100
0.270224988460540771 0.0322064012289047241 0.0690943971276283264 100
0.269232004880905151 0.0309622995555400848 0.0689857006072998047 100
0.272231012582778931 0.0308919996023178101 0.0693072974681854248 100
0.271237999200820923 0.0296496003866195679 0.06919880211353302 100
0.271243005990982056 0.0286967009305953979 0.0691979974508285522 100
0.273243993520736694 0.028268100693821907 0.0694122985005378723 100
0.272251009941101074 0.0270460005849599838 0.0693041011691093445 100
0.270258992910385132 0.0255987998098134995 0.0690885037183761597 100
0.270263999700546265 0.0246578007936477661 0.0690879970788955688 100
0.270269006490707397 0.0237175002694129944 0.0690876021981239319 100
0.268276989459991455 0.022343900054693222 0.068872302770614624 100
0.2662850022315979 0.0210066996514797211 0.0686571002006530762 100
0.264292985200881958 0.0197059009224176407 0.0684420019388198853 100
0.263298988342285156 0.018631400540471077 0.0683344975113868713 100
0.262304991483688354 0.0175752993673086166 0.0682270005345344543 100
0.261310994625091553 0.0165373999625444412 0.0681196972727775574 100
0.261314988136291504 0.0156813003122806549 0.0681198984384536743 100
0.261319994926452637 0.0148254996165633202 0.0681201964616775513 100
0.261323988437652588 0.0139701003208756447 0.0681205987930297852 100
0.261328995227813721 0.0131149999797344208 0.068121001124382019 100
0.261332988739013672 0.0122603997588157654 0.0681215971708297729 100
0.26033899188041687 0.0112872002646327019 0.0680145993828773499 100
0.260342985391616821 0.0104419998824596405 0.0680152997374534607 100
0.26034700870513916 0.00959709007292985916 0.0680160969495773315 100
0.259353011846542358 0.00866030994802713394 0.0679093971848487854 100
0.258358001708984375 0.00774152018129825592 0.0678028017282485962 100
0.258361995220184326 0.00691505987197160721 0.067803800106048584 100
0.258365988731384277 0.00608876999467611313 0.0678047984838485718 100
0.25837099552154541 0.00526265008375048637 0.0678059980273246765 100
0.258374989032745361 0.00443664984777569771 0.0678071975708007812 100
0.261377006769180298 0.00372724002227187157 0.0681312978267669678 100
0.262380987405776978 0.00290473992936313152 0.0682403966784477234 100
0.278373986482620239 0.00238055991940200329 0.0699642971158027649 100
0.270384013652801514 0.00127979996614158154 0.0691047981381416321 100
0.265392005443572998 0.000331032992107793689 0.0685681998729705811 100
0.265397012233734131 -0.000556787010282278061 0.0685700029134750366 100
0.265401005744934082 -0.00144462997559458017 0.0685719028115272522 100
0.264405995607376099 -0.00230919010937213898 0.0684662014245986938 100
0.264411002397537231 -0.00318827992305159569 0.0684681981801986694 100
0.263415992259979248 -0.00402637012302875519 0.068362601101398468 100
0.263419985771179199 -0.0048967897891998291 0.0683647021651268005 100
0.265424013137817383 -0.00588503992184996605 0.0685826987028121948 100
0.285423994064331055 -0.00812823977321386337 0.0707421004772186279 100
0.284429997205734253 -0.00911802984774112701 0.0706371963024139404 100
0.284435003995895386 -0.0101757999509572983 0.0706403031945228577 100
0.276441007852554321 -0.010478699579834938 0.0697799995541572571 100
0.274446994066238403 -0.0112592997029423714 0.0695670992136001587 100
0.275451987981796265 -0.0123412003740668297 0.0696782022714614868 100
0.272455990314483643 -0.0129568995907902718 0.0693574026226997375 100
0.272460997104644775 -0.013909599743783474 0.0693605989217758179 100
0.272466003894805908 -0.0148625997826457024 0.0693638026714324951 100
0.272471010684967041 -0.0158159993588924408 0.0693672001361846924 100
0.272475987672805786 -0.016769900918006897 0.0693707019090652466 100
0.27148100733757019 -0.0175586007535457611 0.069266103208065033 100
0.271485000848770142 -0.0185045003890991211 0.0692697018384933472 100
0.271490007638931274 -0.019450899213552475 0.0692735016345977783 100
0.271495014429092407 -0.020397799089550972 0.0692773014307022095 100
0.271499991416931152 -0.0213453005999326706 0.0692811980843544006 100
0.272504985332489014 -0.0225037001073360443 0.0693935006856918335 100
0.273510992527008057 -0.0236805994063615799 0.0695059970021247864 100
0.274515986442565918 -0.0248760003596544266 0.0696187019348144531 100
0.276522994041442871 -0.0263273008167743683 0.0698401033878326416 100
0.276528000831604004 -0.0273228008300065994 0.0698446035385131836 100
0.277534008026123047 -0.0285742003470659256 0.0699578970670700073 100
0.279540002346038818 -0.0301085002720355988 0.0701799020171165466 100
0.287551999092102051 -0.0333180986344814301 0.0710539966821670532 100
0.396499007940292358 -0.230704993009567261 0.084314301609992981 100
0.392493993043899536 -0.229126006364822388 0.0838882997632026672 100
0.387483000755310059 -0.226447999477386475 0.0833462029695510864 100
0.383475989103317261 -0.224710002541542053 0.082918897271156311 100
0.381478011608123779 -0.22499200701713562 0.0827229991555213928 100
0.379480987787246704 -0.225244000554084778 0.0825273022055625916 100
0.376477986574172974 -0.224397003650665283 0.0822153985500335693 100
0.374480009078979492 -0.224577993154525757 0.0820197984576225281 100
0.372482001781463623 -0.224729001522064209 0.0818243026733398438 100
0.369477987289428711 -0.22374899685382843 0.0815123021602630615 100
0.367480009794235229 -0.223829999566078186 0.0813170000910758972 100
0.364475995302200317 -0.222757995128631592 0.081004798412322998 100
0.363481998443603516 -0.223908007144927979 0.0809272974729537964 100
0.361483007669448853 -0.223903998732566833 0.0807328000664710999 100
0.359483987092971802 -0.223872005939483643 0.0805386006832122803 100
0.269154012203216553 0.0470268987119197845 0.0680823028087615967 100
0.268162012100219727 0.0456295013427734375 0.0679813027381896973 100
0.268166989088058472 0.0446855016052722931 0.0679792016744613647 100
0.269169002771377563 0.0441674999892711639 0.0680760964751243591 100
0.269174009561538696 0.043216899037361145 0.0680741965770721436 100
0.26818200945854187 0.0418610014021396637 0.067973598837852478 100
0.269183993339538574 0.0413191989064216614 0.0680705979466438293 100
0.269189000129699707 0.0403720997273921967 0.0680690035223960876 100
0.26919400691986084 0.0394260995090007782 0.068067401647567749 100
0.270195990800857544 0.0388512015342712402 0.0681646019220352173 100
0.270200997591018677 0.0378982983529567719 0.0681632012128829956 100
0.271203994750976562 0.0372982993721961975 0.0682606026530265808 100
0.271207988262176514 0.0363384000957012177 0.0682592988014221191 100
0.272210985422134399 0.0357131995260715485 0.0683567970991134644 100
0.271218001842498779 0.0344214998185634613 0.0682571008801460266 100
0.271223008632659912 0.0334643982350826263 0.0682561025023460388 100
0.271227985620498657 0.0325082987546920776 0.068255200982093811 100
0.270235002040863037 0.0312554016709327698 0.0681556984782218933 100
0.27024000883102417 0.0303099993616342545 0.0681549981236457825 100
0.270244985818862915 0.0293653998523950577 0.0681542977690696716 100
0.272246003150939941 0.0289629995822906494 0.0683509036898612976 100
0.272251009941101074 0.0280019994825124741 0.0683503970503807068 100
0.270260006189346313 0.0265363007783889771 0.0681528002023696899 100
0.273259013891220093 0.0263260006904602051 0.0684482008218765259 100
0.272266000509262085 0.0251234006136655807 0.068349398672580719 100
0.27027401328086853 0.0237134993076324463 0.0681520029902458191 100
0.270278990268707275 0.0227738991379737854 0.0681518986821174622 100
0.267289012670516968 0.0212111007422208786 0.0678561031818389893 100
0.264297991991043091 0.0197023991495370865 0.0675603970885276794 100
0.263303995132446289 0.0186279993504285812 0.0674619972705841064 100
0.262309998273849487 0.0175720006227493286 0.0673635974526405334 100
0.261316001415252686 0.0165343005210161209 0.0672653019428253174 100
0.261319994926452637 0.0156782008707523346 0.0672655999660491943 100
0.261323988437652588 0.0148224998265504837 0.0672660991549491882 100
0.261328995227813721 0.0139672001823782921 0.0672665983438491821 100
0.261332988739013672 0.0131122004240751266 0.067267097532749176 100
0.261337995529174805 0.0122576002031564713 0.0672677978873252869 100
0.260342985391616821 0.0112845003604888916 0.0671698972582817078 100
0.260347992181777954 0.0104393996298313141 0.0671705976128578186 100
0.260351985692977905 0.00959459971636533737 0.0671714991331100464 100
0.25935700535774231 0.00865790992975234985 0.0670737996697425842 100
0.259362012147903442 0.007822440005838871 0.067074798047542572 100
0.258367002010345459 0.00691284006461501122 0.0669770985841751099 100
0.259369999170303345 0.00615207990631461143 0.0670770034193992615 100
0.260374009609222412 0.00537370983511209488 0.0671769008040428162 100
0.261377006769180298 0.00457770004868507385 0.0672769024968147278 100
0.262380987405776978 0.00376406009308993816 0.0673770010471343994 100
0.270379990339279175 0.00314222997985780239 0.0681684017181396484 100
0.270384997129440308 0.00221002008765935898 0.0681701004505157471 100
0.27039000391960144 0.00127788004465401173 0.0681717991828918457 100
0.268395006656646729 0.000339165999321267009 0.0679759979248046875 100
0.266400992870330811 -0.000564036017749458551 0.0677803009748458862 100
0.265406012535095215 -0.00144621997606009245 0.0676833018660545349 100
0.264411002397537231 -0.00231069000437855721 0.0675863996148109436 100
0.264416009187698364 -0.00318968994542956352 0.0675885006785392761 100
0.263419985771179199 -0.00402768980711698532 0.0674917027354240417 100
0.263424992561340332 -0.00489802984520792961 0.0674937963485717773 100
0.281426012516021729 -0.00682801986113190651 0.0692768990993499756 100
0.283430993556976318 -0.00799406971782445908 0.0694776028394699097 100
0.281435996294021606 -0.00888935010880231857 0.0692823976278305054 100
0.283441007137298584 -0.0100913997739553452 0.0694833993911743164 100
0.27544701099395752 -0.0103852003812789917 0.0686940997838973999 100
0.274452000856399536 -0.0112600997090339661 0.0685978978872299194 100
0.274457007646560669 -0.0122298002243041992 0.0686009004712104797 100
0.273461997509002686 -0.0130786998197436333 0.0685048028826713562 100
0.272466987371444702 -0.0139100998640060425 0.0684088021516799927 100
0.273472011089324951 -0.0150020001456141472 0.0685112029314041138 100
0.274477005004882812 -0.0161121003329753876 0.0686136037111282349 100
0.274482011795043945 -0.0170837007462978363 0.0686170011758804321 100
0.272486001253128052 -0.0177244991064071655 0.0684219971299171448 100
0.274491995573043823 -0.0190283004194498062 0.0686241015791893005 100
0.274497002363204956 -0.0200014002621173859 0.0686277002096176147 100
0.274502009153366089 -0.0209750998765230179 0.0686314031481742859 100
0.274506986141204834 -0.021949300542473793 0.0686352998018264771 100
0.274511992931365967 -0.0229240991175174713 0.0686391964554786682 100
0.275516986846923828 -0.0241187997162342072 0.068742603063583374 100
0.274522006511688232 -0.0248757004737854004 0.0686471983790397644 100
0.275527000427246094 -0.0260895993560552597 0.0687509998679161072 100
0.276533007621765137 -0.0273221991956233978 0.06885480135679245 100
0.27653801441192627 -0.0283183995634317398 0.0688593015074729919 100
0.277543991804122925 -0.0295794997364282608 0.0689634010195732117 100
0.279550999402999878 -0.0311324000358581543 0.069167502224445343 100
0.297573000192642212 -0.037235599011182785 0.0709678977727890015 100
0.300581991672515869 -0.039297398179769516 0.0712729990482330322 100
0.300588995218276978 -0.0405141003429889679 0.0712788999080657959 100
0.300594985485076904 -0.0417318008840084076 0.0712850019335746765 100
0.298599004745483398 -0.0423144996166229248 0.0710911974310874939 100
0.297603994607925415 -0.0431892983615398407 0.0709974020719528198 100
0.294606000185012817 -0.0433747991919517517 0.0707034990191459656 100
0.291608989238739014 -0.0435071997344493866 0.0704094991087913513 100
0.291613996028900146 -0.0446495003998279572 0.0704156011343002319 100
0.425617009401321411 -0.254234999418258667 0.0851467996835708618 100
0.395494014024734497 -0.227226004004478455 0.0820105969905853271 100
0.392493009567260742 -0.226668998599052429 0.081724897027015686 100
0.389490991830825806 -0.226060003042221069 0.0814391970634460449 100
0.386489003896713257 -0.225398004055023193 0.0811531990766525269 100
0.38348698616027832 -0.224684998393058777 0.0808669999241828918 100
0.381489008665084839 -0.224966004490852356 0.0806870982050895691 100
0.378486990928649902 -0.224160000681877136 0.0804006010293960571 100
0.375483989715576172 -0.223302006721496582 0.0801139995455741882 100
0.374491006135940552 -0.224549993872642517 0.0800411030650138855 100
0.37148699164390564 -0.223609998822212219 0.0797543972730636597 100
0.369489014148712158 -0.22372099757194519 0.0795748978853225708 100
0.366484999656677246 -0.222688004374504089 0.0792881026864051819 100
0.364486008882522583 -0.222728997468948364 0.079108700156211853 100
0.362486988306045532 -0.222740992903709412 0.078929603099822998 100
0.360487997531890869 -0.222725003957748413 0.0787506997585296631 100
0.358489006757736206 -0.222681000828742981 0.078572101891040802 100
0.27014198899269104 0.0503720007836818695 0.0672435984015464783 100
0.270146995782852173 0.0494043007493019104 0.0672416016459465027 100
0.269154995679855347 0.0479767993092536926 0.0671498030424118042 100
0.269158989191055298 0.0470211990177631378 0.0671479031443595886 100
0.269163995981216431 0.0460667982697486877 0.0671461969614028931 100
0.269169002771377563 0.0451137982308864594 0.0671444982290267944 100
0.269174009561538696 0.0441620014607906342 0.0671430006623268127 100
0.269178986549377441 0.0432115010917186737 0.0671415030956268311 100
0.269183993339538574 0.0422620996832847595 0.0671399980783462524 100
0.269189000129699707 0.0413139984011650085 0.0671387016773223877 100
0.270191013813018799 0.0407551005482673645 0.0672271996736526489 100
0.271194010972976685 0.0401792004704475403 0.0673156976699829102 100
0.27119898796081543 0.0392162017524242401 0.0673146024346351624 100
0.271203994750976562 0.0382542982697486877 0.0673134997487068176 100
0.271209001541137695 0.0372934006154537201 0.0673125013709068298 100
0.272210985422134399 0.0366762988269329071 0.067401297390460968 100
0.271218985319137573 0.0353747010231018066 0.0673106983304023743 100
0.271223992109298706 0.0344167985022068024 0.0673099979758262634 100
0.272226005792617798 0.0337755009531974792 0.0673990026116371155 100
0.27123299241065979 0.0325037986040115356 0.0673085972666740417 100
0.271237999200820923 0.0315486006438732147 0.0673080980777740479 100
0.272240996360778809 0.0308829005807638168 0.0673972964286804199 100
0.271248012781143188 0.0296407993882894516 0.0673071965575218201 100
0.271252989768981934 0.0286880992352962494 0.0673068985342979431 100
0.271257996559143066 0.0277362000197172165 0.0673066005110740662 100
0.271263003349304199 0.0267849992960691452 0.0673065036535263062 100
0.270269989967346191 0.0255907997488975525 0.0672167018055915833 100
0.27027401328086853 0.0246500000357627869 0.0672165974974632263 100
0.27127799391746521 0.0239355992525815964 0.0673063024878501892 100
0.269286006689071655 0.0225533992052078247 0.0671271011233329773 100
0.268292009830474854 0.0214154999703168869 0.0670375972986221313 100
0.265300989151000977 0.0198980998247861862 0.0667688027024269104 100
0.263309001922607422 0.0186247993260622025 0.0665896981954574585 100
0.263312995433807373 0.0177500005811452866 0.0665901005268096924 100
0.262318998575210571 0.0167034994810819626 0.0665007978677749634 100
0.26132500171661377 0.015675300732254982 0.0664115995168685913 100
0.261328995227813721 0.0148195996880531311 0.0664122030138969421 100
0.261334002017974854 0.0139643996953964233 0.066412799060344696 100
0.261337995529174805 0.0131094995886087418 0.0664134994149208069 100
0.261341989040374756 0.0122549999505281448 0.0664141997694969177 100
0.261346995830535889 0.0114006996154785156 0.0664149969816207886 100
0.26135098934173584 0.0105467997491359711 0.0664158985018730164 100
0.260356992483139038 0.00959219038486480713 0.0663271024823188782 100
0.259362012147903442 0.00865560024976730347 0.0662384033203125 100
0.259366005659103394 0.00782018993049860001 0.0662394016981124878 100
0.25837099552154541 0.00691067986190319061 0.0661507025361061096 100
0.259375005960464478 0.00614996999502182007 0.0662416964769363403 100
0.260378003120422363 0.00537163997069001198 0.0663328021764755249 100
0.260383009910583496 0.00452802982181310654 0.0663340985774993896 100
0.26238599419593811 0.00376209011301398277 0.0665151998400688171 100
0.264389008283615112 0.00296073011122643948 0.0666963979601860046 100
0.276385992765426636 0.00233422010205686092 0.0677765980362892151 100
0.273393005132675171 0.00131243001669645309 0.067508697509765625 100
0.266400992870330811 0.000330817012581974268 0.0668812021613121033 100
0.266405999660491943 -0.000565723981708288193 0.0668829977512359619 100
0.264411002397537231 -0.00143334001768380404 0.0667050033807754517 100
0.263415992259979248 -0.00228884001262485981 0.0666169971227645874 100
0.263420999050140381 -0.00315889995545148849 0.066618897020816803 100
0.263424992561340332 -0.00402905000373721123 0.0666209980845451355 100
0.263429999351501465 -0.00489930994808673859 0.066623099148273468 100
0.287429988384246826 -0.00718270987272262573 0.0687865018844604492 100
0.281437009572982788 -0.00785993039608001709 0.0682488977909088135 100
0.283441990613937378 -0.00904390960931777954 0.0684318020939826965 100
0.290446996688842773 -0.0106913000345230103 0.0690654963254928589 100
0.276452004909515381 -0.0104807000607252121 0.0678064972162246704 100
0.276457011699676514 -0.0114676998928189278 0.0678094029426574707 100
0.277462989091873169 -0.0125673003494739532 0.0679024979472160339 100
0.274466991424560547 -0.0132005997002124786 0.0676347985863685608 100
0.27447199821472168 -0.0141708999872207642 0.0676378011703491211 100
0.274477005004882812 -0.0151415001600980759 0.0676409006118774414 100
0.274482011795043945 -0.0161125995218753815 0.0676440969109535217 100
0.273487001657485962 -0.016927400603890419 0.0675569996237754822 100
0.271490991115570068 -0.0175592005252838135 0.0673794969916343689 100
0.271495997905731201 -0.0185049008578062057 0.0673827975988388062 100
0.272500991821289062 -0.0196346994489431381 0.0674766004085540771 100
0.272505998611450195 -0.0205904003232717514 0.0674801021814346313 100
0.273510992527008057 -0.021748000755906105 0.0675742030143737793 100
0.273515999317169189 -0.0227138008922338486 0.0675778016448020935 100
0.274522006511688232 -0.0238994993269443512 0.0676721036434173584 100
0.274527013301849365 -0.0248754993081092834 0.0676760002970695496 100
0.275532990694046021 -0.026089400053024292 0.0677706003189086914 100
0.276538997888565063 -0.0273218993097543716 0.0678652971982955933 100
0.276544004678726196 -0.0283179990947246552 0.0678694993257522583 100
0.277550011873245239 -0.0295790005475282669 0.067964501678943634 100
0.279556989669799805 -0.0311318002641201019 0.0681504011154174805 100
0.279561996459960938 -0.0321573987603187561 0.0681549012660980225 100
0.27956700325012207 -0.0331837013363838196 0.0681594982743263245 100
0.280573993921279907 -0.0345112010836601257 0.0682550966739654541 100
0.28057900071144104 -0.0355484001338481903 0.06825990229845047 100
0.280584007501602173 -0.0365866981446743011 0.0682647973299026489 100
0.28259199857711792 -0.0382803007960319519 0.0684518963098526001 100
0.282597988843917847 -0.0393388010561466217 0.0684570968151092529 100
0.282602995634078979 -0.0403981991112232208 0.0684622973203659058 100
0.284610986709594727 -0.0421676002442836761 0.0686499997973442078 100
0.285618007183074951 -0.0436109006404876709 0.0687467008829116821 100
0.416575998067855835 -0.242727994918823242 0.081818699836730957 100
0.398506999015808105 -0.227711006999015808 0.0801177024841308594 100
0.395505994558334351 -0.227204993367195129 0.0798576995730400085 100
0.391499996185302734 -0.225644007325172424 0.0795010998845100403 100
0.389503002166748047 -0.226037994027137756 0.079337097704410553 100
0.385495990514755249 -0.224352002143859863 0.0789797976613044739 100
0.383498013019561768 -0.224663004279136658 0.0788158029317855835 100
0.380495995283126831 -0.223896995186805725 0.0785548016428947449 100
0.377492994070053101 -0.223078995943069458 0.0782937034964561462 100
0.375494986772537231 -0.223278000950813293 0.0781297013163566589 100
0.372491002082824707 -0.222367003560066223 0.0778682976961135864 100
0.370492994785308838 -0.222495004534721375 0.0777043998241424561 100
0.368494004011154175 -0.222593992948532104 0.0775405988097190857 100
0.365489989519119263 -0.221549004316329956 0.0772790983319282532 100
0.3634909987449646 -0.221578001976013184 0.0771154016256332397 100
0.362497001886367798 -0.222714006900787354 0.0770502015948295593 100
0.360498011112213135 -0.222698003053665161 0.0768871009349822998 100
0.357493013143539429 -0.221493005752563477 0.0766256973147392273 100
0.26412200927734375 0.0557634010910987854 0.0658295974135398865 100
0.264126002788543701 0.0548378005623817444 0.065827496349811554 100
0.265127986669540405 0.0544583983719348907 0.0659065991640090942 100
0.266130000352859497 0.0540619008243083954 0.0659857019782066345 100
0.267131000757217407 0.0536484010517597198 0.0660647973418235779 100
0.266139000654220581 0.0521844998002052307 0.0659819021821022034 100
0.267141014337539673 0.0517554990947246552 0.0660611987113952637 100
0.268142998218536377 0.0513094998896121979 0.0661405026912689209 100
0.26814800500869751 0.0503574982285499573 0.0661387965083122253 100
0.268153011798858643 0.0494070015847682953 0.0661372020840644836 100
0.269154995679855347 0.0489283986389636993 0.0662166997790336609 100
0.269160002470016479 0.0479714013636112213 0.0662152022123336792 100
0.269165009260177612 0.047015901654958725 0.0662138015031814575 100
0.269169986248016357 0.0460616014897823334 0.0662124976515769958 100
0.269174009561538696 0.045108601450920105 0.0662112981081008911 100
0.26818200945854187 0.0437324009835720062 0.0661292001605033875 100
0.268186986446380615 0.0427910014986991882 0.0661280974745750427 100
0.269189000129699707 0.0422572009265422821 0.0662079006433486938 100
0.26919400691986084 0.0413090996444225311 0.0662069022655487061 100
0.271194010972976685 0.0411383993923664093 0.0663677006959915161 100
0.27119898796081543 0.0401743985712528229 0.0663667991757392883 100
0.272201985120773315 0.0395813994109630585 0.0664468035101890564 100
0.273205012083053589 0.0389713011682033539 0.0665268972516059875 100
0.273209989070892334 0.0379923991858959198 0.0665261968970298767 100
0.274212002754211426 0.0373571999371051788 0.0666064023971557617 100
0.274217009544372559 0.0363713018596172333 0.0666059032082557678 100
0.271228998899459839 0.0344124995172023773 0.0663631036877632141 100
0.271234005689620972 0.0334555990993976593 0.0663627013564109802 100
0.272237002849578857 0.0328061990439891815 0.0664431005716323853 100
0.27124398946762085 0.0315444990992546082 0.0663620978593826294 100
0.270249992609024048 0.0303016994148492813 0.0662811025977134705 100
0.271252989768981934 0.0296368002891540527 0.0663617029786109924 100
0.270260006189346313 0.028413599357008934 0.0662809014320373535 100
0.271263003349304199 0.0277322996407747269 0.0663617029786109924 100
0.274262994527816772 0.0275391992181539536 0.0666040033102035522 100
0.272271007299423218 0.0260745007544755936 0.0664426013827323914 100
0.272276014089584351 0.0251157991588115692 0.0664428025484085083 100
0.274278014898300171 0.0246093999594449997 0.0666045993566513062 100
0.272285997867584229 0.0232005007565021515 0.0664433985948562622 100
0.271293014287948608 0.0220357999205589294 0.0663629993796348572 100
0.267302989959716797 0.0202927999198436737 0.0660402998328208923 100
0.264311999082565308 0.0188117995858192444 0.0657984018325805664 100
0.26431700587272644 0.0179281998425722122 0.0657989010214805603 100
0.262324005365371704 0.01670059934258461 0.0656379014253616333 100
0.262327998876571655 0.0158357005566358566 0.0656386017799377441 100
0.261334002017974854 0.0148168997839093208 0.0655583962798118591 100
0.262336999177932739 0.0141070997342467308 0.0656400024890899658 100
0.261343002319335938 0.01310690026730299 0.0655599981546401978 100
0.261346995830535889 0.0122523996978998184 0.0655608996748924255 100
0.26135098934173584 0.0113982995972037315 0.0655618011951446533 100
0.261355996131896973 0.010544399730861187 0.0655627995729446411 100
0.260360985994338989 0.0095898602157831192 0.06548289954662323 100
0.259366005659103394 0.00865335017442703247 0.0654030963778495789 100
0.258372008800506592 0.00773483980447053909 0.0653233975172042847 100
0.258376002311706543 0.00690858019515872002 0.0653245002031326294 100
0.258379995822906494 0.00608249986544251442 0.0653257966041564941 100
0.258383989334106445 0.00525656994432210922 0.0653271004557609558 100
0.259387999773025513 0.00447842013090848923 0.0654093027114868164 100
0.261391013860702515 0.00372137990780174732 0.0655727013945579529 100
0.274387985467910767 0.00325767998583614826 0.0666268989443778992 100
0.280389994382858276 0.00241617998108267784 0.067114703357219696 100
0.274397999048233032 0.00132260995451360941 0.0666304975748062134 100
0.269405007362365723 0.000338827987434342504 0.0662273019552230835 100
0.26541098952293396 -0.000561807013582438231 0.0659049004316329956 100
0.265415996313095093 -0.00144943001214414835 0.0659068003296852112 100
0.26642000675201416 -0.00236047990620136261 0.0659897997975349426 100
0.265424996614456177 -0.00322484993375837803 0.0659106969833374023 100
0.26543000340461731 -0.00411270000040531158 0.0659127011895179749 100
0.267434000968933105 -0.00510066980496048927 0.0660772025585174561 100
0.278436988592147827 -0.00665429979562759399 0.0669722035527229309 100
0.280441999435424805 -0.00779358996078372002 0.0671370998024940491 100
0.282447010278701782 -0.0089686298742890358 0.0673021972179412842 100
0.27845299243927002 -0.00966621004045009613 0.0669799968600273132 100
0.278457999229431152 -0.0106707001104950905 0.0669827014207839966 100
0.277462989091873169 -0.0115721002221107483 0.0669042021036148071 100
0.274466991424560547 -0.0122317001223564148 0.0666631013154983521 100
0.27547299861907959 -0.0133226001635193825 0.0667472034692764282 100
0.277478009462356567 -0.0145618002861738205 0.0669128969311714172 100
0.275483012199401855 -0.0152812004089355469 0.066753096878528595 100
0.279489010572433472 -0.0168524999171495438 0.0670818984508514404 100
0.284512996673583984 -0.0218371991068124771 0.0675029009580612183 100
0.278515011072158813 -0.0217452999204397202 0.0670171007513999939 100
0.278519988059997559 -0.0227550994604825974 0.0670206993818283081 100
0.278524994850158691 -0.0237655993551015854 0.0670242980122566223 100
0.277530014514923096 -0.0245574004948139191 0.0669464021921157837 100
0.276533991098403931 -0.0253320001065731049 0.0668684020638465881 100
0.276538997888565063 -0.0263266004621982574 0.0668722018599510193 100
0.278546005487442017 -0.0278140995651483536 0.0670394971966743469 100
0.27955201268196106 -0.0290831997990608215 0.0671252980828285217 100
0.279556989669799805 -0.0301070008426904678 0.0671294033527374268 100
0.279561996459960938 -0.0311315003782510757 0.0671335980296134949 100
0.279567986726760864 -0.0321570001542568207 0.0671378001570701599 100
0.279572993516921997 -0.0331832990050315857 0.067142099142074585 100
0.282582014799118042 -0.0351108014583587646 0.067392401397228241 100
0.281585991382598877 -0.0358568988740444183 0.0673149973154067993 100
0.28159099817276001 -0.0369041003286838531 0.0673196017742156982 100
0.284599989652633667 -0.0389338992536067963 0.0675705969333648682 100
0.283605009317398071 -0.0396740995347499847 0.0674932971596717834 100
0.285613000392913818 -0.0414332002401351929 0.0676625967025756836 100
0.284617006778717041 -0.0421665981411933899 0.0675854980945587158 100
0.286624997854232788 -0.0439732000231742859 0.0677551031112670898 100
0.292640000581741333 -0.0473074987530708313 0.0682542994618415833 100
0.408538997173309326 -0.23239000141620636 0.0787552967667579651 100
0.402525007724761963 -0.229117006063461304 0.0782613009214401245 100
0.397513985633850098 -0.226711004972457886 0.0778533965349197388 100
0.393507987260818481 -0.225201994180679321 0.0775317028164863586 100
0.390505999326705933 -0.224622994661331177 0.0772966966032981873 100
0.388509005308151245 -0.225005000829696655 0.0771486014127731323 100
0.384501993656158447 -0.223307996988296509 0.0768261030316352844 100
0.381500005722045898 -0.222572997212409973 0.0765905007719993591 100
0.378497004508972168 -0.221784994006156921 0.0763548016548156738 100
0.376498997211456299 -0.222001999616622925 0.076206497848033905 100
0.374500006437301636 -0.222188994288444519 0.0760582983493804932 100
0.371497005224227905 -0.221266999840736389 0.075822196900844574 100
0.369498014450073242 -0.221383005380630493 0.075674101710319519 100
0.367498993873596191 -0.221469998359680176 0.0755261033773422241 100
0.365500003099441528 -0.221526995301246643 0.0753782019019126892 100
0.363501012325286865 -0.221554994583129883 0.0752303972840309143 100
0.361501991748809814 -0.221554994583129883 0.0750828012824058533 100
0.359503000974655151 -0.221525996923446655 0.0749353989958763123 100
0.357502996921539307 -0.221468999981880188 0.0747881978750228882 100
0.265118002891540527 0.0572577007114887238 0.065008699893951416 100
0.26512300968170166 0.0563211999833583832 0.0650070011615753174 100
0.264131009578704834 0.0548323988914489746 0.0649333968758583069 100
0.266130000352859497 0.0549976006150245667 0.065076000988483429 100
0.265138000249862671 0.0535213984549045563 0.0650025010108947754 100
0.266139000654220581 0.0531172007322311401 0.0650731027126312256 100
0.266144007444381714 0.0521792992949485779 0.0650717988610267639 100
0.267145991325378418 0.0517503991723060608 0.0651424974203109741 100
0.267150998115539551 0.0508061982691287994 0.0651412978768348694 100
0.267156004905700684 0.0498635992407798767 0.0651400983333587646 100
0.268157988786697388 0.0494019985198974609 0.0652109980583190918 100
0.268162995576858521 0.0484529994428157806 0.065209902822971344 100
0.268168002367019653 0.0475053004920482635 0.0652088969945907593 100
0.268173009157180786 0.0465589985251426697 0.0652080029249191284 100
0.268177002668380737 0.045613899827003479 0.0652071014046669006 100
0.26818200945854187 0.04467020183801651 0.0652062967419624329 100
0.269185006618499756 0.0441523008048534393 0.065277397632598877 100
0.27018699049949646 0.0436173006892204285 0.065348602831363678 100
0.270191997289657593 0.0426588989794254303 0.0653479024767875671 100
0.270197004079818726 0.0417018011212348938 0.0653472989797592163 100
0.27219700813293457 0.041521899402141571 0.0654904991388320923 100
0.272201985120773315 0.0405488982796669006 0.0654899999499320984 100
0.272206991910934448 0.039576999843120575 0.0654895976185798645 100
0.273209989070892334 0.0389669016003608704 0.0655609965324401855 100
0.27421298623085022 0.0383398011326789856 0.0656325966119766235 100
0.283199012279510498 0.0404370985925197601 0.0662790015339851379 100
0.289196997880935669 0.0402514003217220306 0.0667096972465515137 100
0.279222995042800903 0.0359762012958526611 0.0659911036491394043 100
0.27623400092124939 0.0340285003185272217 0.0657754987478256226 100
0.275240987539291382 0.0327308997511863708 0.0657036975026130676 100
0.274248003959655762 0.0314521007239818573 0.0656319037079811096 100
0.273254990577697754 0.030192200094461441 0.0655601993203163147 100
0.271263986825942993 0.0286804996430873871 0.0654167011380195618 100
0.272267013788223267 0.0279903002083301544 0.0654888004064559937 100
0.272271990776062012 0.0270303003489971161 0.0654890984296798706 100
0.272276997566223145 0.0260710008442401886 0.0654893964529037476 100
0.274278014898300171 0.0255817994475364685 0.0656336024403572083 100
0.274282991886138916 0.0246059000492095947 0.0656341016292572021 100
0.274287998676300049 0.0236306991428136826 0.065634600818157196 100
0.272296011447906494 0.0222404003143310547 0.0654914006590843201 100
0.268307000398635864 0.0204886998981237411 0.0652045011520385742 100
0.266313999891281128 0.0191888995468616486 0.0650613978505134583 100
0.265320003032684326 0.0181063991039991379 0.0649902001023292542 100
0.26332700252532959 0.0168699994683265686 0.0648470968008041382 100
0.263332009315490723 0.015996299684047699 0.064847901463508606 100
0.262336999177932739 0.0149686001241207123 0.0647768005728721619 100
0.262342005968093872 0.0141046000644564629 0.0647777020931243896 100
0.262345999479293823 0.0132408998906612396 0.0647787004709243774 100
0.262351006269454956 0.012377600185573101 0.0647796019911766052 100
0.261355996131896973 0.0113958995789289474 0.0647087022662162781 100
0.261361002922058105 0.0105421002954244614 0.0647097975015640259 100
0.260365992784500122 0.00958762038499116898 0.0646388977766036987 100
0.259371012449264526 0.00865118019282817841 0.0645681023597717285 100
0.259375005960464478 0.00781589001417160034 0.0645693019032478333 100
0.258379995822906494 0.00690654013305902481 0.0644984990358352661 100
0.259384006261825562 0.00614588987082242966 0.0645717978477478027 100
0.259387999773025513 0.00531113985925912857 0.0645731985569000244 100
0.26039201021194458 0.00452414015308022499 0.064646601676940918 100
0.26139599084854126 0.00371949002146720886 0.0647201985120773315 100
0.268395990133285522 0.00307638989761471748 0.0652263984084129333 100
0.279395997524261475 0.00239304988645017147 0.0660213977098464966 100
0.280400991439819336 0.00139333994593471289 0.066095501184463501 100
0.268409997224807739 0.000333779986249282956 0.0652315989136695862 100
0.266416013240814209 -0.000569125986658036709 0.065089203417301178 100
0.26642000675201416 -0.00146556994877755642 0.0650909990072250366 100
0.267425000667572021 -0.00238546007312834263 0.065165102481842041 100
0.267428994178771973 -0.00329090002924203873 0.0651670992374420166 100
0.268433988094329834 -0.00423758011311292648 0.065241396427154541 100
0.275438010692596436 -0.00550227006897330284 0.0657493993639945984 100
0.281442999839782715 -0.00683252979069948196 0.0661854967474937439 100
0.281448006629943848 -0.00786286033689975739 0.0661880001425743103 100
0.287452995777130127 -0.00935341976583003998 0.0666244998574256897 100
0.286458998918533325 -0.0103519996628165245 0.0665548965334892273 100
0.280463993549346924 -0.0108607998117804527 0.0661235004663467407 100
0.280469000339508057 -0.0118832997977733612 0.0661261975765228271 100
0.284474998712539673 -0.0133549999445676804 0.0664186999201774597 100
0.276477992534637451 -0.013444799929857254 0.0658420994877815247 100
0.306589007377624512 -0.0372375994920730591 0.0680819004774093628 100
0.294582992792129517 -0.035227801650762558 0.0672112032771110535 100
0.28958401083946228 -0.0349777005612850189 0.0668507963418960571 100
0.291592001914978027 -0.0366761013865470886 0.0670012012124061584 100
0.291597992181777954 -0.0378113985061645508 0.0670057013630867004 100
0.289600998163223267 -0.0383295007050037384 0.0668639987707138062 100
0.288605988025665283 -0.0391307994723320007 0.0667954981327056885 100
0.289613008499145508 -0.0405693016946315765 0.0668732970952987671 100
0.289617985486984253 -0.0416909009218215942 0.066877998411655426 100
0.291626989841461182 -0.0435042008757591248 0.0670292973518371582 100
0.289629995822906494 -0.0439376011490821838 0.0668876022100448608 100
0.290636986494064331 -0.0454262010753154755 0.0669659003615379333 100
0.412542998790740967 -0.231061995029449463 0.0767526030540466309 100
0.407534003257751465 -0.228883996605873108 0.076389998197555542 100
0.402523994445800781 -0.22661300003528595 0.0760267972946166992 100
0.399522989988327026 -0.226190000772476196 0.075817696750164032 100
0.39551699161529541 -0.22473299503326416 0.0755309984087944031 100
0.393519997596740723 -0.225187003612518311 0.0753989964723587036 100
0.389512985944747925 -0.22360500693321228 0.0751117020845413208 100
0.386510998010635376 -0.22296200692653656 0.0749017968773841858 100
0.383507996797561646 -0.222268000245094299 0.0746918022632598877 100
0.380506008863449097 -0.221521005034446716 0.0744815990328788757 100
0.377503007650375366 -0.220722004771232605 0.0742712020874023438 100
0.375503987073898315 -0.220927998423576355 0.0741387978196144104 100
0.373506009578704834 -0.22110399603843689 0.074006497859954834 100
0.371506989002227783 -0.221248999238014221 0.0738741979002952576 100
0.368503004312515259 -0.220274999737739563 0.0736635029315948486 100
0.366504013538360596 -0.220349997282028198 0.0735312998294830322 100
0.364504992961883545 -0.220394998788833618 0.0733992010354995728 100
0.362506002187728882 -0.220411002635955811 0.0732671990990638733 100
0.36151200532913208 -0.221534997224807739 0.0732143968343734741 100
0.358507007360458374 -0.220357999205589294 0.0730035975575447083 100
0.356507003307342529 -0.220287993550300598 0.0728719979524612427 100
0.26512300968170166 0.0572527013719081879 0.0641046985983848572 100
0.266124993562698364 0.0568794012069702148 0.0641665980219841003 100
0.265132993459701538 0.0553813986480236053 0.0641025006771087646 100
0.26613500714302063 0.0549926012754440308 0.0641646012663841248 100
0.26713600754737854 0.054586898535490036 0.0642265975475311279 100
0.267141014337539673 0.0536383017897605896 0.0642257034778594971 100
0.266149014234542847 0.0521746017038822174 0.0641618967056274414 100
0.267150998115539551 0.0517456009984016418 0.0642239972949028015 100
0.268153011798858643 0.0512996017932891846 0.0642862021923065186 100
0.268157988786697388 0.0503478012979030609 0.0642855018377304077 100
0.268162995576858521 0.0493974015116691589 0.0642848983407020569 100
0.269165009260177612 0.048918798565864563 0.0643472000956535339 100
0.268173009157180786 0.0475008003413677216 0.0642836987972259521 100
0.268177986145019531 0.0465545989573001862 0.0642831996083259583 100
0.269179999828338623 0.0460524000227451324 0.0643457025289535522 100
0.269185006618499756 0.045099601149559021 0.0643452033400535583 100
0.269190013408660889 0.0441480018198490143 0.0643448978662490845 100
0.270191997289657593 0.0436130017042160034 0.0644074976444244385 100
0.269199013710021973 0.0422484986484050751 0.0643443018198013306 100
0.271200001239776611 0.0420948006212711334 0.0644699037075042725 100
0.279186010360717773 0.0442338995635509491 0.064973101019859314 100
0.308192014694213867 0.0412581004202365875 0.0667994990944862366 100
0.302215993404388428 0.0370637997984886169 0.0664229989051818848 100
0.303220003843307495 0.0360952988266944885 0.0664865970611572266 100
0.307220011949539185 0.0358675010502338409 0.0667390972375869751 100
0.278272002935409546 0.0275293998420238495 0.0649140998721122742 100
0.276280999183654785 0.0260477997362613678 0.0647889003157615662 100
0.273290008306503296 0.0243769995868206024 0.0646006986498832703 100
0.273294985294342041 0.0234108008444309235 0.0646013990044593811 100
0.273299992084503174 0.0224452000111341476 0.0646022036671638489 100
0.269311010837554932 0.0206847004592418671 0.0643510967493057251 100
0.267318010330200195 0.019376000389456749 0.064226001501083374 100
0.266324013471603394 0.0182847008109092712 0.064163796603679657 100
0.265329986810684204 0.0172116998583078384 0.0641017034649848938 100
0.264335006475448608 0.0161569006741046906 0.0640396997332572937 100
0.264340013265609741 0.0152746997773647308 0.0640406012535095215 100
0.263345986604690552 0.0142475003376603127 0.0639785975217819214 100
0.264349013566970825 0.01351150032132864 0.064042799174785614 100
0.263354003429412842 0.0125027997419238091 0.0639808028936386108 100
0.26236000657081604 0.0115122999995946884 0.0639189034700393677 100
0.261364996433258057 0.0105397999286651611 0.0638569965958595276 100
0.260369986295700073 0.00958545040339231491 0.0637950971722602844 100
0.259375989437103271 0.00864909030497074127 0.0637331977486610413 100
0.25938001275062561 0.00781384017318487167 0.063734397292137146 100
0.258385002613067627 0.0069045601412653923 0.0636726021766662598 100
0.258388996124267578 0.00607857014983892441 0.0636740028858184814 100
0.259393006563186646 0.00530921993777155876 0.063738502562046051 100
0.259397000074386597 0.00447465013712644577 0.0637399032711982727 100
0.262400001287460327 0.00375634990632534027 0.063931003212928772 100
0.267401993274688721 0.00304458988830447197 0.0642487034201622009 100
0.292396008968353271 0.00266361003741621971 0.065831400454044342 100
0.277406990528106689 0.00135498994495719671 0.0648846998810768127 100
0.269414991140365601 0.000335205986630171537 0.0643804967403411865 100
0.267419993877410889 -0.000576491991523653269 0.0642557963728904724 100
0.269425004720687866 -0.00151082000229507685 0.0643841996788978577 100
0.269428998231887817 -0.00243389001116156578 0.0643861964344978333 100
0.268433988094329834 -0.00332475989125669003 0.0643249005079269409 100
0.27143898606300354 -0.0043625999242067337 0.064516998827457428 100
0.277442991733551025 -0.00560394022613763809 0.0648993998765945435 100
0.278447985649108887 -0.00665740994736552238 0.0649652034044265747 100
0.285454005002975464 -0.00813561957329511642 0.0654115006327629089 100
0.299459993839263916 -0.0102752000093460083 0.0663023963570594788 100
0.30662199854850769 -0.0423129014670848846 0.0668433010578155518 100
0.287604987621307373 -0.0377112999558448792 0.0656287968158721924 100
0.288612008094787598 -0.0391306988894939423 0.0656970962882041931 100
0.290619999170303345 -0.0408964008092880249 0.0658297985792160034 100
0.286619991064071655 -0.0406820997595787048 0.0655770972371101379 100
0.28762701153755188 -0.0421229004859924316 0.0656457021832466125 100
0.286632001399993896 -0.0428742989897727966 0.065585799515247345 100
0.420565009117126465 -0.233288004994392395 0.0749567970633506775 100
0.415556013584136963 -0.231277003884315491 0.0746389999985694885 100
0.408538013696670532 -0.227292999625205994 0.074185200035572052 100
0.405537009239196777 -0.226972997188568115 0.074001900851726532 100
0.400527000427246094 -0.224681004881858826 0.0736825987696647644 100
0.397525012493133545 -0.224235996603965759 0.0734987035393714905 100
0.395529001951217651 -0.224720999598503113 0.0733826979994773865 100
0.391521990299224854 -0.223189994692802429 0.0731305032968521118 100
0.388520002365112305 -0.222589001059532166 0.0729461014270782471 100
0.384512007236480713 -0.220923006534576416 0.0726931989192962646 100
0.381509989500045776 -0.220206007361412048 0.0725084990262985229 100
0.379512012004852295 -0.220473006367683411 0.072392001748085022 100
0.376507997512817383 -0.219662994146347046 0.0722069963812828064 100
0.374509990215301514 -0.219857007265090942 0.0720906034111976624 100
0.372510999441146851 -0.220020994544029236 0.0719740986824035645 100
0.369507014751434326 -0.219075992703437805 0.0717888027429580688 100
0.368514001369476318 -0.220259994268417358 0.0717414021492004395 100
0.365509003400802612 -0.219233006238937378 0.0715560987591743469 100
0.363510012626647949 -0.219265997409820557 0.0714398026466369629 100
0.361510992050170898 -0.219271004199981689 0.0713236033916473389 100
0.360516995191574097 -0.220382004976272583 0.0712770000100135803 100
0.358516991138458252 -0.220340996980667114 0.0711610987782478333 100
0.356516987085342407 -0.220271006226539612 0.0710453987121582031 100
0.263134986162185669 0.0561031997203826904 0.0630927979946136475 100
0.265132993459701538 0.0563117004930973053 0.0632003024220466614 100
0.267132014036178589 0.0564845018088817596 0.0633077025413513184 100
0.267136991024017334 0.055532701313495636 0.0633072033524513245 100
0.267141997814178467 0.0545824989676475525 0.0633068010210990906 100
0.267145991325378418 0.0536338984966278076 0.0633063986897468567 100
0.267150998115539551 0.0526868999004364014 0.0633059963583946228 100
0.267156004905700684 0.0517413988709449768 0.0633056983351707458 100
0.267161011695861816 0.0507973991334438324 0.0633054003119468689 100
0.268162995576858521 0.0503435991704463959 0.0633590966463088989 100
0.269165009260177612 0.0498728007078170776 0.0634128972887992859 100
0.267176002264022827 0.0479740016162395477 0.0633047968149185181 100
0.26917499303817749 0.0479579009115695953 0.0634125992655754089 100
0.270177006721496582 0.0474544987082481384 0.0634664967656135559 100
0.270182013511657715 0.0464911982417106628 0.0634663999080657959 100
0.27018699049949646 0.0455292984843254089 0.0634663999080657959 100
0.271189987659454346 0.0449929982423782349 0.0635204017162322998 100
0.274188011884689331 0.0452704988420009613 0.0636823996901512146 100
0.278288006782531738 0.0255024004727602005 0.0639097020030021667 100
0.276295989751815796 0.0240580998361110687 0.0638025030493736267 100
0.274304002523422241 0.0226501002907752991 0.0636954009532928467 100
0.273310005664825439 0.0214773993939161301 0.0636423006653785706 100
0.271317988634109497 0.0201331004500389099 0.0635351985692977905 100
0.268326014280319214 0.0186441000550985336 0.0633739009499549866 100
0.267331987619400024 0.0175532996654510498 0.0633208975195884705 100
0.267336994409561157 0.0166439991444349289 0.0633220002055168152 100
0.266342997550964355 0.015580800361931324 0.0632689967751502991 100
0.265347987413406372 0.014535900205373764 0.0632160007953643799 100
0.265352994203567505 0.0136455995962023735 0.0632172003388404846 100
0.264358013868331909 0.0126280998811125755 0.0631643012166023254 100
0.26336398720741272 0.0116287004202604294 0.0631114020943641663 100
0.262369006872177124 0.0106474999338388443 0.0630585029721260071 100
0.261373996734619141 0.00968424975872039795 0.063005499541759491 100
0.260378986597061157 0.00873905979096889496 0.0629526004195213318 100
0.26038399338722229 0.00789496023207902908 0.0629540011286735535 100
0.259389013051986694 0.00697686010971665382 0.0629011020064353943 100
0.259393006563186646 0.00614203000441193581 0.062902502715587616 100
0.260396987199783325 0.00536382012069225311 0.0629583001136779785 100
0.259402006864547729 0.00447282008826732635 0.0629054009914398193 100
0.26240500807762146 0.00375451007857918739 0.0630699023604393005 100
0.268406003713607788 0.00307252001948654652 0.0633976012468338013 100
0.290403008460998535 0.00261937989853322506 0.0645952969789505005 100
0.277413010597229004 0.0013529900461435318 0.063890501856803894 100
0.271420001983642578 0.000339802994858473539 0.0635661035776138306 100
0.270424991846084595 -0.000595236022491008043 0.0635135993361473083 100
0.271429002285003662 -0.00154164002742618322 0.0635699033737182617 100
0.270433992147445679 -0.00245900009758770466 0.0635173991322517395 100
0.269439011812210083 -0.00335868005640804768 0.0634649023413658142 100
0.272444009780883789 -0.0044054100289940834 0.0636304020881652832 100
0.276448994874954224 -0.00555557012557983398 0.06385059654712677 100
0.278454005718231201 -0.00665907002985477448 0.0639619007706642151 100
0.280458986759185791 -0.0077982698567211628 0.0640733018517494202 100
0.418556004762649536 -0.228842005133628845 0.0724579021334648132 100
0.413547009229660034 -0.226851001381874084 0.0721838995814323425 100
0.409541994333267212 -0.225694999098777771 0.0719678029417991638 100
0.405535995960235596 -0.224465996026992798 0.0717514008283615112 100
0.403539985418319702 -0.225064992904663086 0.0716516003012657166 100
0.400539010763168335 -0.224672004580497742 0.071493297815322876 100
0.396533012390136719 -0.223256006836891174 0.0712762027978897095 100
0.393530994653701782 -0.22274799644947052 0.071117497980594635 100
0.389524012804031372 -0.221196994185447693 0.0708998963236808777 100
0.386521011590957642 -0.22057400643825531 0.0707409009337425232 100
0.383518993854522705 -0.219898998737335205 0.0705816969275474548 100
0.380515992641448975 -0.219172000885009766 0.0704222992062568665 100
0.378517985343933105 -0.219427004456520081 0.0703217983245849609 100
0.37450900673866272 -0.217559993267059326 0.0701031014323234558 100
0.373515993356704712 -0.218788996338844299 0.0700616985559463501 100
0.371517002582550049 -0.218942001461982727 0.0699611976742744446 100
0.368512988090515137 -0.217986002564430237 0.0698013976216316223 100
0.366513997316360474 -0.218067005276679993 0.0697007998824119568 100
0.364513993263244629 -0.218118995428085327 0.0696004033088684082 100
0.363519996404647827 -0.219254001975059509 0.0695595964789390564 100
0.361521005630493164 -0.21925799548625946 0.0694594010710716248 100
0.359521001577377319 -0.219233006238937378 0.0693591982126235962 100
0.357522010803222656 -0.219180002808570862 0.0692590996623039246 100
0.356527000665664673 -0.220256999135017395 0.0692192018032073975 100
0.265138000249862671 0.0563078001141548157 0.0622970983386039734 100
0.265143007040023804 0.0553730987012386322 0.0622970983386039734 100
0.265148013830184937 0.0544399991631507874 0.0622970983386039734 100
0.266149997711181641 0.054043501615524292 0.0623420998454093933 100
0.266153991222381592 0.0531043000519275665 0.0623422004282474518 100
0.266158998012542725 0.0521665997803211212 0.0623423010110855103 100
0.267161011695861816 0.0517376996576786041 0.0623873993754386902 100
0.267165988683700562 0.0507936999201774597 0.0623876005411148071 100
0.268168002367019653 0.0503398999571800232 0.0624327994883060455 100
0.268173009157180786 0.0493896007537841797 0.0624331012368202209 100
0.26917499303817749 0.0489110015332698822 0.0624783001840114594 100
0.268182992935180664 0.0474932007491588593 0.0624337010085582733 100
0.269185006618499756 0.0469988994300365448 0.0624790005385875702 100
0.282288014888763428 0.0264021009206771851 0.0630846023559570312 100
0.272307008504867554 0.023188399150967598 0.062634103000164032 100
0.273310989141464233 0.0224396008998155594 0.0626804977655410767 100
0.271317988634109497 0.0210769996047019958 0.0625912994146347046 100
0.27132299542427063 0.020130600780248642 0.0625924989581108093 100
0.270328998565673828 0.0190035998821258545 0.0625486001372337341 100
0.270334005355834961 0.0180670991539955139 0.0625497996807098389 100
0.269340008497238159 0.0169679000973701477 0.0625059008598327637 100
0.268346011638641357 0.0158869996666908264 0.06246199831366539 100
0.268350005149841309 0.0149696003645658493 0.0624632984399795532 100
0.267356008291244507 0.0139162000268697739 0.062419399619102478 100
0.266360998153686523 0.0128809995949268341 0.0623755007982254028 100
0.265367001295089722 0.0118639003485441208 0.0623315013945102692 100
0.263372987508773804 0.0107551002874970436 0.0622422993183135986 100
0.262378007173538208 0.00978309009224176407 0.0621984004974365234 100
0.261382997035980225 0.00882906001061201096 0.0621544010937213898 100
0.261388003826141357 0.00797612033784389496 0.0621558986604213715 100
0.261391997337341309 0.00712337996810674667 0.0621572993695735931 100
0.261397004127502441 0.00627081980928778648 0.0621588006615638733 100
0.262400001287460327 0.00547485984861850739 0.0622057989239692688 100
0.26240500807762146 0.0046137198805809021 0.062207300215959549 100
0.26340898871421814 0.00379137997515499592 0.0622543990612030029 100
0.267412006855010986 0.00304081011563539505 0.0624378994107246399 100
0.277413010597229004 0.00234494009055197239 0.0628945007920265198 100
0.277417987585067749 0.00135100004263222218 0.0628964006900787354 100
0.270424991846084595 0.000334765994921326637 0.0625796988606452942 100
0.271429985761642456 -0.00060271797701716423 0.0626271963119506836 100
0.272433996200561523 -0.00155797996558248997 0.062674596905708313 100
0.27143898606300354 -0.00248416000977158546 0.0626310035586357117 100
0.271443992853164673 -0.00342498999089002609 0.0626330003142356873 100
0.27344900369644165 -0.00444828998297452927 0.0627261996269226074 100
0.273454010486602783 -0.00540708983317017555 0.0627283006906509399 100
0.276459008455276489 -0.00654288986697793007 0.0628674030303955078 100
0.278463989496231079 -0.00766432005912065506 0.0629609003663063049 100
0.42758101224899292 -0.231653004884719849 0.0705244019627571106 100
0.421568006277084351 -0.2289389967918396 0.0702461972832679749 100
0.414550989866256714 -0.225204005837440491 0.0699186995625495911 100
0.410546004772186279 -0.224088996648788452 0.0697373002767562866 100
0.407545000314712524 -0.223830997943878174 0.0696047022938728333 100
0.405548989772796631 -0.224460005760192871 0.069521002471446991 100
0.401542991399765015 -0.223159000277519226 0.0693390965461730957 100
0.398541003465652466 -0.222745001316070557 0.0692059993743896484 100
0.395539999008178711 -0.222278997302055359 0.0690729022026062012 100
0.391532987356185913 -0.220779001712799072 0.068890303373336792 100
0.388529986143112183 -0.220198005437850952 0.0687566995620727539 100
0.384523004293441772 -0.218562006950378418 0.0685736015439033508 100
0.382524996995925903 -0.218878000974655151 0.0684892982244491577 100
0.379521995782852173 -0.218140006065368652 0.0683552995324134827 100
0.376518011093139648 -0.217348992824554443 0.0682211965322494507 100
0.374520003795623779 -0.217552006244659424 0.0681366994976997375 100
0.372521013021469116 -0.217723995447158813 0.0680522024631500244 100
0.370521992444992065 -0.217866003513336182 0.0679676979780197144 100
0.368523001670837402 -0.217977002263069153 0.0678830966353416443 100
0.366524010896682739 -0.218058004975318909 0.0677986964583396912 100
0.364524990320205688 -0.218109995126724243 0.067714199423789978 100
0.362524986267089844 -0.218132004141807556 0.0676297023892402649 100
0.360525995492935181 -0.21812400221824646 0.0675453990697860718 100
0.359530985355377197 -0.219222992658615112 0.0675112977623939514 100
0.357531994581222534 -0.219169005751609802 0.0674270987510681152 100
0.355531990528106689 -0.219087004661560059 0.0673429965972900391 100
0.262189000844955444 0.0474044010043144226 0.0612906999886035919 100
0.278304994106292725 0.0244859997183084488 0.0618996992707252502 100
0.271317988634109497 0.0220215991139411926 0.0616470985114574432 100
0.275319010019302368 0.0218698997050523758 0.0617938004434108734 100
0.273326009511947632 0.0205079000443220139 0.0617225989699363708 100
0.27233201265335083 0.0193632002919912338 0.0616877004504203796 100
0.272336989641189575 0.0184089001268148422 0.0616892017424106598 100
0.271342992782592773 0.0172918997704982758 0.0616542994976043701 100
0.271347999572753906 0.0163474008440971375 0.0616558007895946503 100
0.270352989435195923 0.0152580998837947845 0.0616208985447883606 100
0.269358992576599121 0.0141869001090526581 0.0615861006081104279 100
0.268364995718002319 0.0131339002400636673 0.0615511983633041382 100
0.267369985580444336 0.0120991002768278122 0.061516299843788147 100
0.265376001596450806 0.0109726004302501678 0.0614449009299278259 100
0.264382004737854004 0.00998281035572290421 0.0614099986851215363 100
0.263386994600296021 0.00901104044169187546 0.0613749995827674866 100
0.262392014265060425 0.00805728975683450699 0.0613401010632514954 100
0.262396007776260376 0.00719569018110632896 0.0613415986299514771 100
0.262401014566421509 0.00633428012952208519 0.0613432005047798157 100
0.263404995203018188 0.00552944978699088097 0.0613812990486621857 100
0.264409005641937256 0.00470700021833181381 0.0614194981753826141 100
0.269410997629165649 0.00402159010991454124 0.0616041012108325958 100
0.271414995193481445 0.00315812998451292515 0.0616789981722831726 100
0.272419989109039307 0.00223832996562123299 0.061717398464679718 100
0.273425012826919556 0.00130084005650132895 0.0617558993399143219 100
0.272430002689361572 0.000339277001330628991 0.0617211982607841492 100
0.272435009479522705 -0.000610248011071234941 0.0617230981588363647 100
0.273438990116119385 -0.00157436996232718229 0.0617616996169090271 100
0.272444009780883789 -0.00250939000397920609 0.0617269985377788544 100
0.27344900369644165 -0.00349139003083109856 0.0617655999958515167 100
0.273454010486602783 -0.00445003993809223175 0.0617677010595798492 100
0.274459004402160645 -0.00545889977365732193 0.0618063993752002716 100
0.276463985443115234 -0.00654463982209563255 0.0618821009993553162 100
0.426562994718551636 -0.225467994809150696 0.0680394023656845093 100
0.421553999185562134 -0.223723992705345154 0.0678540021181106567 100
0.418554991483688354 -0.223662003874778748 0.0677471980452537537 100
0.415555000305175781 -0.223548993468284607 0.0676402971148490906 100
0.412553995847702026 -0.223383992910385132 0.0675332993268966675 100
0.410557985305786133 -0.224086001515388489 0.0674657970666885376 100
0.406553000211715698 -0.222899004817008972 0.0673189014196395874 100
0.403551995754241943 -0.222578004002571106 0.0672115013003349304 100
0.400550007820129395 -0.222205996513366699 0.0671039000153541565 100
0.397547990083694458 -0.22178100049495697 0.0669962987303733826 100
0.394546985626220703 -0.221303999423980713 0.0668884962797164917 100
0.39154401421546936 -0.220774993300437927 0.0667805969715118408 100
0.387537002563476562 -0.219201996922492981 0.0666325986385345459 100
0.384534001350402832 -0.218557000160217285 0.0665242969989776611 100
0.381531000137329102 -0.217860996723175049 0.0664160028100013733 100
0.378527998924255371 -0.217111006379127502 0.0663075000047683716 100
0.376529008150100708 -0.217344000935554504 0.0662391036748886108 100
0.373524993658065796 -0.216500997543334961 0.0661303997039794922 100
0.371526986360549927 -0.216662004590034485 0.0660618022084236145 100
0.36952701210975647 -0.216792002320289612 0.0659933015704154968 100
0.367527991533279419 -0.216892004013061523 0.0659248009324073792 100
0.365529000759124756 -0.216961994767189026 0.0658563002943992615 100
0.363530009984970093 -0.217002004384994507 0.0657877027988433838 100
0.361530005931854248 -0.217012003064155579 0.0657192021608352661 100
0.359530001878738403 -0.216993004083633423 0.0656507015228271484 100
0.358536005020141602 -0.218080997467041016 0.0656230002641677856 100
0.3575420081615448 -0.219162002205848694 0.0655954033136367798 100
0.355540990829467773 -0.21908000111579895 0.0655270963907241821 100
0.27731698751449585 0.0232657007873058319 0.0608686991035938263 100
0.275323987007141113 0.0218675006181001663 0.0608154982328414917 100
0.275328993797302246 0.0208854004740715027 0.0608172006905078888 100
0.276333004236221313 0.0200846996158361435 0.0608462989330291748 100
0.274340003728866577 0.0187506992369890213 0.0607930012047290802 100
0.272347003221511841 0.0174528006464242935 0.0607398003339767456 100
0.272352010011672974 0.0164995007216930389 0.0607413984835147858 100
0.271358013153076172 0.0154012003913521767 0.060715600848197937 100
0.271362990140914917 0.0144576001912355423 0.0607172995805740356 100
0.269369006156921387 0.0132593996822834015 0.0606639012694358826 100
0.26937401294708252 0.0123343002051115036 0.0606654994189739227 100
0.268379002809524536 0.0112998001277446747 0.0606396012008190155 100
0.266384989023208618 0.010182499885559082 0.0605860985815525055 100
0.265390008687973022 0.00919303018599748611 0.0605602003633975983 100
0.264394998550415039 0.00822154991328716278 0.0605342015624046326 100
0.264400005340576172 0.00734219979494810104 0.0605359002947807312 100
0.264405012130737305 0.00646304013207554817 0.0605374984443187714 100
0.265408992767333984 0.00564044993370771408 0.0605668984353542328 100
0.265412986278533936 0.00475271977484226227 0.0605686008930206299 100
0.268417000770568848 0.00398105010390281677 0.0606533996760845184 100
0.269421011209487915 0.00309667992405593395 0.0606829002499580383 100
0.270426005125045776 0.0021946299821138382 0.0607124008238315582 100
0.272430002689361572 0.00128691003192216158 0.0607698000967502594 100
0.271434992551803589 0.000334251002641394734 0.0607438981533050537 100
0.271439999341964722 -0.00060637202113866806 0.0607458017766475677 100
0.273445010185241699 -0.00157621002290397882 0.0608033016324043274 100
0.273449987173080444 -0.00253467005677521229 0.060805201530456543 100
0.274455010890960693 -0.00352553999982774258 0.0608350001275539398 100
0.274459987878799438 -0.00449304981157183647 0.0608370006084442139 100
0.274464994668960571 -0.00546070002019405365 0.0608390010893344879 100
0.277469992637634277 -0.00660541979596018791 0.0609247013926506042 100
0.431569993495941162 -0.224444001913070679 0.0657640025019645691 100
0.426562011241912842 -0.222834005951881409 0.0656227990984916687 100
0.423563003540039062 -0.2228659987449646 0.0655416026711463928 100
0.420563012361526489 -0.222846001386642456 0.06546030193567276 100
0.416559010744094849 -0.221885994076728821 0.065348602831363678 100
0.414563000202178955 -0.222651004791259766 0.0652972981333732605 100
0.412566989660263062 -0.223382994532585144 0.065245896577835083 100
0.408560991287231445 -0.222248002886772156 0.065133802592754364 100
0.40555998682975769 -0.221968993544578552 0.0650518983602523804 100
0.402559012174606323 -0.221637994050979614 0.0649698972702026367 100
0.399556994438171387 -0.221255004405975342 0.064887702465057373 100
0.395550996065139771 -0.219859004020690918 0.0647749975323677063 100
0.393552988767623901 -0.22033199667930603 0.0647230967879295349 100
0.390551000833511353 -0.219791993498802185 0.0646405965089797974 100
0.387547999620437622 -0.219200000166893005 0.0645579993724822998 100
0.384544998407363892 -0.218556001782417297 0.0644752010703086853 100
0.382546991109848022 -0.218871995806694031 0.064423099160194397 100
0.378538995981216431 -0.217108994722366333 0.0643094033002853394 100
0.376540005207061768 -0.217342004179954529 0.0642571002244949341 100
0.374541014432907104 -0.217545002698898315 0.0642047002911567688 100
0.371536999940872192 -0.216659992933273315 0.0641214996576309204 100
0.369538009166717529 -0.216790005564689636 0.0640690997242927551 100
0.367538988590240479 -0.216890007257461548 0.0640166029334068298 100
0.365539014339447021 -0.216958999633789062 0.0639640986919403076 100
0.363539993762969971 -0.21699899435043335 0.0639116019010543823 100
0.361539989709854126 -0.217008993029594421 0.0638590976595878601 100
0.359539985656738281 -0.216989994049072266 0.0638064965605735779 100
0.358545988798141479 -0.218077003955841064 0.0637852028012275696 100
0.356546014547348022 -0.218011006712913513 0.0637326985597610474 100
0.354546010494232178 -0.217916995286941528 0.0636802017688751221 100
0.277327001094818115 0.0222628992050886154 0.0598742999136447906 100
0.277332007884979248 0.0212629996240139008 0.0598761998116970062 100
0.272341996431350708 0.0193588994443416595 0.0597852990031242371 100
0.27434501051902771 0.018748600035905838 0.0598242990672588348 100
0.273351013660430908 0.017613900825381279 0.0598075017333030701 100
0.272356986999511719 0.0164973996579647064 0.0597907006740570068 100
0.271362990140914917 0.0153991999104619026 0.0597738996148109436 100
0.27136799693107605 0.0144555997103452682 0.0597756989300251007 100
0.270372986793518066 0.0133849000558257103 0.0597589015960693359 100
0.269378989934921265 0.0123322997242212296 0.0597419999539852142 100
0.269383996725082397 0.0114075001329183578 0.0597437992691993713 100
0.268388986587524414 0.0103823002427816391 0.0597268007695674896 100
0.267394006252288818 0.00937501993030309677 0.0597098991274833679 100
0.267399013042449951 0.00846881978213787079 0.059711601585149765 100
0.267403006553649902 0.00756283989176154137 0.0597134009003639221 100
0.267408013343811035 0.0066570499911904335 0.0597152002155780792 100
0.26741299033164978 0.00575141981244087219 0.0597168989479541779 100
0.269416987895965576 0.00494096009060740471 0.0597563013434410095 100
0.269421994686126709 0.00401784991845488548 0.0597581006586551666 100
0.270426005125045776 0.00312460004352033138 0.059778798371553421 100
0.271430999040603638 0.00221365992911159992 0.0597994998097419739 100
0.271434992551803589 0.00127302005421370268 0.0598013997077941895 100
0.271439999341964722 0.000332402007188647985 0.059803299605846405 100
0.272444993257522583 -0.000613951007835566998 0.0598240010440349579 100
0.274450004100799561 -0.00159269000869244337 0.0598637983202934265 100
0.275454998016357422 -0.00258349999785423279 0.0598847009241580963 100
0.27346000075340271 -0.00349504989571869373 0.0598486997187137604 100
0.275465011596679688 -0.00453615002334117889 0.0598886013031005859 100
0.279471009969711304 -0.00571310985833406448 0.0599666014313697815 100
0.470687985420227051 -0.245306000113487244 0.064096398651599884 100
0.439574986696243286 -0.223011001944541931 0.0634611025452613831 100
0.434569001197814941 -0.221605002880096436 0.0633642002940177917 100
0.430564999580383301 -0.220944002270698547 0.0632878020405769348 100
0.427565991878509521 -0.22105899453163147 0.0632321015000343323 100
0.42456701397895813 -0.221121996641159058 0.0631762966513633728 100
0.421566992998123169 -0.221132993698120117 0.0631204023957252502 100
0.418567001819610596 -0.22109299898147583 0.0630642995238304138 100
0.415567010641098022 -0.221000999212265015 0.0630081966519355774 100
0.413571000099182129 -0.221754997968673706 0.0629729032516479492 100
0.410569995641708374 -0.2215690016746521 0.0629165992140769958 100
0.407568991184234619 -0.221331000328063965 0.0628601983189582825 100
0.404567986726760864 -0.221042007207870483 0.0628037005662918091 100
0.401565998792648315 -0.220699995756149292 0.0627470016479492188 100
0.398564994335174561 -0.220307007431983948 0.0626903027296066284 100
0.39556199312210083 -0.219861000776290894 0.0626334026455879211 100
0.393564999103546143 -0.220332995057106018 0.0625976026058197021 100
0.388552993535995483 -0.217831000685691833 0.0624983012676239014 100
0.385549992322921753 -0.217216998338699341 0.0624410994350910187 100
0.382546007633209229 -0.216551005840301514 0.062383800745010376 100
0.379543006420135498 -0.215832993388175964 0.0623264014720916748 100
0.377543985843658447 -0.216086000204086304 0.0622901991009712219 100
0.374540001153945923 -0.215272992849349976 0.0622325986623764038 100
0.37254101037979126 -0.215452998876571655 0.0621962994337081909 100
0.370541989803314209 -0.215602993965148926 0.0621598996222019196 100
0.368542999029159546 -0.215721994638442993 0.0621234998106956482 100
0.366544008255004883 -0.215810999274253845 0.0620870999991893768 100
0.364544004201889038 -0.2158689945936203 0.062050599604845047 100
0.362545013427734375 -0.215898007154464722 0.0620140992105007172 100
0.36054500937461853 -0.215895995497703552 0.0619774982333183289 100
0.359549999237060547 -0.216989994049072266 0.0619625002145767212 100
0.357549995183944702 -0.216940999031066895 0.0619258992373943329 100
0.355549991130828857 -0.216864004731178284 0.0618892982602119446 100
0.354555010795593262 -0.217916995286941528 0.0618744008243083954 100
0.275339990854263306 0.0208813007920980453 0.0588610991835594177 100
0.280339986085891724 0.0208043009042739868 0.058911498636007309 100
0.275350004434585571 0.0189187005162239075 0.0588652007281780243 100
0.27435600757598877 0.0177749991416931152 0.0588575005531311035 100
0.274361014366149902 0.0168038997799158096 0.0588595010340213776 100
0.274365991353988647 0.0158331003040075302 0.0588615015149116516 100
0.275370001792907715 0.0149991996586322784 0.058873198926448822 100
0.27237701416015625 0.0136380000039935112 0.0588458999991416931 100
0.271382987499237061 0.0125676002353429794 0.0588379986584186554 100
0.270388007164001465 0.0115154003724455833 0.0588301010429859161 100
0.269392997026443481 0.0104812001809477806 0.0588221997022628784 100
0.267399013042449951 0.00937322992831468582 0.0588044002652168274 100
0.267403990030288696 0.00846702978014945984 0.0588061995804309845 100
0.266409009695053101 0.00748691987246274948 0.0587981007993221283 100
0.26741299033164978 0.00665525021031498909 0.0588098987936973572 100
0.268417000770568848 0.00580601021647453308 0.058821599930524826 100
0.270422011613845825 0.00498662982136011124 0.0588432997465133667 100
0.271425992250442505 0.00409326981753110886 0.058855101466178894 100
0.271430999040603638 0.00315249990671873093 0.0588570013642311096 100
0.273436009883880615 0.00225355010479688644 0.0588788986206054688 100
0.275440007448196411 0.00131913996301591396 0.0589007996022701263 100
0.276445001363754272 0.00034614600008353591 0.0589127987623214722 100
0.276450008153915405 -0.000638837984297424555 0.0589146986603736877 100
0.280456006526947021 -0.00168236996978521347 0.0589568987488746643 100
0.27846100926399231 -0.00265592988580465317 0.0589388012886047363 100
0.274464994668960571 -0.00352929998189210892 0.0589004009962081909 100
0.479676008224487305 -0.240193992853164673 0.0613810010254383087 100
0.452585011720657349 -0.222289994359016418 0.0610768012702465057 100
0.44657599925994873 -0.220391005277633667 0.0610127002000808716 100
0.441569000482559204 -0.219179004430770874 0.0609598010778427124 100
0.439574986696243286 -0.220295995473861694 0.0609413012862205505 100
0.435573011636734009 -0.219748005270957947 0.0608997009694576263 100
0.432574003934860229 -0.219955995678901672 0.0608695000410079956 100
0.428570002317428589 -0.219274997711181641 0.0608276985585689545 100
0.42557099461555481 -0.219368994235992432 0.0607973001897335052 100
0.422571003437042236 -0.219411998987197876 0.0607668012380599976 100
0.419571012258529663 -0.219402998685836792 0.0607362017035484314 100
0.41757500171661377 -0.220219999551773071 0.0607171989977359772 100
0.415580004453659058 -0.221004992723464966 0.0606979988515377045 100
0.412578999996185303 -0.220861002802848816 0.0606671981513500214 100
0.411586999893188477 -0.222480997443199158 0.0606595985591411591 100
0.408585995435714722 -0.222253993153572083 0.0606286004185676575 100
0.404579997062683105 -0.221046000719070435 0.0605858005583286285 100
0.401578009128570557 -0.220704004168510437 0.06055460125207901 100
0.39857599139213562 -0.220310002565383911 0.060523301362991333 100
0.395574003458023071 -0.219864994287490845 0.060492001473903656 100
0.394582003355026245 -0.221307992935180664 0.0604839995503425598 100
0.392583996057510376 -0.221759006381034851 0.0604643002152442932 100
0.390585988759994507 -0.222179993987083435 0.0604445002973079681 100
0.388588011264801025 -0.22257000207901001 0.0604245997965335846 100
0.386590003967285156 -0.222929999232292175 0.060404699295759201 100
0.382582008838653564 -0.221210002899169922 0.0603610016405582428 100
0.378571987152099609 -0.219417005777359009 0.0603171996772289276 100
0.374563008546829224 -0.217548996210098267 0.0602733008563518524 100
0.371558010578155518 -0.216663002967834473 0.0602412000298500061 100
0.369558990001678467 -0.2167930006980896 0.0602209009230136871 100
0.366553992033004761 -0.215813994407653809 0.0601884983479976654 100
0.364555001258850098 -0.215873003005981445 0.060168098658323288 100
0.362554997205734253 -0.215901002287864685 0.0601475983858108521 100
0.360554993152618408 -0.215900003910064697 0.0601271018385887146 100
0.358554989099502563 -0.2158689945936203 0.0601065009832382202 100
0.357560008764266968 -0.216943994164466858 0.0600978992879390717 100
0.357571989297866821 -0.219161003828048706 0.0601014010608196259 100
0.355571001768112183 -0.219079002737998962 0.060080699622631073 100
0.273351997137069702 0.0195362009108066559 0.0578837990760803223 100
0.279352009296417236 0.0196048002690076828 0.0578906983137130737 100
0.274361014366149902 0.0177733004093170166 0.0578888989984989166 100
0.273366987705230713 0.016648000106215477 0.0578901991248130798 100
0.271373003721237183 0.0153956003487110138 0.0578906014561653137 100
0.269378989934921265 0.0141792995855212212 0.0578908994793891907 100
0.269383996725082397 0.0132539002224802971 0.0578928999602794647 100
0.270388007164001465 0.0124473003670573235 0.0578957982361316681 100
0.268393993377685547 0.0112942997366189957 0.0578958988189697266 100
0.26839900016784668 0.0103786997497081757 0.0578978992998600006 100
0.267403990030288696 0.0093715200200676918 0.0578989014029502869 100
0.269407987594604492 0.0086313001811504364 0.057902701199054718 100
0.269412994384765625 0.00770753994584083557 0.0579047016799449921 100
0.270417004823684692 0.00684922002255916595 0.0579075999557971954 100
0.271421998739242554 0.0059733102098107338 0.0579105988144874573 100
0.272426009178161621 0.00507979001849889755 0.0579136013984680176 100
0.272430986166000366 0.00413003982976078987 0.0579155012965202332 100
0.273436009883880615 0.00321011990308761597 0.0579186007380485535 100
0.274441003799438477 0.00227251998148858547 0.0579215995967388153 100
0.276446014642715454 0.00132919999305158854 0.0579258017241954803 100
0.278450995683670044 0.000350412999978289008 0.0579301007091999054 100
0.280456006526947021 -0.000663871993310749531 0.0579343996942043304 100
0.284462004899978638 -0.0017429799772799015 0.0579411983489990234 100
0.490622013807296753 -0.226552993059158325 0.0585144013166427612 100
0.477591007947921753 -0.220468997955322266 0.0584887005388736725 100
0.47158399224281311 -0.219171002507209778 0.0584781989455223083 100
0.465575993061065674 -0.217764005064964294 0.0584676004946231842 100
0.460572004318237305 -0.216986000537872314 0.0584590993821620941 100
0.455567985773086548 -0.216116994619369507 0.058450501412153244 100
0.451566994190216064 -0.215915992856025696 0.058444000780582428 100
0.447564989328384399 -0.215645000338554382 0.0584373995661735535 100
0.444566994905471802 -0.216078996658325195 0.0584329999983310699 100
0.441569000482559204 -0.216462999582290649 0.0584283992648124695 100
0.438571006059646606 -0.216794997453689575 0.058423798531293869 100
0.435571998357772827 -0.217075005173683167 0.0584191009402275085 100
0.432572990655899048 -0.217304006218910217 0.0584142990410327911 100
0.430579006671905518 -0.218309000134468079 0.0584117993712425232 100
0.427578985691070557 -0.218445003032684326 0.0584068000316619873 100
0.424580007791519165 -0.218529000878334045 0.0584018006920814514 100
0.422583997249603271 -0.219419002532958984 0.0583989992737770081 100
0.418579995632171631 -0.218542993068695068 0.0583913996815681458 100
0.416584014892578125 -0.219348996877670288 0.0583885014057159424 100
0.414588004350662231 -0.220124006271362305 0.0583854988217353821 100
0.412591010332107544 -0.220868006348609924 0.0583823993802070618 100
0.409590005874633789 -0.220671996474266052 0.058376900851726532 100
0.408598989248275757 -0.222260996699333191 0.0583759993314743042 100
0.405597001314163208 -0.221981003880500793 0.0583704002201557159 100
0.455884009599685669 -0.277478992938995361 0.0584946982562541962 100
0.458914011716842651 -0.283437013626098633 0.0585034005343914032 100
0.457924991846084595 -0.285548001527786255 0.0585024990141391754 100
0.453920990228652954 -0.284676998853683472 0.0584942996501922607 100
0.452930986881256104 -0.286742985248565674 0.0584932006895542145 100
0.450937002897262573 -0.287790000438690186 0.0584895983338356018 100
0.448942005634307861 -0.288810014724731445 0.0584859997034072876 100
0.445942014455795288 -0.288769006729125977 0.058479800820350647 100
0.440930008888244629 -0.286586999893188477 0.058468598872423172 100
0.432902008295059204 -0.281141996383666992 0.0584500990808010101 100
0.425879001617431641 -0.276607006788253784 0.0584338009357452393 100
0.420866012573242188 -0.274091988801956177 0.0584223009645938873 100
0.390724003314971924 -0.246750995516777039 0.05834989994764328 100
0.356563985347747803 -0.215813994407653809 0.0582673996686935425 100
0.354564011096954346 -0.21572500467300415 0.0582626983523368835 100
0.354575008153915405 -0.217925995588302612 0.058262798935174942 100
0.277368992567062378 0.017262900248169899 0.0568982996046543121 100
0.271378010511398315 0.0153940003365278244 0.0569487996399402618 100
0.275380998849868774 0.0149956997483968735 0.056919001042842865 100
0.274385988712310791 0.0138894002884626389 0.0569292008876800537 100
0.273391991853713989 0.0128012998029589653 0.0569394007325172424 100
0.271398007869720459 0.011621600016951561 0.0569574981927871704 100
0.271403014659881592 0.0106792999431490898 0.0569595992565155029 100
0.271407008171081543 0.00973732955753803253 0.0569617003202438354 100
0.268413007259368896 0.00854664016515016556 0.0569874010980129242 100
0.272417008876800537 0.00792813021689653397 0.0569579005241394043 100
0.273420989513397217 0.00704313023015856743 0.0569521002471446991 100
0.274426013231277466 0.00614055013284087181 0.0569462999701499939 100
0.277431011199951172 0.00531528983265161514 0.0569248981773853302 100
0.278436005115509033 0.00435973005369305611 0.0569191984832286835 100
0.27744099497795105 0.00332711008377373219 0.0569289997220039368 100
0.279446005821228027 0.00237480993382632732 0.0569154992699623108 100
0.283450990915298462 0.00141098001040518284 0.0568865984678268433 100
0.49160999059677124 -0.22100299596786499 0.0555502995848655701 100
0.483597010374069214 -0.218612000346183777 0.055606599897146225 100
0.473576009273529053 -0.214675992727279663 0.0556766018271446228 100
0.465561985969543457 -0.21197199821472168 0.0557327009737491608 100
0.461560994386672974 -0.211994007229804993 0.0557609982788562775 100
0.458564996719360352 -0.212675005197525024 0.0557822994887828827 100
0.455567985773086548 -0.213304996490478516 0.0558035001158714294 100
0.451566994190216064 -0.213135004043579102 0.0558315999805927277 100
0.447564989328384399 -0.212895005941390991 0.0558594986796379089 100
0.444566994905471802 -0.213350996375083923 0.0558804981410503387 100
0.441569000482559204 -0.213756993412971497 0.0559014007449150085 100
0.438571006059646606 -0.214110001921653748 0.0559221990406513214 100
0.436576008796691895 -0.215210005640983582 0.0559360012412071228 100
0.433578014373779297 -0.215470001101493835 0.0559565983712673187 100
0.430577993392944336 -0.215679004788398743 0.0559771992266178131 100
0.428582996129989624 -0.21666400134563446 0.0559908002614974976 100
0.425583988428115845 -0.216780006885528564 0.056011199951171875 100
0.422583997249603271 -0.21684400737285614 0.056031499058008194 100
0.420587986707687378 -0.217713996767997742 0.0560448989272117615 100
0.418592005968093872 -0.218551993370056152 0.0560581982135772705 100
0.416595995426177979 -0.219357997179031372 0.0560714006423950195 100
0.415605008602142334 -0.221020996570587158 0.0560774989426136017 100
0.41360899806022644 -0.22177499532699585 0.0560906007885932922 100
0.413621991872787476 -0.224313005805015564 0.0560896992683410645 100
0.476969987154006958 -0.291162014007568359 0.0556493997573852539 100
0.475982010364532471 -0.293451994657516479 0.0556547008454799652 100
0.472983986139297485 -0.293812990188598633 0.0556738004088401794 100
0.470990002155303955 -0.295098006725311279 0.0556859001517295837 100
0.468997001647949219 -0.296353995800018311 0.0556977987289428711 100
0.465997993946075439 -0.296591997146606445 0.0557166002690792084 100
0.464004009962081909 -0.297784000635147095 0.0557283014059066772 100
0.462009012699127197 -0.298949003219604492 0.0557398982346057892 100
0.459010004997253418 -0.299064010381698608 0.0557584017515182495 100
0.457015007734298706 -0.300166010856628418 0.0557697005569934845 100
0.455020993947982788 -0.30124199390411377 0.055780898779630661 100
0.453025996685028076 -0.302293002605438232 0.0557920001447200775 100
0.450026005506515503 -0.30225101113319397 0.0558100007474422455 100
0.447025001049041748 -0.30216100811958313 0.055827900767326355 100
0.444023996591567993 -0.302024990320205688 0.055845700204372406 100
0.442028999328613281 -0.302944004535675049 0.0558562986552715302 100
0.439027994871139526 -0.302726000547409058 0.0558738000690937042 100
0.435019999742507935 -0.301337987184524536 0.0558983013033866882 100
0.478579014539718628 -0.212173998355865479 0.0527984015643596649 100
0.473576009273529053 -0.211726993322372437 0.0528774000704288483 100
0.46656501293182373 -0.209793001413345337 0.0529883988201618195 100
0.462565004825592041 -0.209856003522872925 0.0530511997640132904 100
0.459569007158279419 -0.210568994283676147 0.053097900003194809 100
0.455567985773086548 -0.210501000285148621 0.0531606003642082214 100
0.451566994190216064 -0.210363999009132385 0.0532232001423835754 100
0.448568999767303467 -0.210903003811836243 0.0532695986330509186 100
0.444566994905471802 -0.210632994771003723 0.0533321015536785126 100
0.441569000482559204 -0.211060002446174622 0.0533783994615077972 100
0.439574986696243286 -0.212212994694709778 0.053408600389957428 100
0.436576008796691895 -0.212547004222869873 0.0534548014402389526 100
0.434581995010375977 -0.21362699568271637 0.0534848012030124664 100
0.431582003831863403 -0.213868007063865662 0.0535308010876178741 100
0.428582996129989624 -0.214056998491287231 0.0535767003893852234 100
0.426587998867034912 -0.215020999312400818 0.0536064989864826202 100
0.423588007688522339 -0.215116992592811584 0.0536523014307022095 100
0.421591997146606445 -0.216007992625236511 0.0536818988621234894 100
0.418592005968093872 -0.216011002659797668 0.0537276007235050201 100
0.41760098934173584 -0.217695996165275574 0.0537409000098705292 100
0.415605008602142334 -0.218492001295089722 0.0537701994180679321 100
0.413608014583587646 -0.219256997108459473 0.0537994988262653351 100
0.481976985931396484 -0.289332985877990723 0.0526851005852222443 100
0.480989009141921997 -0.29166799783706665 0.0526967011392116547 100
0.478996008634567261 -0.293056011199951172 0.052724398672580719 100
0.478008002042770386 -0.295365989208221436 0.052735600620508194 100
0.476015001535415649 -0.296710014343261719 0.0527630001306533813 100
0.474020987749099731 -0.298025995492935181 0.0527901984751224518 100
0.47102200984954834 -0.29833298921585083 0.0528336018323898315 100
0.470034003257751465 -0.300576001405715942 0.0528442002832889557 100
0.467034995555877686 -0.30080801248550415 0.05288739874958992 100
0.465041011571884155 -0.302006006240844727 0.0529140010476112366 100
0.463046997785568237 -0.303176999092102051 0.0529404990375041962 100
0.460047006607055664 -0.303288012742996216 0.0529831983149051666 100
0.458052009344100952 -0.304396986961364746 0.0530093982815742493 100
0.455051988363265991 -0.304423987865447998 0.0530519001185894012 100
0.453056991100311279 -0.305471986532211304 0.0530777014791965485 100
0.450056999921798706 -0.305415987968444824 0.053119901567697525 100
0.447055995464324951 -0.305312991142272949 0.0531620010733604431 100
0.444054991006851196 -0.30516400933265686 0.0532038994133472443 100
0.441053986549377441 -0.30496901273727417 0.0532457008957862854 100
0.438051998615264893 -0.30472901463508606 0.0532874017953872681 100
0.436055988073348999 -0.305579006671905518 0.0533121004700660706 100
0.432047992944717407 -0.304111987352371216 0.0533700995147228241 100
0.499639004468917847 -0.220084995031356812 0.0494347997009754181 100
0.477575987577438354 -0.208523005247116089 0.0499844998121261597 100
0.474579989910125732 -0.20946800708770752 0.0500568002462387085 100
0.469577014446258545 -0.208982005715370178 0.0501792989671230316 100
0.463568985462188721 -0.207708001136779785 0.0503269992768764496 100
0.459569007158279419 -0.207743003964424133 0.0504241995513439178 100
0.457576006650924683 -0.209144994616508484 0.0504711009562015533 100
0.453574985265731812 -0.209058001637458801 0.0505683012306690216 100
0.450576990842819214 -0.209638997912406921 0.0506401993334293365 100
0.446574985980987549 -0.209419995546340942 0.0507371984422206879 100
0.444581001996994019 -0.21064700186252594 0.0507837012410163879 100
0.441583007574081421 -0.211073994636535645 0.0508553981781005859 100
0.438585013151168823 -0.211448997259140015 0.0509269982576370239 100
0.435586005449295044 -0.211772993206977844 0.0509985983371734619 100
0.432586997747421265 -0.212045997381210327 0.0510701015591621399 100
0.429587006568908691 -0.212266996502876282 0.0511415004730224609 100
0.427592009305953979 -0.213253006339073181 0.0511876009404659271 100
0.424591988325119019 -0.213381007313728333 0.0512588992714881897 100
0.421591997146606445 -0.213457003235816956 0.0513301007449626923 100
0.418592005968093872 -0.21348099410533905 0.0514012984931468964 100
0.416595995426177979 -0.214310005307197571 0.0514471009373664856 100
0.415603995323181152 -0.215975001454353333 0.0514672994613647461 100
0.484991014003753662 -0.28882598876953125 0.0496836006641387939 100
0.482998013496398926 -0.290270000696182251 0.0497267991304397583 100
0.481005012989044189 -0.29168701171875 0.0497699007391929626 100
0.480017006397247314 -0.294014006853103638 0.0497873015701770782 100
0.478024005889892578 -0.295385986566543579 0.0498300008475780487 100
0.476031005382537842 -0.296728998422622681 0.0498725995421409607 100
0.475041985511779785 -0.299015998840332031 0.0498894006013870239 100
0.472043007612228394 -0.29933398962020874 0.0499573014676570892 100
0.470050007104873657 -0.300595998764038086 0.0499993003904819489 100
0.468055993318557739 -0.30183100700378418 0.05004119873046875 100
0.466062009334564209 -0.303039014339447021 0.0500828996300697327 100
0.464067012071609497 -0.304221987724304199 0.0501243993639945984 100
0.461068004369735718 -0.304342985153198242 0.0501915998756885529 100
0.459073007106781006 -0.305463999509811401 0.0502327010035514832 100
0.457078009843826294 -0.306558996438980103 0.0502736009657382965 100
0.454077988862991333 -0.306560993194580078 0.0503402017056941986 100
0.451077014207839966 -0.306515991687774658 0.0504066981375217438 100
0.449081987142562866 -0.307514995336532593 0.0504469983279705048 100
0.446081012487411499 -0.307388991117477417 0.0505132004618644714 100
0.443080008029937744 -0.307217001914978027 0.0505791008472442627 100
0.439072012901306152 -0.305875003337860107 0.0506712011992931366 100
0.437076002359390259 -0.306737005710601807 0.0507105998694896698 100
0.43407401442527771 -0.306428998708724976 0.0507760010659694672 100
0.432078003883361816 -0.307236999273300171 0.0508149005472660065 100
0.488599985837936401 -0.209754005074501038 0.0467866994440555573 100
0.482594013214111328 -0.208865001797676086 0.0469870008528232574 100
0.476588010787963867 -0.207867994904518127 0.0471873991191387177 100
0.475598990917205811 -0.210162997245788574 0.0472165010869503021 100
0.470595985651016235 -0.209686994552612305 0.047382500022649765 100
0.463584005832672119 -0.20772300660610199 0.0476171001791954041 100
0.45958399772644043 -0.207757994532585144 0.0477488003671169281 100
0.456586003303527832 -0.208441004157066345 0.0478462018072605133 100
0.452585011720657349 -0.208344995975494385 0.0479778014123439789 100
0.450590997934341431 -0.209654003381729126 0.0480406992137432098 100
0.446588993072509766 -0.209435999393463135 0.0481722988188266754 100
0.443590998649597168 -0.209904000163078308 0.0482693985104560852 100
0.44059300422668457 -0.210321992635726929 0.048366498202085495 100
0.437593996524810791 -0.210686996579170227 0.0484635010361671448 100
0.434594988822937012 -0.211002007126808167 0.0485605001449584961 100
0.43159601092338562 -0.211263999342918396 0.0486573986709117889 100
0.428595989942550659 -0.211474999785423279 0.0487542003393173218 100
0.426600992679595947 -0.2124519944190979 0.0488164983689785004 100
0.422596007585525513 -0.211741998791694641 0.048947799950838089 100
0.420601010322570801 -0.212634995579719543 0.0490099005401134491 100
0.418604999780654907 -0.213495999574661255 0.0490720011293888092 100
0.415603995323181152 -0.213468998670578003 0.0491685010492801666 100
0.414611995220184326 -0.215123996138572693 0.0491956993937492371 100
0.485994994640350342 -0.286475986242294312 0.0467016994953155518 100
0.485008001327514648 -0.288846999406814575 0.0467257015407085419 100
0.483015000820159912 -0.29029199481010437 0.0467843003571033478 100
0.481022000312805176 -0.291709005832672119 0.0468427017331123352 100
0.480033010244369507 -0.294037014245986938 0.046865999698638916 100
0.478040009737014771 -0.295408010482788086 0.0469239987432956696 100
0.476047009229660034 -0.296752005815505981 0.0469818003475666046 100
0.474052995443344116 -0.298067986965179443 0.0470395013689994812 100
0.472059011459350586 -0.299356997013092041 0.0470969006419181824 100
0.470064997673034668 -0.300619006156921387 0.0471539981663227081 100
0.468071013689041138 -0.30185401439666748 0.0472109988331794739 100
0.46607699990272522 -0.303063005208969116 0.0472677983343601227 100
0.463077008724212646 -0.303222000598907471 0.0473595000803470612 100
0.461082994937896729 -0.304367989301681519 0.0474159009754657745 100
0.459087997674942017 -0.305487990379333496 0.047471899539232254 100
0.457094013690948486 -0.306584000587463379 0.047527700662612915 100
0.454093009233474731 -0.306585997343063354 0.0476186983287334442 100
0.451092004776000977 -0.306540995836257935 0.0477095991373062134 100
0.448091000318527222 -0.306450009346008301 0.0478002987802028656 100
0.445089995861053467 -0.306313008069992065 0.0478908009827136993 100
0.441082000732421875 -0.305016994476318359 0.0480168014764785767 100
0.43808099627494812 -0.304776996374130249 0.0481069013476371765 100
0.436084985733032227 -0.305628001689910889 0.0481610000133514404 100
0.434089004993438721 -0.306457012891769409 0.0482148006558418274 100
0.430079996585845947 -0.304946005344390869 0.0483401007950305939 100
0.488615989685058594 -0.209772005677223206 0.0438589006662368774 100
0.481606006622314453 -0.208222001791000366 0.0441550984978675842 100
0.475598990917205811 -0.207214996218681335 0.0444081015884876251 100
0.474611014127731323 -0.209500998258590698 0.0444441996514797211 100
0.470611006021499634 -0.209704995155334473 0.0446103997528553009 100
0.464603006839752197 -0.208440005779266357 0.0448632985353469849 100
0.458593994379043579 -0.207065999507904053 0.0451163984835147858 100
0.456600993871688843 -0.208459004759788513 0.0451956987380981445 100
0.451595991849899292 -0.207634001970291138 0.0454052984714508057 100
0.448597997426986694 -0.208195000886917114 0.0455279015004634857 100
0.444595009088516235 -0.207956999540328979 0.0456940010190010071 100
0.441597014665603638 -0.208406001329421997 0.0458166003227233887 100
0.438598006963729858 -0.208803996443748474 0.0459390990436077118 100
0.435598999261856079 -0.209150001406669617 0.0460616014897823334 100
0.433604001998901367 -0.210232004523277283 0.0461402982473373413 100
0.430604994297027588 -0.210484996438026428 0.0462627001106739044 100
0.427605003118515015 -0.210685998201370239 0.0463850013911724091 100
0.424605011940002441 -0.210834994912147522 0.0465071983635425568 100
0.42160499095916748 -0.210932999849319458 0.0466294996440410614 100
0.418603986501693726 -0.210978999733924866 0.0467517003417015076 100
0.41660800576210022 -0.211820006370544434 0.0468299984931945801 100
0.414611995220184326 -0.212629005312919617 0.0469080992043018341 100
0.412615001201629639 -0.213406994938850403 0.0469861999154090881 100
0.487017005681991577 -0.287398993968963623 0.0436931997537612915 100
0.485024005174636841 -0.288872003555297852 0.0437672995030879974 100
0.482026010751724243 -0.289398998022079468 0.043885398656129837 100
0.482042998075485229 -0.292663007974624634 0.0438707992434501648 100
0.47904399037361145 -0.293123006820678711 0.043988499790430069 100
0.477050989866256714 -0.294483989477157593 0.0440617986023426056 100
0.476063013076782227 -0.296777993440628052 0.0440904982388019562 100
0.473064005374908447 -0.297122985124588013 0.0442076995968818665 100
0.471069991588592529 -0.298402011394500732 0.0442803986370563507 100
0.469076007604598999 -0.299654006958007812 0.0443526990711688995 100
0.467081993818283081 -0.300879001617431641 0.0444247983396053314 100
0.465086996555328369 -0.302076995372772217 0.0444967001676559448 100
0.462087005376815796 -0.302224993705749512 0.0446130000054836273 100
0.460092991590499878 -0.303360998630523682 0.0446843989193439484 100
0.458097994327545166 -0.304470986127853394 0.044755399227142334 100
0.455096989870071411 -0.304497987031936646 0.0448710992932319641 100
0.452096998691558838 -0.304477989673614502 0.0449865981936454773 100
0.450100988149642944 -0.305491000413894653 0.0450568981468677521 100
0.448105990886688232 -0.306479990482330322 0.0451269000768661499 100
0.445104986429214478 -0.306342989206314087 0.0452416017651557922 100
0.441096991300582886 -0.305047005414962769 0.0454014986753463745 100
0.440106987953186035 -0.307056993246078491 0.0454251989722251892 100
0.438111007213592529 -0.307931005954742432 0.0454938001930713654 100
0.434103012084960938 -0.306488007307052612 0.0456530004739761353 100
0.4876289963722229 -0.209140002727508545 0.0409829989075660706 100
0.480618000030517578 -0.207580000162124634 0.041340898722410202 100
0.473607003688812256 -0.205892994999885559 0.041698899120092392 100
0.473623007535934448 -0.20883999764919281 0.0416897013783454895 100
0.467615008354187012 -0.207654997706413269 0.0419953018426895142 100
0.462610006332397461 -0.20706099271774292 0.0422484986484050751 100
0.458609014749526978 -0.207085996866226196 0.0424491018056869507 100
0.453604012727737427 -0.206321999430656433 0.0427023991942405701 100
0.450605988502502441 -0.206925004720687866 0.0428505018353462219 100
0.446604013442993164 -0.206737995147705078 0.0430512018501758575 100
0.443605005741119385 -0.207229003310203552 0.0431993007659912109 100
0.440607011318206787 -0.207668006420135498 0.0433471985161304474 100
0.437608003616333008 -0.208056002855300903 0.0434952005743980408 100
0.434608995914459229 -0.20839199423789978 0.0436430983245372772 100
0.431609004735946655 -0.208676993846893311 0.0437908992171287537 100
0.428609013557434082 -0.208910003304481506 0.0439388006925582886 100
0.426613986492156982 -0.209898993372917175 0.0440335981547832489 100
0.423613995313644409 -0.21003800630569458 0.0441813990473747253 100
0.419609010219573975 -0.209298998117446899 0.044382099062204361 100
0.417612999677658081 -0.210161998867988586 0.0444767996668815613 100
0.415616005659103394 -0.210993006825447083 0.0445712991058826447 100
0.4136199951171875 -0.211792007088661194 0.044665798544883728 100
0.411623001098632812 -0.212559998035430908 0.0447601005434989929 100
0.484034985303878784 -0.287992000579833984 0.0408618003129959106 100
0.482042014598846436 -0.289427012205123901 0.0409510992467403412 100
0.480049014091491699 -0.290834009647369385 0.0410402007400989532 100
0.480066001415252686 -0.294091999530792236 0.0410218015313148499 100
0.478071987628936768 -0.295462995767593384 0.0411102995276451111 100
0.476078987121582031 -0.296808004379272461 0.0411986000835895538 100
0.474085003137588501 -0.298123985528945923 0.0412864983081817627 100
0.472090989351272583 -0.299414008855819702 0.0413742996752262115 100
0.470097005367279053 -0.300677001476287842 0.0414616987109184265 100
0.468102991580963135 -0.301912993192672729 0.0415487997233867645 100
0.466107994318008423 -0.303122997283935547 0.0416356995701789856 100
0.46310800313949585 -0.303281009197235107 0.0417764000594615936 100
0.460108011960983276 -0.303393006324768066 0.0419168993830680847 100
0.45911899209022522 -0.305548995733261108 0.0419486016035079956 100
0.456117987632751465 -0.305588006973266602 0.0420886017382144928 100
0.453117012977600098 -0.305579990148544312 0.042228400707244873 100
0.450116008520126343 -0.305525004863739014 0.0423679985105991364 100
0.446108996868133545 -0.304333001375198364 0.0425620004534721375 100
0.444112986326217651 -0.305276006460189819 0.042646501213312149 100
0.441110998392105103 -0.305081993341445923 0.04278549924492836 100
0.366699010133743286 -0.229607000946998596 0.0467815995216369629 100
0.28845900297164917 0.0069182300940155983 0.0502840988337993622 100
0.287465006113052368 0.00577862979844212532 0.0503478012979030609 100
0.286469995975494385 0.00465692020952701569 0.0504113994538784027 100
0.285474985837936401 0.00355308991856873035 0.050474800169467926 100
0.483630001544952393 -0.206556007266044617 0.038309101015329361 100
0.480634003877639771 -0.207601994276046753 0.0384826995432376862 100
0.473623007535934448 -0.205915004014968872 0.0389023981988430023 100
0.472633987665176392 -0.208182007074356079 0.038952801376581192 100
0.465622007846832275 -0.206296995282173157 0.0393727011978626251 100
0.461620986461639404 -0.206383004784584045 0.0396079011261463165 100
0.456616014242172241 -0.205688998103141785 0.0399046987295150757 100
0.452614009380340576 -0.205623999238014221 0.0401399992406368256 100
0.449615985155105591 -0.20621800422668457 0.0403135009109973907 100
0.445614010095596313 -0.20602099597454071 0.0405488014221191406 100
0.442615002393722534 -0.206502005457878113 0.0407221987843513489 100
0.438612014055252075 -0.206174001097679138 0.0409575998783111572 100
0.436616986989974976 -0.207310006022453308 0.0410690009593963623 100
0.433618009090423584 -0.207635998725891113 0.0412423983216285706 100
0.431623011827468872 -0.208699002861976624 0.0413536988198757172 100
0.42761799693107605 -0.208133995532989502 0.041588999330997467 100
0.424618005752563477 -0.208305999636650085 0.0417622998356819153 100
0.422621995210647583 -0.20924299955368042 0.0418733991682529449 100
0.41962200403213501 -0.209321007132530212 0.0420465990900993347 100
0.416620999574661255 -0.209345996379852295 0.0422197990119457245 100
0.4136199951171875 -0.209319993853569031 0.0423930995166301727 100
0.411623001098632812 -0.210099995136260986 0.042503800243139267 100
0.409626007080078125 -0.210847005248069763 0.0426145009696483612 100
0.407629013061523438 -0.211563006043434143 0.042725101113319397 100
0.404626995325088501 -0.211357995867729187 0.0428980998694896698 100
0.403634995222091675 -0.212898999452590942 0.0429457984864711761 100
0.468019008636474609 -0.282848000526428223 0.0388539992272853851 100
0.47205701470375061 -0.289795011281967163 0.0385804995894432068 100
0.472072988748550415 -0.292997986078262329 0.0385582000017166138 100
0.468068987131118774 -0.292331010103225708 0.0387879982590675354 100
0.466073989868164062 -0.29355698823928833 0.0388913005590438843 100
0.465084999799728394 -0.295749008655548096 0.0389310009777545929 100
0.463090986013412476 -0.296932011842727661 0.0390336997807025909 100
0.460090011358261108 -0.297073990106582642 0.0391995012760162354 100
0.45809599757194519 -0.298193007707595825 0.0393014997243881226 100
0.452078014612197876 -0.295143991708755493 0.0396578982472419739 100
0.440025001764297485 -0.285701990127563477 0.0403971001505851746 100
0.430988013744354248 -0.279186993837356567 0.0409462004899978638 100
0.387789011001586914 -0.243589997291564941 0.0436028987169265747 100
0.357618004083633423 -0.21269400417804718 0.0455094985663890839 100
0.355616986751556396 -0.212630003690719604 0.0456172004342079163 100
0.354622006416320801 -0.213673993945121765 0.0456601008772850037 100
0.353628009557723999 -0.214710995554924011 0.0457024984061717987 100
0.351626008749008179 -0.21458299458026886 0.0458091981709003448 100
0.290459990501403809 0.00813932996243238449 0.049048498272895813 100
0.286464989185333252 0.00680413004010915756 0.0493312999606132507 100
0.285470008850097656 0.0056822202168405056 0.0494038984179496765 100
0.287476003170013428 0.00469361012801527977 0.0492664985358715057 100
0.285481005907058716 0.00355124007910490036 0.0494088008999824524 100
0.286487013101577759 0.00250661000609397888 0.0493412986397743225 100
0.291494011878967285 0.0014916399959474802 0.0489941015839576721 100
0.484649002552032471 -0.207231000065803528 0.0353543013334274292 100
0.479645997285842896 -0.206964001059532166 0.0356944017112255096 100
0.468618988990783691 -0.202583998441696167 0.0364584997296333313 100
0.466625988483428955 -0.204123005270957947 0.0365868993103504181 100
0.464632987976074219 -0.205630004405975342 0.0367151983082294464 100
0.459627985954284668 -0.205007001757621765 0.0370556004345417023 100
0.455626010894775391 -0.20500299334526062 0.0373254008591175079 100
0.451624006032943726 -0.204928994178771973 0.0375952012836933136 100
0.448626011610031128 -0.205512002110481262 0.0377940982580184937 100
0.444624006748199463 -0.205305993556976318 0.0380639992654323578 100
0.441624999046325684 -0.205777004361152649 0.0382628999650478363 100
0.438625991344451904 -0.206196993589401245 0.0384618006646633148 100
0.435627013444900513 -0.206566005945205688 0.0386606007814407349 100
0.432626992464065552 -0.206881999969482422 0.0388595014810562134 100
0.429627001285552979 -0.207147002220153809 0.0390583015978336334 100
0.427632004022598267 -0.208158001303672791 0.0391857996582984924 100
0.424630999565124512 -0.208330005407333374 0.039384499192237854 100
0.420626014471054077 -0.207632005214691162 0.0396546982228755951 100
0.418630003929138184 -0.208517998456954956 0.0397819988429546356 100
0.41663399338722229 -0.209371000528335571 0.0399091988801956177 100
0.412627995014190674 -0.208497002720832825 0.0401794984936714172 100
0.409626007080078125 -0.20840899646282196 0.0403782986104488373 100
0.407629013061523438 -0.2091359943151474 0.0405053012073040009 100
0.404626995325088501 -0.208954006433486938 0.0407041013240814209 100
0.401623994112014771 -0.208719000220298767 0.0409029014408588409 100
0.399627000093460083 -0.209330007433891296 0.0410296991467475891 100
0.396623998880386353 -0.209001004695892334 0.0412283986806869507 100
0.394625991582870483 -0.209537997841835022 0.0413550995290279388 100
0.392628014087677002 -0.210043996572494507 0.0414816997945308685 100
0.391635000705718994 -0.211456999182701111 0.0415357984602451324 100
0.389636009931564331 -0.211908996105194092 0.0416620001196861267 100
0.387638002634048462 -0.21232999861240387 0.0417881011962890625 100
0.385639011859893799 -0.212718993425369263 0.0419140011072158813 100
0.383639991283416748 -0.213076993823051453 0.0420399010181427002 100
0.381641000509262085 -0.213403001427650452 0.0421654991805553436 100
0.379642009735107422 -0.213697999715805054 0.0422911010682582855 100
0.376637011766433716 -0.212947994470596313 0.0424893982708454132 100
0.374637007713317871 -0.213168993592262268 0.0426146984100341797 100
0.372637003660202026 -0.213359996676445007 0.0427398011088371277 100
0.370636999607086182 -0.213520005345344543 0.0428647994995117188 100
0.367630988359451294 -0.212591007351875305 0.0430629998445510864 100
0.365631014108657837 -0.212678998708724976 0.0431877002120018005 100
0.362625002861022949 -0.211656004190444946 0.0433859005570411682 100
0.360623985528945923 -0.211670994758605957 0.0435102991759777069 100
0.358622997999191284 -0.211656004190444946 0.0436346009373664856 100
0.356622010469436646 -0.211611002683639526 0.0437587015330791473 100
0.354620993137359619 -0.211536005139350891 0.0438825003802776337 100
0.354631990194320679 -0.213705003261566162 0.0438578017055988312 100
0.35263100266456604 -0.213595002889633179 0.0439807996153831482 100
0.350629985332489014 -0.213456004858016968 0.0441036000847816467 100
0.287454009056091309 0.0101105999201536179 0.0481683984398841858 100
0.285459995269775391 0.00887844990938901901 0.0483293011784553528 100
0.290466010570526123 0.0081378202885389328 0.0479376986622810364 100
0.28547099232673645 0.00674636010080575943 0.048334900289773941 100
0.284476011991500854 0.00563324987888336182 0.0484163984656333923 100
0.285481005907058716 0.00461495015770196915 0.0483401007950305939 100
0.284487009048461914 0.00351984007284045219 0.0484214015305042267 100
0.285492002964019775 0.00248399004340171814 0.0483448989689350128 100
0.289499998092651367 0.00146587996277958155 0.0480321012437343597 100
0.481653988361358643 -0.205301001667976379 0.0326993018388748169 100
0.476649999618530273 -0.205006003379821777 0.0330829992890357971 100
0.467629998922348022 -0.201938003301620483 0.0337859988212585449 100
0.465636998414993286 -0.203467994928359985 0.0339305996894836426 100
0.462639987468719482 -0.204275995492935181 0.0341550000011920929 100
0.458638995885848999 -0.20433199405670166 0.0344593003392219543 100
0.454636991024017334 -0.204319000244140625 0.0347636006772518158 100
0.451638996601104736 -0.204953998327255249 0.0349879004061222076 100
0.447636008262634277 -0.204808995127677917 0.0352923013269901276 100
0.443632990121841431 -0.204593002796173096 0.0355967991054058075 100
0.440634012222290039 -0.205054998397827148 0.0358211994171142578 100
0.43763500452041626 -0.205465003848075867 0.0360454991459846497 100
0.43463599681854248 -0.205823004245758057 0.0362698994576931 100
0.431636005640029907 -0.206129997968673706 0.0364941991865634918 100
0.428636014461517334 -0.206385999917984009 0.0367184989154338837 100
0.425635993480682373 -0.206588998436927795 0.036942899227142334 100
0.422634989023208618 -0.206741005182266235 0.0371671989560127258 100
0.420639008283615112 -0.207657992839813232 0.0373108983039855957 100
0.417638003826141357 -0.207716003060340881 0.037535201758146286 100
0.414636999368667603 -0.207721993327140808 0.0377595014870166779 100
0.411635011434555054 -0.2076759934425354 0.0379838012158870697 100
0.409637987613677979 -0.208435997366905212 0.0381271988153457642 100
0.40663599967956543 -0.208295002579689026 0.0383515991270542145 100
0.403634011745452881 -0.208103001117706299 0.0385758988559246063 100
0.401636004447937012 -0.208746001124382019 0.0387190990149974823 100
0.398633986711502075 -0.208459004759788513 0.0389433987438678741 100
0.395630985498428345 -0.208120003342628479 0.0391677990555763245 100
0.394638001918792725 -0.209565997123718262 0.0392294004559516907 100
0.391633987426757812 -0.209141999483108521 0.0394537001848220825 100
0.389636009931564331 -0.209604993462562561 0.0395964011549949646 100
0.38763698935508728 -0.210036993026733398 0.0397390983998775482 100
0.385637998580932617 -0.210436999797821045 0.0398815013468265533 100
0.383639007806777954 -0.210804998874664307 0.04002390056848526 100
0.381639987230300903 -0.211142003536224365 0.0401660986244678497 100
0.37964099645614624 -0.211447000503540039 0.040308099240064621 100
0.377642005681991577 -0.21172100305557251 0.0404500998556613922 100
0.375642001628875732 -0.211963996291160583 0.040591798722743988 100
0.373641997575759888 -0.212174996733665466 0.0407334007322788239 100
0.371641993522644043 -0.212355002760887146 0.0408748015761375427 100
0.369641989469528198 -0.212503999471664429 0.0410161018371582031 100
0.366636008024215698 -0.211565002799034119 0.0412398986518383026 100
0.364636003971099854 -0.211641997098922729 0.0413809008896350861 100
0.362634986639022827 -0.211687996983528137 0.0415216982364654541 100
0.360633999109268188 -0.211703002452850342 0.0416622981429100037 100
0.358633995056152344 -0.211688995361328125 0.0418026000261306763 100
0.356631994247436523 -0.211643993854522705 0.0419427007436752319 100
0.354631006717681885 -0.211569994688034058 0.0420826002955436707 100
0.353635996580123901 -0.212603002786636353 0.0421384982764720917 100
0.351635009050369263 -0.212481006979942322 0.0422776006162166595 100
0.349633008241653442 -0.212330996990203857 0.0424165017902851105 100
0.287459999322891235 0.0101094003766775131 0.0470837987959384918 100
0.283464998006820679 0.00872922036796808243 0.0474380999803543091 100
0.288471013307571411 0.00800620019435882568 0.0470019988715648651 100
0.286476999521255493 0.00680107995867729187 0.0471804998815059662 100
0.28548198938369751 0.00567900016903877258 0.0472709015011787415 100
0.285486996173858643 0.00461325980722904205 0.0472735017538070679 100
0.283491998910903931 0.00348850991576910019 0.0474513992667198181 100
0.286498993635177612 0.00250276993028819561 0.0471906997263431549 100
0.287505000829696655 0.00144021003507077694 0.0471054017543792725 100
0.480666011571884155 -0.204677000641822815 0.0299204997718334198 100
0.476666003465652466 -0.205033004283905029 0.0302588995546102524 100
0.467644989490509033 -0.201965004205703735 0.0310418996959924698 100
0.464648008346557617 -0.202813997864723206 0.0312917008996009827 100
0.461650997400283813 -0.203612998127937317 0.0315415002405643463 100
0.457648992538452148 -0.203659996390342712 0.031880401074886322 100
0.453646987676620483 -0.203637003898620605 0.0322192013263702393 100
0.450648993253707886 -0.204262003302574158 0.0324690006673336029 100
0.446646004915237427 -0.204107001423835754 0.0328080989420413971 100
0.44264298677444458 -0.203881993889808655 0.0331472009420394897 100
0.439644008874893188 -0.20433400571346283 0.0333970002830028534 100
0.436645001173019409 -0.204733997583389282 0.0336469002068042755 100
0.433645009994506836 -0.205082997679710388 0.0338966995477676392 100
0.430644989013671875 -0.205379992723464966 0.0341465994715690613 100
0.427644997835159302 -0.205625995993614197 0.0343963988125324249 100
0.425648987293243408 -0.206616997718811035 0.0345566011965274811 100
0.422648012638092041 -0.206769004464149475 0.0348064005374908447 100
0.419647008180618286 -0.206869006156921387 0.0350561998784542084 100
0.416646003723144531 -0.20691700279712677 0.0353060998022556305 100
0.413644999265670776 -0.206912994384765625 0.0355559997260570526 100
0.410643011331558228 -0.206856995820999146 0.0358058996498584747 100
0.408645987510681152 -0.207607001066207886 0.0359655991196632385 100
0.405643999576568604 -0.207457005977630615 0.0362155996263027191 100
0.403645992279052734 -0.208131998777389526 0.0363751016557216644 100
0.401648998260498047 -0.208775997161865234 0.0365345999598503113 100
0.398645997047424316 -0.208489000797271729 0.0367844998836517334 100
0.396647989749908447 -0.209058001637458801 0.0369438007473945618 100
0.393644005060195923 -0.208676993846893311 0.0371937006711959839 100
0.391645997762680054 -0.209171995520591736 0.0373528003692626953 100
0.389647006988525391 -0.209636002779006958 0.0375117994844913483 100
0.386642992496490479 -0.209116995334625244 0.0377616994082927704 100
0.384644001722335815 -0.209507003426551819 0.0379205010831356049 100
0.382645010948181152 -0.209865003824234009 0.0380791984498500824 100
0.380645990371704102 -0.210191994905471802 0.0382376983761787415 100
0.378646999597549438 -0.210485994815826416 0.0383961014449596405 100
0.376646995544433594 -0.210749998688697815 0.0385542996227741241 100
0.374646991491317749 -0.210981994867324829 0.0387123003602027893 100
0.372646987438201904 -0.21118299663066864 0.038870200514793396 100
0.369641005992889404 -0.21031700074672699 0.0391198992729187012 100
0.36764100193977356 -0.210444003343582153 0.0392775982618331909 100
0.365640997886657715 -0.210540995001792908 0.0394349992275238037 100
0.363640010356903076 -0.210607007145881653 0.039592299610376358 100
0.36163899302482605 -0.210641995072364807 0.0397492982447147369 100
0.359638988971710205 -0.21064700186252594 0.0399060994386672974 100
0.357638001441955566 -0.210621997714042664 0.0400626994669437408 100
0.355636000633239746 -0.210565999150276184 0.0402190014719963074 100
0.354640990495681763 -0.211606994271278381 0.0402818992733955383 100
0.353646010160446167 -0.212640002369880676 0.0403442010283470154 100
0.351644992828369141 -0.212519004940986633 0.0404992997646331787 100
0.350650012493133545 -0.213530004024505615 0.0405603982508182526 100
0.285459995269775391 0.0110093997791409492 0.0461889989674091339 100
0.28246501088142395 0.00969399046152830124 0.0464823991060256958 100
0.281471014022827148 0.00858009979128837585 0.046582099050283432 100
0.284476995468139648 0.00774453021585941315 0.0462949983775615692 100
0.282481014728546143 0.00657485984265804291 0.0464911982417106628 100
0.283486992120742798 0.00558282993733882904 0.0463972017168998718 100
0.284492999315261841 0.00457317009568214417 0.0463032014667987823 100
0.282496988773345947 0.0034572200383991003 0.0464988984167575836 100
0.2845039963722229 0.00245954003185033798 0.0463081002235412598 100
0.287510991096496582 0.00143818999640643597 0.04602070152759552 100
0.475661993026733398 -0.201445996761322021 0.0275504998862743378 100
0.471662014722824097 -0.20175500214099884 0.0279236994683742523 100
0.466657012701034546 -0.201323002576828003 0.0283949002623558044 100
0.463658988475799561 -0.202162995934486389 0.0286701992154121399 100
0.460662007331848145 -0.202951997518539429 0.0289453994482755661 100
0.457664012908935547 -0.20368899405002594 0.0292205996811389923 100
0.452657997608184814 -0.202956005930900574 0.0296922996640205383 100
0.449658989906311035 -0.203572005033493042 0.029967600479722023 100
0.445656001567840576 -0.203408002853393555 0.0303412005305290222 100
0.442656993865966797 -0.203911006450653076 0.0306164994835853577 100
0.439657986164093018 -0.204363003373146057 0.0308918002992868423 100
0.436657994985580444 -0.204763993620872498 0.0311670992523431778 100
0.433658987283706665 -0.205112993717193604 0.0314424000680446625 100
0.42965400218963623 -0.204631999135017395 0.0318165011703968048 100
0.427657991647720337 -0.205656006932258606 0.0319930016994476318 100
0.424658000469207764 -0.205850005149841309 0.0322684012353420258 100
0.421656996011734009 -0.205991998314857483 0.0325437001883983612 100
0.418655991554260254 -0.206082001328468323 0.0328192003071308136 100
0.416658997535705566 -0.206947997212409973 0.0329953990876674652 100
0.413657009601593018 -0.206944003701210022 0.0332707986235618591 100
0.410656005144119263 -0.206888005137443542 0.0335461981594562531 100
0.407653003931045532 -0.206780001521110535 0.0338216982781887054 100
0.404650986194610596 -0.206619992852210999 0.0340972989797592163 100
0.402653008699417114 -0.207285001873970032 0.034273199737071991 100
0.399650007486343384 -0.207030996680259705 0.0345488004386425018 100
0.397652000188827515 -0.20762200653553009 0.034724600613117218 100
0.395653992891311646 -0.208182007074356079 0.0349001996219158173 100
0.393655985593795776 -0.208709001541137695 0.0350757017731666565 100
0.391658008098602295 -0.209205001592636108 0.0352510996162891388 100
0.389658987522125244 -0.209668993949890137 0.0354263000190258026 100
0.38665500283241272 -0.209150999784469604 0.035701800137758255 100
0.384656012058258057 -0.209540992975234985 0.0358768999576568604 100
0.383661985397338867 -0.210870996117591858 0.0359511002898216248 100
0.380656987428665161 -0.210225999355316162 0.0362264998257160187 100
0.378657996654510498 -0.210520997643470764 0.0364011004567146301 100
0.377663999795913696 -0.211788997054100037 0.0364743992686271667 100
0.374657988548278809 -0.211016997694969177 0.0367496982216835022 100
0.372658014297485352 -0.211217999458312988 0.0369237996637821198 100
0.370658010244369507 -0.211389005184173584 0.0370975993573665619 100
0.368658006191253662 -0.211528003215789795 0.0372712984681129456 100
0.366656988859176636 -0.211636006832122803 0.0374446995556354523 100
0.363651007413864136 -0.210644006729125977 0.0377199016511440277 100
0.361649990081787109 -0.210679993033409119 0.037893000990152359 100
0.359649002552032471 -0.210684999823570251 0.0380659997463226318 100
0.357647985219955444 -0.210659995675086975 0.0382385998964309692 100
0.355646014213562012 -0.210605993866920471 0.0384109988808631897 100
0.354651004076004028 -0.211647003889083862 0.0384803004562854767 100
0.353655993938446045 -0.212680995464324951 0.0385489985346794128 100
0.351655006408691406 -0.212560996413230896 0.0387200005352497101 100
0.349653005599975586 -0.212411999702453613 0.0388907007873058319 100
0.284465998411178589 0.0109168002381920815 0.0452269986271858215 100
0.282471001148223877 0.00969300977885723114 0.0454415008425712585 100
0.28247600793838501 0.00865297019481658936 0.0454446002840995789 100
0.282481998205184937 0.00761314993724226952 0.0454475991427898407 100
0.282487004995346069 0.00657352013513445854 0.0454505011439323425 100
0.282492995262145996 0.00553405983373522758 0.045453198254108429 100
0.282498002052307129 0.00449474016204476357 0.0454558990895748138 100
0.281502991914749146 0.00342598999850451946 0.0455637983977794647 100
0.282508999109268188 0.00241638999432325363 0.0454607009887695312 100
0.285515010356903076 0.00141262996476143599 0.045146699994802475 100
0.47067299485206604 -0.201124995946884155 0.0252503007650375366 100
0.468679994344711304 -0.202695995569229126 0.0254437997937202454 100
0.463674008846282959 -0.202194005250930786 0.025958700105547905 100
0.458667993545532227 -0.201601997017860413 0.0264739003032445908 100
0.45667499303817749 -0.203020006418228149 0.0266673006117343903 100
0.452672004699707031 -0.202987998723983765 0.0270752999931573868 100
0.448668986558914185 -0.202884003520011902 0.0274835005402565002 100
0.445670008659362793 -0.203438997268676758 0.0277842003852128983 100
0.442671000957489014 -0.203942999243736267 0.0280849002301692963 100
0.439671993255615234 -0.204394996166229248 0.0283856000751256943 100
0.436672002077102661 -0.204796001315116882 0.0286864005029201508 100
0.433672010898590088 -0.205145001411437988 0.0289871003478765488 100
0.430671989917755127 -0.205441996455192566 0.0292879007756710052 100
0.427671998739242554 -0.205687999725341797 0.0295886993408203125 100
0.423666000366210938 -0.205083996057510376 0.0299977008253335953 100
0.421669989824295044 -0.206024006009101868 0.0301904007792472839 100
0.418668985366821289 -0.206115007400512695 0.0304912999272346497 100
0.416671991348266602 -0.206981003284454346 0.0306838005781173706 100
0.413670003414154053 -0.206976994872093201 0.0309846997261047363 100
0.410667985677719116 -0.206920996308326721 0.0312856994569301605 100
0.407665997743606567 -0.206814005970954895 0.0315866991877555847 100
0.404662996530532837 -0.206652998924255371 0.0318877995014190674 100
0.402666002511978149 -0.207319006323814392 0.0320799984037876129 100
0.399661988019943237 -0.207065001130104065 0.0323811993002891541 100
0.397664010524749756 -0.207655996084213257 0.0325732007622718811 100
0.395666003227233887 -0.208215996623039246 0.0327651016414165497 100
0.392661988735198975 -0.207825005054473877 0.0330662988126277924 100
0.390664011240005493 -0.208309993147850037 0.0332580991089344025 100
0.388664990663528442 -0.208764001727104187 0.0334496013820171356 100
0.386665999889373779 -0.209186002612113953 0.0336410999298095703 100
0.384667009115219116 -0.209576994180679321 0.0338324010372161865 100
0.382667988538742065 -0.209934994578361511 0.0340235009789466858 100
0.380668014287948608 -0.210262998938560486 0.0342143997550010681 100
0.378668993711471558 -0.210557997226715088 0.0344052016735076904 100
0.375663012266159058 -0.209818005561828613 0.0347062982618808746 100
0.374668985605239868 -0.211054995656013489 0.0347861982882022858 100
0.371663004159927368 -0.210231006145477295 0.0350872017443180084 100
0.369663000106811523 -0.210390999913215637 0.0352774001657962799 100
0.367662012577056885 -0.210519999265670776 0.0354673005640506744 100
0.36566200852394104 -0.210617005825042725 0.0356571003794670105 100
0.363660991191864014 -0.210684001445770264 0.0358465984463691711 100
0.361660003662109375 -0.210721001029014587 0.0360357984900474548 100
0.359658986330032349 -0.210727006196975708 0.03622480109333992 100
0.35765799880027771 -0.210702002048492432 0.0364135988056659698 100
0.355657011270523071 -0.210648000240325928 0.0366020016372203827 100
0.354660987854003906 -0.211689993739128113 0.0366778001189231873 100
0.353666007518768311 -0.212724998593330383 0.036752801388502121 100
0.351664990186691284 -0.212605997920036316 0.0369397997856140137 100
0.349662989377975464 -0.212457999587059021 0.0371263995766639709 100
0.282472014427185059 0.0107324998825788498 0.0443968996405601501 100
0.282476991415023804 0.00969211012125015259 0.0444003008306026459 100
0.281482011079788208 0.00857799965888261795 0.04451800137758255 100
0.282487988471984863 0.00761200021952390671 0.0444064997136592865 100
0.281493008136749268 0.00651607010513544083 0.0445238985121250153 100
0.281497985124588013 0.00548536982387304306 0.0445266999304294586 100
0.282503992319107056 0.00449320022016763687 0.0444149002432823181 100
0.28050801157951355 0.00339482002891600132 0.0446461997926235199 100
0.282514005899429321 0.00241459999233484268 0.0444197990000247955 100
0.286522001028060913 0.00142241001594811678 0.0439646989107131958 100
0.465683013200759888 -0.200716003775596619 0.0230363998562097549 100
0.461681008338928223 -0.200865000486373901 0.023478800430893898 100
0.458683013916015625 -0.201635003089904785 0.0238049998879432678 100
0.45468100905418396 -0.201653003692626953 0.0242475997656583786 100
0.450677990913391113 -0.201600998640060425 0.0246904008090496063 100
0.448684006929397583 -0.202917993068695068 0.0249000005424022675 100
0.445684999227523804 -0.203473001718521118 0.0252260994166135788 100
0.44268500804901123 -0.203977003693580627 0.0255523007363080978 100
0.439686000347137451 -0.204429000616073608 0.0258785001933574677 100
0.436686009168624878 -0.204830005764961243 0.0262046996504068375 100
0.433685988187789917 -0.205179005861282349 0.0265308991074562073 100
0.429681003093719482 -0.204697996377944946 0.0269742999225854874 100
0.426679998636245728 -0.204934000968933105 0.0273007005453109741 100
0.424683988094329834 -0.205917000770568848 0.0275097005069255829 100
0.421683013439178467 -0.206058993935585022 0.0278360005468130112 100
0.41868099570274353 -0.20614999532699585 0.0281624998897314072 100
0.415679991245269775 -0.206187993288040161 0.0284889005124568939 100
0.412678003311157227 -0.206174001097679138 0.0288155004382133484 100
0.40967598557472229 -0.206109002232551575 0.0291421003639698029 100
0.407678008079528809 -0.206848993897438049 0.029350699856877327 100
0.404675990343093872 -0.206689000129699707 0.0296774003654718399 100
0.401672989130020142 -0.206477001309394836 0.0300041008740663528 100
0.39967501163482666 -0.207101002335548401 0.0302125997841358185 100
0.397675991058349609 -0.207692995667457581 0.0304208993911743164 100
0.395678013563156128 -0.208252996206283569 0.0306291002780199051 100
0.392673999071121216 -0.207862004637718201 0.0309558995068073273 100
0.390675991773605347 -0.208348006010055542 0.0311638005077838898 100
0.388677000999450684 -0.208801999688148499 0.0313717015087604523 100
0.385672003030776978 -0.208272993564605713 0.0316984988749027252 100
0.384678006172180176 -0.209615007042884827 0.031786799430847168 100
0.38167300820350647 -0.209002003073692322 0.0321136005222797394 100
0.379673987627029419 -0.209318995475769043 0.0323209017515182495 100
0.377674013376235962 -0.209604993462562561 0.0325280986726284027 100
0.375674009323120117 -0.2098580002784729 0.0327350012958049774 100
0.374680012464523315 -0.211096003651618958 0.0328216999769210815 100
0.371674001216888428 -0.21027199923992157 0.033148299902677536 100
0.369673997163772583 -0.210431993007659912 0.0333545990288257599 100
0.367673009634017944 -0.210562005639076233 0.0335607007145881653 100
0.365671992301940918 -0.210659995675086975 0.0337666012346744537 100
0.363671988248825073 -0.210727006196975708 0.0339722000062465668 100
0.361671000719070435 -0.210764005780220032 0.0341776013374328613 100
0.359670013189315796 -0.210770994424819946 0.0343827009201049805 100
0.357668012380599976 -0.210747003555297852 0.0345874987542629242 100
0.355666995048522949 -0.210693001747131348 0.034791998565196991 100
0.354672014713287354 -0.211735993623733521 0.0348741002380847931 100
0.352670013904571533 -0.211634993553161621 0.0350776985287666321 100
0.350668013095855713 -0.211504995822906494 0.0352808982133865356 100
0.349673002958297729 -0.212506994605064392 0.0353609994053840637 100
0.280476987361907959 0.0105483997613191605 0.0436021015048027039 100
0.280481994152069092 0.00952563993632793427 0.0436054989695549011 100
0.280487000942230225 0.00850311014801263809 0.0436086989939212799 100
0.280492991209030151 0.00748080993071198463 0.0436117984354496002 100
0.280497997999191284 0.00645868992432951927 0.0436147004365921021 100
0.280503004789352417 0.00543673988431692123 0.0436175018548965454 100
0.28150901198387146 0.0044533098116517067 0.0434968993067741394 100
0.279513001441955566 0.00336369988508522511 0.0437459982931613922 100
0.280519008636474609 0.00237158010713756084 0.0436251014471054077 100
0.283526003360748291 0.00138521997723728418 0.0432576015591621399 100
0.459688007831573486 -0.199538007378578186 0.0210344009101390839 100
0.45568498969078064 -0.199597999453544617 0.0215117000043392181 100
0.454694986343383789 -0.201688006520271301 0.0216122008860111237 100
0.451696991920471191 -0.202345997095108032 0.0219637993723154068 100
0.447692990303039551 -0.202233001589775085 0.0224412009119987488 100
0.4467029869556427 -0.204237997531890869 0.0225409995764493942 100
0.44269898533821106 -0.204012006521224976 0.0230186004191637039 100
0.439700007438659668 -0.204465001821517944 0.0233702007681131363 100
0.436699986457824707 -0.204866006970405579 0.0237217992544174194 100
0.432695001363754272 -0.204447001218795776 0.0241998005658388138 100
0.429693996906280518 -0.20473499596118927 0.0245516002178192139 100
0.426692992448806763 -0.204971000552177429 0.0249035004526376724 100
0.423691987991333008 -0.20515500009059906 0.025255400687456131 100
0.420691013336181641 -0.20528799295425415 0.0256073996424674988 100
0.417688995599746704 -0.205367997288703918 0.0259594004601240158 100
0.415693014860153198 -0.206224992871284485 0.0261844992637634277 100
0.412690997123718262 -0.20621199905872345 0.0265366006642580032 100
0.409687995910644531 -0.206146001815795898 0.026888800784945488 100
0.406686007976531982 -0.206028997898101807 0.0272410009056329727 100
0.404688000679016113 -0.206726998090744019 0.0274659004062414169 100
0.402689993381500244 -0.207394003868103027 0.0276906993240118027 100
0.399686992168426514 -0.207139000296592712 0.0280430000275373459 100
0.397688001394271851 -0.207732006907463074 0.0282675009220838547 100
0.395689994096755981 -0.208292007446289062 0.0284918993711471558 100
0.392686009407043457 -0.2079010009765625 0.0288443006575107574 100
0.390686988830566406 -0.208388000726699829 0.0290686003863811493 100
0.388687998056411743 -0.208841994404792786 0.029292600229382515 100
0.38668900728225708 -0.209264993667602539 0.0295164994895458221 100
0.383684009313583374 -0.208694994449615479 0.0298689994961023331 100
0.382690012454986572 -0.210015997290611267 0.0299638006836175919 100
0.379685014486312866 -0.2093610018491745 0.0303162001073360443 100
0.377685010433197021 -0.209646999835968018 0.0305396001785993576 100
0.375685006380081177 -0.209901005029678345 0.0307627003639936447 100
0.374691009521484375 -0.211138993501663208 0.0308561008423566818 100
0.371684998273849487 -0.210316002368927002 0.0312082991003990173 100
0.369684010744094849 -0.210476994514465332 0.0314307995140552521 100
0.367684006690979004 -0.210605993866920471 0.0316530987620353699 100
0.365682989358901978 -0.210704997181892395 0.0318750999867916107 100
0.363682001829147339 -0.210773006081581116 0.0320967994630336761 100
0.3616810142993927 -0.210811004042625427 0.0323183014988899231 100
0.359679996967315674 -0.210817992687225342 0.0325394012033939362 100
0.357677996158599854 -0.210795000195503235 0.0327602997422218323 100
0.355677008628845215 -0.210741996765136719 0.032980799674987793 100
0.354681998491287231 -0.211786001920700073 0.0330693982541561127 100
0.352679997682571411 -0.211685001850128174 0.0332888998091220856 100
0.351684987545013428 -0.212705999612808228 0.0333760008215904236 100
0.349682986736297607 -0.21255899965763092 0.0335943996906280518 100
0.280481994152069092 0.0105477999895811081 0.042577698826789856 100
0.279487013816833496 0.00944209005683660507 0.0427135005593299866 100
0.279491990804672241 0.00842832028865814209 0.0427168011665344238 100
0.279498010873794556 0.00741476006805896759 0.0427199006080627441 100
0.278501987457275391 0.00634523015469312668 0.0428550988435745239 100
0.279507994651794434 0.00538817979395389557 0.0427257008850574493 100
0.279513001441955566 0.00437510013580322266 0.0427284017205238342 100
0.277516990900039673 0.00330314994789659977 0.0429953001439571381 100
0.279523998498916626 0.00234924000687897205 0.0427333004772663116 100
0.282530993223190308 0.00137157004792243242 0.0423391014337539673 100
0.456703990697860718 -0.200324997305870056 0.0187331996858119965 100
0.451696991920471191 -0.199624001979827881 0.0193799007683992386 100
0.449701994657516479 -0.200963005423545837 0.0196222998201847076 100
0.448711991310119629 -0.20298999547958374 0.0197295993566513062 100
0.444707989692687988 -0.202815994620323181 0.0202417001128196716 100
0.443717986345291138 -0.204788997769355774 0.0203483998775482178 100
0.439714014530181885 -0.204502999782562256 0.020860699936747551 100
0.436713993549346924 -0.20490400493144989 0.0212377998977899551 100
0.434718012809753418 -0.206021994352340698 0.0214795004576444626 100
0.429708003997802734 -0.204772993922233582 0.0221277996897697449 100
0.427711993455886841 -0.20579800009727478 0.0223693996667861938 100
0.424710005521774292 -0.205992996692657471 0.022746700793504715 100
0.420704007148742676 -0.205327004194259644 0.0232599992305040359 100
0.418707013130187988 -0.206226006150245667 0.0235015004873275757 100
0.415704995393753052 -0.206265002489089966 0.0238790009170770645 100
0.412703007459640503 -0.206251993775367737 0.0242566000670194626 100
0.410706013441085815 -0.20703500509262085 0.0244979001581668854 100
0.407703012228012085 -0.206927001476287842 0.0248755998909473419 100
0.404700011014938354 -0.206768006086349487 0.0252532996237277985 100
0.402702003717422485 -0.207434996962547302 0.0254942998290061951 100
0.399699002504348755 -0.207179993391036987 0.0258722007274627686 100
0.397700011730194092 -0.207773000001907349 0.0261131003499031067 100
0.395702004432678223 -0.208333998918533325 0.0263537000864744186 100
0.39370301365852356 -0.208863005042076111 0.0265941992402076721 100
0.390698999166488647 -0.208430007100105286 0.0269722007215023041 100
0.388700008392333984 -0.20888499915599823 0.0272125005722045898 100
0.386700987815856934 -0.209307998418807983 0.0274525992572307587 100
0.384701013565063477 -0.209700003266334534 0.0276925992220640182 100
0.381695985794067383 -0.209087997674942017 0.0280706007033586502 100
0.379696011543273926 -0.209405004978179932 0.0283103995025157928 100
0.377696007490158081 -0.209692001342773438 0.0285499002784490585 100
0.375696003437042236 -0.209947004914283752 0.0287891998887062073 100
0.374702006578445435 -0.211184993386268616 0.0288894008845090866 100
0.37270200252532959 -0.211389005184173584 0.029128100723028183 100
0.369695007801055908 -0.210523992776870728 0.0295058991760015488 100
0.367695003747940063 -0.210654005408287048 0.029744299128651619 100
0.365693986415863037 -0.210752993822097778 0.029982399195432663 100
0.363692998886108398 -0.210822001099586487 0.0302202999591827393 100
0.36169201135635376 -0.210859999060630798 0.0304578002542257309 100
0.359690010547637939 -0.210868000984191895 0.0306950006633996964 100
0.357688993215560913 -0.210846006870269775 0.0309318993240594864 100
0.355686992406845093 -0.210794001817703247 0.031168399378657341 100
0.354692012071609497 -0.211839005351066589 0.0312633998692035675 100
0.353697001934051514 -0.212877005338668823 0.0313575007021427155 100
0.351695001125335693 -0.212760001420974731 0.031592298299074173 100
0.349693000316619873 -0.2126149982213974 0.0318264998495578766 100
0.491973012685775757 0.342018991708755493 0.00761908013373613358 100
0.493981987237930298 0.340508013963699341 0.00739627983421087265 100
0.496986985206604004 0.339993000030517578 0.00702016986906528473 100
0.497004985809326172 0.336401998996734619 0.00710054999217391014 100
0.498017996549606323 0.333829998970031738 0.00702721020206809044 100
0.497110992670059204 0.315225988626480103 0.00754954013973474503 100
0.498124986886978149 0.312689006328582764 0.00746867014095187187 100
0.497146010398864746 0.308293998241424561 0.00768784014508128166 100
0.499155998229980469 0.306679993867874146 0.00745450984686613083 100
0.27948799729347229 0.0104555999860167503 0.0416942015290260315 100
0.279493004083633423 0.00944145955145359039 0.0416976995766162872 100
0.279498010873794556 0.00842753984034061432 0.041701100766658783 100
0.278503000736236572 0.00734878983348608017 0.0418453998863697052 100
0.279509007930755615 0.00640028994530439377 0.0417072996497154236 100
0.279514014720916748 0.0053869299590587616 0.0417102016508579254 100
0.279518991708755493 0.00437371013686060905 0.0417128987610340118 100
0.278522998094558716 0.00333110010251402855 0.0418565012514591217 100
0.279529005289077759 0.00234754011034965515 0.0417178012430667877 100
0.282537013292312622 0.00136967003345489502 0.0412968993186950684 100
0.448711991310119629 -0.200292006134986877 0.0171722006052732468 100
0.445713013410568237 -0.200870007276535034 0.0175749994814395905 100
0.445726990699768066 -0.203585997223854065 0.0175449997186660767 100
0.442728012800216675 -0.204089999198913574 0.0179475005716085434 100
0.439727991819381714 -0.204542994499206543 0.0183499995619058609 100
0.437732011079788208 -0.205703005194664001 0.0186080001294612885 100
0.434731990098953247 -0.206063002347946167 0.019010499119758606 100
0.430725991725921631 -0.20559200644493103 0.0195579007267951965 100
0.427724987268447876 -0.205838993191719055 0.019960600882768631 100
0.424724012613296509 -0.206034004688262939 0.0203633997589349747 100
0.421721994876861572 -0.206176996231079102 0.0207662992179393768 100
0.418720006942749023 -0.206267997622489929 0.0211692992597818375 100
0.416723012924194336 -0.207135006785392761 0.0214268006384372711 100
0.413720995187759399 -0.207131996750831604 0.0218298006802797318 100
0.410719007253646851 -0.207076996564865112 0.0222330000251531601 100
0.40771600604057312 -0.206970006227493286 0.0226361993700265884 100
0.40471300482749939 -0.20680999755859375 0.0230394992977380753 100
0.402714997529983521 -0.207478001713752747 0.023296799510717392 100
0.400716006755828857 -0.208112999796867371 0.0235539991408586502 100
0.397711992263793945 -0.207817003130912781 0.0239573996514081955 100
0.395714014768600464 -0.208378002047538757 0.0242142993956804276 100
0.393714994192123413 -0.208908006548881531 0.0244711004197597504 100
0.39171600341796875 -0.209405004978179932 0.0247275996953248978 100
0.388711988925933838 -0.20893000066280365 0.0251311995089054108 100
0.386712014675140381 -0.209353998303413391 0.0253874994814395905 100
0.38471299409866333 -0.209746003150939941 0.0256437007337808609 100
0.382712990045547485 -0.210106998682022095 0.0258997008204460144 100
0.379707992076873779 -0.209452003240585327 0.0263033006340265274 100
0.378713995218276978 -0.210732996463775635 0.0264110006392002106 100
0.376713007688522339 -0.210998997092247009 0.0266663003712892532 100
0.374713003635406494 -0.211234003305435181 0.0269214008003473282 100
0.372712999582290649 -0.211438000202178955 0.0271763000637292862 100
0.370712012052536011 -0.211611002683639526 0.0274308007210493088 100
0.368712007999420166 -0.211752995848655701 0.0276852007955312729 100
0.365703999996185303 -0.210804998874664307 0.0280885007232427597 100
0.363703012466430664 -0.210874006152153015 0.0283423997461795807 100
0.361701995134353638 -0.210913002490997314 0.0285960007458925247 100
0.359701007604598999 -0.210921004414558411 0.0288492999970912933 100
0.357699006795883179 -0.210899993777275085 0.0291022993624210358 100
0.356703996658325195 -0.211963996291160583 0.0292042996734380722 100
0.354701995849609375 -0.211895003914833069 0.0294560994952917099 100
0.353706985712051392 -0.212935000658035278 0.0295564997941255569 100
0.352712005376815796 -0.213969007134437561 0.029655899852514267 100
0.350710004568099976 -0.213836997747421265 0.0299056991934776306 100
0.278492987155914307 0.0103634996339678764 0.0408280007541179657 100
0.278497993946075439 0.0093580903485417366 0.0408315993845462799 100
0.277503013610839844 0.00827897991985082626 0.0409850999712944031 100
0.277507990598678589 0.00728290015831589699 0.0409882999956607819 100
0.278513014316558838 0.00634313002228736877 0.0408413000404834747 100
0.278519004583358765 0.00533849000930786133 0.0408441983163356781 100
0.278524011373519897 0.00433399016037583351 0.040846899151802063 100
0.278528988361358643 0.00332959997467696667 0.0408494994044303894 100
0.278533995151519775 0.00232529011555016041 0.0408518984913825989 100
0.280541002750396729 0.00134439999237656593 0.0405541993677616119 100
0.446732014417648315 -0.20163099467754364 0.0148607995361089706 100
0.442728012800216675 -0.201437994837760925 0.0154424002394080162 100
0.442741990089416504 -0.204132005572319031 0.0154100004583597183 100
0.440746009349822998 -0.20533500611782074 0.0156842991709709167 100
0.437745988368988037 -0.205745995044708252 0.016112200915813446 100
0.433741003274917603 -0.205337002873420715 0.0166941005736589432 100
0.431744992733001709 -0.206413999199867249 0.0169681999832391739 100
0.42874300479888916 -0.206670999526977539 0.0173962991684675217 100
0.425742000341415405 -0.206875994801521301 0.0178245007991790771 100
0.422740012407302856 -0.207028999924659729 0.0182527992874383926 100
0.419739007949829102 -0.207129999995231628 0.0186810996383428574 100
0.416736006736755371 -0.207178995013237 0.0191095992922782898 100
0.413733989000320435 -0.207176998257637024 0.0195381008088588715 100
0.410730987787246704 -0.207121998071670532 0.0199667997658252716 100
0.408733010292053223 -0.207874000072479248 0.0202403999865055084 100
0.405730009078979492 -0.207725003361701965 0.0206691008061170578 100
0.402727007865905762 -0.207523003220558167 0.0210980009287595749 100
0.400729000568389893 -0.208158999681472778 0.0213713999837636948 100
0.398730009794235229 -0.208763003349304199 0.0216445997357368469 100
0.395725995302200317 -0.208425000309944153 0.0220736004412174225 100
0.394733011722564697 -0.209875002503395081 0.0221903994679450989 100
0.391728013753890991 -0.209453001618385315 0.0226194001734256744 100
0.38972899317741394 -0.2099200040102005 0.0228920001536607742 100
0.387730002403259277 -0.210354000329971313 0.0231644008308649063 100
0.38472399115562439 -0.209794998168945312 0.0235936008393764496 100
0.382725000381469727 -0.210155993700027466 0.0238656997680664062 100
0.380724996328353882 -0.210485994815826416 0.0241376999765634537 100
0.378724992275238037 -0.210784003138542175 0.0244094002991914749 100
0.376724988222122192 -0.211051002144813538 0.0246808994561433792 100
0.374724000692367554 -0.211285993456840515 0.0249521993100643158 100
0.372723996639251709 -0.211490005254745483 0.0252231992781162262 100
0.37072300910949707 -0.211664006114006042 0.0254938993602991104 100
0.368721991777420044 -0.211805999279022217 0.0257642995566129684 100
0.366721004247665405 -0.211917996406555176 0.0260343998670578003 100
0.364719986915588379 -0.211998999118804932 0.026304200291633606 100
0.361712008714675903 -0.210968002676963806 0.0267328992486000061 100
0.359710991382598877 -0.210978001356124878 0.0270022992044687271 100
0.358716011047363281 -0.21206200122833252 0.027111399918794632 100
0.356714010238647461 -0.21202300488948822 0.0273797009140253067 100
0.354712009429931641 -0.211953997611999512 0.0276475008577108383 100
0.353716999292373657 -0.212996006011962891 0.027754100039601326 100
0.352721989154815674 -0.214030995965003967 0.0278597008436918259 100
0.350719988346099854 -0.213899999856948853 0.028125399723649025 100
0.277498006820678711 0.010271499864757061 0.0399792008101940155 100
0.277503013610839844 0.00927481986582279205 0.0399827994406223297 100
0.277507990598678589 0.0082783503457903862 0.0399862006306648254 100
0.277512997388839722 0.00728210015222430229 0.0399895012378692627 100
0.277518004179000854 0.00628603016957640648 0.039992600679397583 100
0.276522994041442871 0.005242879968136549 0.0401545017957687378 100
0.277529001235961914 0.00429434003308415413 0.0399983003735542297 100
0.277534008026123047 0.00329866004176437855 0.0400009006261825562 100
0.27753901481628418 0.00230306992307305336 0.0400032997131347656 100
0.282548010349273682 0.00136589002795517445 0.0392111018300056458 100
0.444750994443893433 -0.202941998839378357 0.0125802997499704361 100
0.444765001535415649 -0.205656006932258606 0.0125454999506473541 100
0.442770004272460938 -0.206878006458282471 0.0128357997164130211 100
0.438764989376068115 -0.206550002098083496 0.0134519999846816063 100
0.435764014720916748 -0.206919997930526733 0.0139052998274564743 100
0.432763010263442993 -0.207239001989364624 0.0143587002530694008 100
0.428757011890411377 -0.206716999411582947 0.0149755999445915222 100
0.426759988069534302 -0.20772099494934082 0.0152657004073262215 100
0.423759013414382935 -0.20788399875164032 0.0157193001359701157 100
0.420756995677947998 -0.207994997501373291 0.0161729995161294937 100
0.417753994464874268 -0.208055004477500916 0.0166269000619649887 100
0.414752006530761719 -0.20806199312210083 0.0170808006078004837 100
0.411749005317687988 -0.208018004894256592 0.0175349004566669464 100
0.408746004104614258 -0.207920998334884644 0.0179891008883714676 100
0.405743002891540527 -0.207772001624107361 0.018443400040268898 100
0.402738988399505615 -0.20757099986076355 0.0188979003578424454 100
0.401746004819869995 -0.209096997976303101 0.019022500142455101 100
0.398741990327835083 -0.20881199836730957 0.0194770004600286484 100
0.396744012832641602 -0.209383994340896606 0.0197662003338336945 100
0.394744992256164551 -0.209924995899200439 0.0200552996248006821 100
0.392746001482009888 -0.210434004664421082 0.0203441008925437927 100
0.390745997428894043 -0.210912004113197327 0.0206327997148036957 100
0.387740999460220337 -0.210405007004737854 0.021087300032377243 100
0.385742008686065674 -0.210809007287025452 0.021375700831413269 100
0.383742004632949829 -0.211180999875068665 0.0216639004647731781 100
0.380735993385314941 -0.210537999868392944 0.0221186000853776932 100
0.378735989332199097 -0.210837006568908691 0.022406499832868576 100
0.377741992473602295 -0.212109997868537903 0.0225269999355077744 100
0.374734997749328613 -0.211340993642807007 0.0229816008359193802 100
0.373741000890731812 -0.212573006749153137 0.023101000115275383 100
0.371740013360977173 -0.212758004665374756 0.0233875997364521027 100
0.368732988834381104 -0.211862996220588684 0.0238419994711875916 100
0.366732001304626465 -0.211976006627082825 0.0241282004863023758 100
0.364731013774871826 -0.212057992815971375 0.0244140997529029846 100
0.3627299964427948 -0.212108999490737915 0.024699600413441658 100
0.360727995634078979 -0.212130993604660034 0.0249846000224351883 100
0.358725994825363159 -0.212123006582260132 0.0252692997455596924 100
0.356725007295608521 -0.212083995342254639 0.025553600862622261 100
0.3547230064868927 -0.2120169997215271 0.0258373003453016281 100
0.35473400354385376 -0.2141990065574646 0.0257798992097377777 100
0.352732002735137939 -0.214096993207931519 0.0260620005428791046 100
0.351736992597579956 -0.215129002928733826 0.0261725001037120819 100
0.276502996683120728 0.0101795997470617294 0.0391477011144161224 100
0.277509003877639771 0.00927443988621234894 0.0389833003282546997 100
0.277514010667800903 0.00827778968960046768 0.0389868989586830139 100
0.276517987251281738 0.00721635017544031143 0.0391580983996391296 100
0.277523994445800781 0.00628511980175971985 0.0389932990074157715 100
0.277529001235961914 0.0052890297956764698 0.0389963015913963318 100
0.278535008430480957 0.00433140993118286133 0.0388312004506587982 100
0.27653801441192627 0.00326778995804488659 0.0391695983707904816 100
0.277543991804122925 0.00230144988745450974 0.0390040986239910126 100
0.282554000616073608 0.00136402004864066839 0.0381673984229564667 100
0.443789005279541016 -0.207674995064735413 0.0101210996508598328 100
0.440788000822067261 -0.208116993308067322 0.0105994995683431625 100
0.437788009643554688 -0.208507001399993896 0.0110780997201800346 100
0.434787005186080933 -0.208845004439353943 0.0115566998720169067 100
0.430781006813049316 -0.208342999219894409 0.0122079998254776001 100
0.42777898907661438 -0.208568006753921509 0.0126868998631834984 100
0.425781995058059692 -0.209549993276596069 0.0129928998649120331 100
0.421775013208389282 -0.208863005042076111 0.0136449998244643211 100
0.417766988277435303 -0.208103999495506287 0.0142975002527236938 100
0.415769994258880615 -0.208950996398925781 0.0146035002544522285 100
0.412766993045806885 -0.208915993571281433 0.0150830000638961792 100
0.409763991832733154 -0.208829998970031738 0.0155626004561781883 100
0.406760990619659424 -0.208691999316215515 0.0160422995686531067 100
0.404761999845504761 -0.209380999207496643 0.0163480006158351898 100
0.40175899863243103 -0.209148004651069641 0.0168278999626636505 100
0.399760007858276367 -0.209763005375862122 0.0171333998441696167 100
0.397760987281799316 -0.210346996784210205 0.0174387004226446152 100
0.395761996507644653 -0.210898995399475098 0.0177437998354434967 100
0.39376300573348999 -0.211419001221656799 0.0180486999452114105 100
0.390758007764816284 -0.210964992642402649 0.0185285992920398712 100
0.388758987188339233 -0.211411997675895691 0.0188331995159387589 100
0.386759012937545776 -0.21182599663734436 0.0191376004368066788 100
0.384759992361068726 -0.212209999561309814 0.0194418001919984818 100
0.381754010915756226 -0.211577996611595154 0.0199218001216650009 100
0.379752993583679199 -0.21188800036907196 0.0202256999909877777 100
0.377752989530563354 -0.212165996432304382 0.0205292999744415283 100
0.37575298547744751 -0.212413996458053589 0.0208326000720262527 100
0.373751997947692871 -0.212631002068519592 0.021135600283741951 100
0.371751010417938232 -0.212816998362541199 0.021438300609588623 100
0.369749993085861206 -0.212972000241279602 0.0217406004667282104 100
0.366742998361587524 -0.212035998702049255 0.0222204998135566711 100
0.364742010831832886 -0.212118998169898987 0.0225224997848272324 100
0.362740010023117065 -0.212171003222465515 0.0228240005671977997 100
0.360738992691040039 -0.212193995714187622 0.0231251008808612823 100
0.358736991882324219 -0.212187007069587708 0.0234257001429796219 100
0.357742011547088623 -0.213266000151634216 0.0235466007143259048 100
0.355740010738372803 -0.213210999965667725 0.0238460004329681396 100
0.354743987321853638 -0.214267000555992126 0.0239647999405860901 100
0.353749006986618042 -0.215317994356155396 0.0240823999047279358 100
0.351747006177902222 -0.21520000696182251 0.0243792999535799026 100
0.275507986545562744 0.0100878002122044563 0.0383335016667842865 100
0.276513010263442993 0.00919132959097623825 0.0381603017449378967 100
0.27651900053024292 0.00820340029895305634 0.0381637997925281525 100
0.276524007320404053 0.00721568986773490906 0.0381672009825706482 100
0.277529001235961914 0.00628426019102334976 0.0379934981465339661 100
0.277534991502761841 0.00528798019513487816 0.0379966013133525848 100
0.278539985418319702 0.00433016987517476082 0.0378226004540920258 100
0.277545005083084106 0.00329580996185541153 0.0380019992589950562 100
0.277550011873245239 0.002299850108101964 0.0380044989287853241 100
0.279556989669799805 0.00132723001297563314 0.0376533009111881256 100
0.446817994117736816 -0.209974005818367004 0.0070236697793006897 100
0.445827007293701172 -0.211964994668960571 0.00716417981311678886 100
0.438807010650634766 -0.209325999021530151 0.0083939703181385994 100
0.436811000108718872 -0.210454002022743225 0.00871609989553689957 100
0.433809012174606323 -0.210760995745658875 0.00921993982046842575 100
0.430808007717132568 -0.211015999317169189 0.00972385983914136887 100
0.426800996065139771 -0.210410997271537781 0.0104101002216339111 100
0.423799008131027222 -0.210553005337715149 0.0109144002199172974 100
0.420796006917953491 -0.210642993450164795 0.0114187998697161674 100
0.416788011789321899 -0.209841996431350708 0.0121061000972986221 100
0.413785010576248169 -0.209818005561828613 0.0126109002158045769 100
0.411787986755371094 -0.21060200035572052 0.012932799756526947 100
0.408784002065658569 -0.21048399806022644 0.0134377004578709602 100
0.405779987573623657 -0.210314005613327026 0.0139428004622459412 100
0.403782010078430176 -0.210981994867324829 0.0142644001170992851 100
0.401784002780914307 -0.211618006229400635 0.0145856998860836029 100
0.398779004812240601 -0.211311995983123779 0.0150908995419740677 100
0.396780014038085938 -0.211875006556510925 0.0154120000079274178 100
0.394780993461608887 -0.212405994534492493 0.0157328993082046509 100
0.392782002687454224 -0.212905004620552063 0.0160534996539354324 100
0.389777004718780518 -0.212421000003814697 0.0165587998926639557 100
0.387777000665664673 -0.212846994400024414 0.0168791990727186203 100
0.384770989418029785 -0.21226799488067627 0.017384599894285202 100
0.38277098536491394 -0.212620005011558533 0.0177046991884708405 100
0.380771011114120483 -0.212942004203796387 0.0180245004594326019 100
0.378771007061004639 -0.213231995701789856 0.0183438993990421295 100
0.376769989728927612 -0.213490992784500122 0.0186631008982658386 100
0.374769985675811768 -0.213719993829727173 0.0189820006489753723 100
0.372768998146057129 -0.213917002081871033 0.0193004999309778214 100
0.369760990142822266 -0.213034003973007202 0.0198058001697063446 100
0.367760002613067627 -0.213159993290901184 0.0201238002628087997 100
0.365758985280990601 -0.213255003094673157 0.0204415004700422287 100
0.363757014274597168 -0.213319003582000732 0.0207586996257305145 100
0.361755996942520142 -0.213354006409645081 0.0210755001753568649 100
0.359753996133804321 -0.21335899829864502 0.0213919002562761307 100
0.357751995325088501 -0.213335007429122925 0.0217077005654573441 100
0.355749994516372681 -0.213281005620956421 0.0220228992402553558 100
0.354755014181137085 -0.214338004589080811 0.0221480000764131546 100
0.353760004043579102 -0.215390995144844055 0.0222717002034187317 100
0.352764010429382324 -0.216437995433807373 0.0223939996212720871 100
0.274513006210327148 0.00999606028199195862 0.0375365987420082092 100
0.27551800012588501 0.00910830963402986526 0.0373544991016387939 100
0.275523006916046143 0.0081290900707244873 0.0373581014573574066 100
0.274527996778488159 0.00708507001399993896 0.0375473015010356903 100
0.275532990694046021 0.00617124000564217567 0.0373646989464759827 100
0.275537997484207153 0.00519256992265582085 0.037367701530456543 100
0.276544004678726196 0.00425234017893671989 0.0371848009526729584 100
0.276549011468887329 0.00326499994844198227 0.0371875017881393433 100
0.276553988456726074 0.00227774004451930523 0.0371899008750915527 100
0.405698001384735107 0.000655905983876436949 0.013247000053524971 100
0.426813989877700806 -0.210464000701904297 0.00799871981143951416 100
0.423812001943588257 -0.210607007145881653 0.00852849986404180527 100
0.421815007925033569 -0.211527004837989807 0.00886651966720819473 100
0.418812006711959839 -0.21157500147819519 0.00939637981355190277 100
0.416815012693405151 -0.212421998381614685 0.00973410997539758682 100
0.412806004285812378 -0.211517006158828735 0.0104564996436238289 100
0.410807996988296509 -0.212279006838798523 0.0107942000031471252 100
0.407804012298583984 -0.212129995226860046 0.0113244000822305679 100
0.405806005001068115 -0.212818995118141174 0.0116617996245622635 100
0.402801990509033203 -0.212576001882553101 0.0121921999379992485 100
0.399796992540359497 -0.212281003594398499 0.0127227995544672012 100
0.397798001766204834 -0.212853997945785522 0.0130599001422524452 100
0.395799010992050171 -0.213395997881889343 0.0133966999128460884 100
0.39379999041557312 -0.213907003402709961 0.0137333003804087639 100
0.39079400897026062 -0.213432997465133667 0.0142639996483922005 100
0.388794988393783569 -0.213870003819465637 0.0146001996472477913 100
0.385789006948471069 -0.213302001357078552 0.0151311000809073448 100
0.383789002895355225 -0.213666006922721863 0.0154670001938939095 100
0.380782008171081543 -0.213003993034362793 0.0159980002790689468 100
0.378782004117965698 -0.213294997811317444 0.0163336005061864853 100
0.377788007259368896 -0.2145719975233078 0.0164730008691549301 100
0.374781012535095215 -0.213783994317054749 0.0170038007199764252 100
0.372779995203018188 -0.213982000946998596 0.0173384007066488266 100
0.37077900767326355 -0.214149996638298035 0.0176726002246141434 100
0.368777990341186523 -0.21428699791431427 0.0180063992738723755 100
0.366775989532470703 -0.21439400315284729 0.0183396991342306137 100
0.364775002002716064 -0.214470997452735901 0.0186726991087198257 100
0.361766010522842407 -0.213423997163772583 0.0192029997706413269 100
0.360771000385284424 -0.214535996317863464 0.0193370003253221512 100
0.358768999576568604 -0.214524000883102417 0.0196684002876281738 100
0.356766998767852783 -0.214482992887496948 0.0199992004781961441 100
0.3557719886302948 -0.215553998947143555 0.0201299991458654404 100
0.354777008295059204 -0.216619998216629028 0.0202594008296728134 100
0.352775007486343384 -0.216517001390457153 0.0205873996019363403 100
0.274518013000488281 0.00999611988663673401 0.0365621000528335571 100
0.275523990392684937 0.00910816993564367294 0.0363712012767791748 100
0.275528997182846069 0.00812875013798475266 0.0363749004900455475 100
0.275534003973007202 0.00714953988790512085 0.0363783016800880432 100
0.275539010763168335 0.00617050006985664368 0.036381598562002182 100
0.27554398775100708 0.00519163021817803383 0.0363847017288208008 100
0.275548994541168213 0.00421288982033729553 0.0363874994218349457 100
0.275554001331329346 0.00323423999361693859 0.0363902002573013306 100
0.275559008121490479 0.00225569005124270916 0.03639259934425354 100
0.414718985557556152 0.000676113006193190813 0.00935123022645711899 100
0.415731996297836304 -0.00154502002988010645 0.00916082970798015594 100
0.418825000524520874 -0.211632996797561646 0.00705049978569149971 100
0.416828006505966187 -0.212478995323181152 0.00740444008260965347 100
0.41583600640296936 -0.214155003428459167 0.00755636999383568764 100
0.412831991910934448 -0.214077994227409363 0.00811159983277320862 100
0.409828007221221924 -0.213949993252754211 0.00866699032485485077 100
0.406823992729187012 -0.213769003748893738 0.00922255031764507294 100
0.403820008039474487 -0.21353699266910553 0.00977830030024051666 100
0.401820987462997437 -0.214163005352020264 0.01013140007853508 100
0.39881598949432373 -0.213836997747421265 0.0106873000040650368 100
0.396816998720169067 -0.214389994740486145 0.01104000024497509 100
0.394818007946014404 -0.214910998940467834 0.011392500251531601 100
0.39281800389289856 -0.215402007102966309 0.0117448000237345695 100
0.389813005924224854 -0.214897006750106812 0.0123006999492645264 100
0.387813001871109009 -0.215314000844955444 0.0126526001840829849 100
0.384806990623474121 -0.214716002345085144 0.0132087003439664841 100
0.382806003093719482 -0.215059995651245117 0.013560200110077858 100
0.380805999040603638 -0.215372994542121887 0.0139113003388047218 100
0.378805011510848999 -0.215655997395515442 0.0142620997503399849 100
0.376805007457733154 -0.215908005833625793 0.0146126002073287964 100
0.374803990125656128 -0.216129004955291748 0.0149625996127724648 100
0.371796011924743652 -0.215268999338150024 0.0155184995383024216 100
0.369794994592666626 -0.215418994426727295 0.0158680006861686707 100
0.366786986589431763 -0.214466005563735962 0.0164238996803760529 100
0.365792006254196167 -0.215626999735832214 0.0165656004101037979 100
0.362783998250961304 -0.214591994881629944 0.0171211995184421539 100
0.360781997442245483 -0.2146109938621521 0.0174690000712871552 100
0.358779996633529663 -0.21459999680519104 0.017816200852394104 100
0.356777995824813843 -0.214560002088546753 0.0181629005819559097 100
0.355782985687255859 -0.215633004903793335 0.0182997994124889374 100
0.354786992073059082 -0.216700002551078796 0.0184352993965148926 100
0.352784991264343262 -0.216599002480506897 0.018778899684548378 100
0.275523990392684937 0.0100880004465579987 0.0353832989931106567 100
0.274533003568649292 0.00805457960814237595 0.0355947017669677734 100
0.275539010763168335 0.00714905001223087311 0.0353945009410381317 100
0.27554398775100708 0.00616982020437717438 0.035397898405790329 100
0.275548994541168213 0.00519073009490966797 0.0354010015726089478 100
0.275554001331329346 0.00421178014948964119 0.0354038998484611511 100
0.275559008121490479 0.00323293008841574192 0.035406600683927536 100
0.276564985513687134 0.00227464991621673107 0.0352054983377456665 100
0.410726994276046753 0.000660930993035435677 0.00793885998427867889 100
0.409736990928649902 -0.00151271000504493713 0.00814643967896699905 100
0.405831009149551392 -0.212941005825996399 0.0071863299235701561 100
0.404837995767593384 -0.214500993490219116 0.0073438398540019989 100
0.401834011077880859 -0.214227005839347839 0.0079250996932387352 100
0.398829013109207153 -0.213899999856948853 0.0085065402090549469 100
0.397834986448287964 -0.215386003255844116 0.0086627500131726265 100
0.395835995674133301 -0.215919002890586853 0.00903114955872297287 100
0.394843012094497681 -0.21737399697303772 0.00918603036552667618 100
0.391837000846862793 -0.216891005635261536 0.00976703036576509476 100
0.388830989599227905 -0.216355994343757629 0.0103481998667120934 100
0.385825008153915405 -0.215767994523048401 0.0109296003356575966 100
0.384831011295318604 -0.217120006680488586 0.0110825998708605766 100
0.381823986768722534 -0.216449007391929626 0.0116638997569680214 100
0.379822999238967896 -0.216744005680084229 0.0120304003357887268 100
0.377822995185852051 -0.217006996273994446 0.0123966000974178314 100
0.375822007656097412 -0.217240005731582642 0.0127622997388243675 100
0.372813999652862549 -0.216392993927001953 0.0133434999734163284 100
0.369805991649627686 -0.215492993593215942 0.0139247002080082893 100
0.367805004119873047 -0.215612992644309998 0.0142897004261612892 100
0.365803003311157227 -0.215702995657920837 0.014654199592769146 100
0.363801002502441406 -0.21576400101184845 0.0150181995704770088 100
0.36179998517036438 -0.215794995427131653 0.0153815001249313354 100
0.359798014163970947 -0.215797007083892822 0.0157441999763250351 100
0.357795000076293945 -0.215771004557609558 0.0161063000559806824 100
0.356799989938735962 -0.216857001185417175 0.016248900443315506 100
0.354797989130020142 -0.216784998774528503 0.0166091006249189377 100
0.353801995515823364 -0.217850998044013977 0.0167488008737564087 100
0.275528997182846069 0.0100881997495889664 0.0343986004590988159 100
0.274538993835449219 0.00805438030511140823 0.0346192009747028351 100
0.275545001029968262 0.0071486402302980423 0.0344101004302501678 100
0.275550007820129395 0.00616917992010712624 0.0344135016202926636 100
0.275555014610290527 0.00518987979739904404 0.0344167016446590424 100
0.275559991598129272 0.004210710059851408 0.0344195999205112457 100
0.275564998388290405 0.00323163997381925583 0.0344223007559776306 100
0.276571005582809448 0.00227312999777495861 0.0342122986912727356 100
0.303606003522872925 0.00159792997874319553 0.0284775998443365097 100
0.38871300220489502 0.00059763097669929266 0.0104208998382091522 100
0.404742985963821411 -0.00148639001417905092 0.00702551007270812988 100
0.393860995769500732 -0.218889996409416199 0.00719363009557127953 100
0.390855014324188232 -0.218375995755195618 0.00779982004314661026 100
0.387849003076553345 -0.217810004949569702 0.00840620044618844986 100
0.386855006217956543 -0.219184994697570801 0.00856519024819135666 100
0.384855002164840698 -0.219542995095252991 0.00894729979336261749 100
0.381848007440567017 -0.218852996826171875 0.00955337006598711014 100
0.378841012716293335 -0.218110993504524231 0.010159599594771862 100
0.377846002578735352 -0.219394996762275696 0.0103160003200173378 100
0.37483900785446167 -0.218571007251739502 0.0109219998121261597 100
0.371830999851226807 -0.21769300103187561 0.01152809988707304 100
0.369828999042510986 -0.217837005853652954 0.0119083002209663391 100
0.367828011512756348 -0.217950999736785889 0.0122880004346370697 100
0.364818990230560303 -0.216940000653266907 0.0128939002752304077 100
0.362816989421844482 -0.216984003782272339 0.0132726998999714851 100
0.360814988613128662 -0.21699899435043335 0.0136508001014590263 100
0.358812987804412842 -0.216986000537872314 0.0140282995998859406 100
0.357818007469177246 -0.218085005879402161 0.014176500029861927 100
0.355814993381500244 -0.218026995658874512 0.014551900327205658 100
0.354820013046264648 -0.219107002019882202 0.0146971000358462334 100
0.275534987449645996 0.0100884996354579926 0.0334132984280586243 100
0.275539994239807129 0.00910822022706270218 0.0334173999726772308 100
0.275545001029968262 0.00812814012169837952 0.0334213003516197205 100
0.275550007820129395 0.00714827980846166611 0.0334249995648860931 100
0.275555014610290527 0.00616858992725610733 0.0334285013377666473 100
0.275559991598129272 0.00518907001242041588 0.0334317013621330261 100
0.275564998388290405 0.00420966977253556252 0.033434700220823288 100
0.275570005178451538 0.00323037011548876762 0.0334374010562896729 100
0.276576012372970581 0.00227162009105086327 0.0332184992730617523 100
0.303613007068634033 0.00159577000886201859 0.027242099866271019 100
0.38387298583984375 -0.220966994762420654 0.00703614996746182442 100
0.380865007638931274 -0.220247000455856323 0.00766727002337574959 100
0.378863990306854248 -0.220514997839927673 0.00806394964456558228 100
0.374850004911422729 -0.218650996685028076 0.00893000978976488113 100
0.372848987579345703 -0.218836992979049683 0.00932633969932794571 100
0.370846986770629883 -0.218992993235588074 0.00972209963947534561 100
0.368845999240875244 -0.219119995832443237 0.0101172998547554016 100
0.366843998432159424 -0.219217002391815186 0.0105117997154593468 100
0.363835006952285767 -0.218178004026412964 0.0111424000933766365 100
0.362839996814727783 -0.219325006008148193 0.0112987002357840538 100
0.360837996006011963 -0.219336003065109253 0.0116910003125667572 100
0.359842985868453979 -0.220460996031761169 0.0118442997336387634 100
0.357841014862060547 -0.220428004860877991 0.0122344000265002251 100
0.356844991445541382 -0.221533998847007751 0.0123845003545284271 100
0.277541995048522949 0.0102724004536867142 0.0319659002125263214 100
0.276546001434326172 0.0091912001371383667 0.0322008989751338959 100
0.276551008224487305 0.00820196978747844696 0.032204899936914444 100
0.27755698561668396 0.00727795017883181572 0.0319781005382537842 100
0.276560992002487183 0.00622414005920290947 0.0322122015058994293 100
0.276565998792648315 0.00523546990007162094 0.0322154983878135681 100
0.276571989059448242 0.00424691988155245781 0.0322185009717941284 100
0.276576995849609375 0.00325849000364542007 0.0322213992476463318 100
0.277583003044128418 0.00229058996774256229 0.0319935008883476257 100
0.307624995708465576 0.00163982005324214697 0.0250840000808238983 100
0.382726997137069702 0.000573883997276425362 0.00780852977186441422 100
0.373867005109786987 -0.219983994960784912 0.00710320007055997849 100
0.372871994972229004 -0.221227005124092102 0.00726913986727595329 100
0.369863986968994141 -0.220292001962661743 0.00792502984404563904 100
0.36786198616027832 -0.220402002334594727 0.00833491981029510498 100
0.364852994680404663 -0.219374999403953552 0.00899059977382421494 100
0.363858014345169067 -0.220535993576049805 0.00915245991200208664 100
0.361856013536453247 -0.220559999346733093 0.00955998990684747696 100
0.360861003398895264 -0.221698999404907227 0.00971875991672277451 100
0.35986599326133728 -0.222835004329681396 0.00987560953944921494 100
0.35786399245262146 -0.222800001502037048 0.0102792000398039818 100
0.291554003953933716 0.012680799700319767 0.0276011992245912552 100
0.278548002243041992 0.0103646004572510719 0.0307215992361307144 100
0.277552992105484009 0.00927427038550376892 0.0309656001627445221 100
0.279559999704360962 0.00842365995049476624 0.0304907001554965973 100
0.278564006090164185 0.00734267989173531532 0.0307340994477272034 100
0.277568012475967407 0.0062797199934720993 0.0309772994369268417 100
0.277572989463806152 0.00528188981115818024 0.030980600044131279 100
0.276576995849609375 0.00424594013020396233 0.031223200261592865 100
0.276582002639770508 0.00325725995935499668 0.0312259998172521591 100
0.278589993715286255 0.00230954005382955074 0.0307499002665281296 100
0.308632999658584595 0.00164916005451232195 0.0235713999718427658 100
0.36187899112701416 -0.22294299304485321 0.00757123017683625221 100
0.360884010791778564 -0.224093005061149597 0.00773331988602876663 100
0.358882009983062744 -0.224071994423866272 0.00815184973180294037 100
0.293561995029449463 0.0128830000758171082 0.0259725991636514664 100
0.279554992914199829 0.0104569001123309135 0.0294585991650819778 100
0.277557998895645142 0.0092746000736951828 0.0299603007733821869 100
0.278564006090164185 0.00834984984248876572 0.0297158993780612946 100
0.278569012880325317 0.00734250014647841454 0.0297199003398418427 100
0.276571989059448242 0.00622321013361215591 0.0302205998450517654 100
0.277579009532928467 0.00528120016679167747 0.0299754999577999115 100
0.277583986520767212 0.00428324006497859955 0.0299786999821662903 100
0.276587992906570435 0.00325606996193528175 0.0302300006151199341 100
0.279596000909805298 0.00232847989536821842 0.0294874999672174454 100
0.292618989944458008 0.00146267004311084747 0.0262615997344255447 100
0.354862987995147705 -0.219512000679969788 0.00734408991411328316 100
0.292567014694213867 0.0127835003659129143 0.0250800997018814087 100
0.282563000917434692 0.0107329003512859344 0.0276615004986524582 100
0.278564989566802979 0.00935782957822084427 0.028696499764919281 100
0.279570996761322021 0.00842390023171901703 0.0284432992339134216 100
0.279576003551483154 0.00740737002342939377 0.0284474007785320282 100
0.277579009532928467 0.00627889996394515038 0.028966100886464119 100
0.278584986925125122 0.00532768992707133293 0.0287122000008821487 100
0.277588993310928345 0.00428233016282320023 0.0289728008210659027 100
0.277594000101089478 0.00328421010635793209 0.0289756990969181061 100
0.280602991580963135 0.00234740995801985264 0.0282064005732536316 100
0.298579007387161255 0.0133886998519301414 0.0223382990807294846 100
0.280566990375518799 0.0105502000078558922 0.027142699807882309 100
0.277568995952606201 0.00927553046494722366 0.0279470998793840408 100
0.281578987836837769 0.00857191998511552811 0.0268853995949029922 100
0.279581993818283081 0.00740730995312333107 0.0274225994944572449 100
0.277583986520767212 0.00627856981009244919 0.0279594007879495621 100
0.278591006994247437 0.00532707991078495979 0.0276964996010065079 100
0.278596013784408569 0.00431967014446854591 0.0276996996253728867 100
0.279601991176605225 0.00334167992696166039 0.027436399832367897 100
0.284615010023117065 0.00242754002101719379 0.0261074993759393692 100
0.319669991731643677 0.00176890997681766748 0.0167894996702671051 100
0.299587011337280273 0.0134907001629471779 0.0208656005561351776 100
0.282575011253356934 0.0107346000149846077 0.0255565997213125229 100
0.278575986623764038 0.00935893040150403976 0.0266637001186609268 100
0.282586008310317993 0.00864612031728029251 0.0255661997944116592 100
0.280588001012802124 0.0074722999706864357 0.0261214002966880798 100
0.278591006994247437 0.00633434997871518135 0.0266763009130954742 100
0.278596013784408569 0.00532650994136929512 0.0266798995435237885 100
0.278602004051208496 0.00431881984695792198 0.0266832001507282257 100
0.279608011245727539 0.00334052997641265392 0.0264109000563621521 100
0.28261798620223999 0.00238526007160544395 0.0255877003073692322 100
0.347719013690948486 0.00208776001818478107 0.00769587000831961632 100
0.305599987506866455 0.0140963001176714897 0.0179506000131368637 100
0.286585003137588501 0.011102600023150444 0.0233642999082803726 100
0.279581993818283081 0.00944242998957633972 0.0253614000976085663 100
0.28459399938583374 0.00879431981593370438 0.0239435005933046341 100
0.281594991683959961 0.00753735983744263649 0.0248013995587825775 100
0.279597997665405273 0.00639017997309565544 0.0253743007779121399 100
0.279603004455566406 0.00537313008680939674 0.0253779999911785126 100
0.280609995126724243 0.00439441995695233345 0.0250969994813203812 100
0.28161698579788208 0.00339798000641167164 0.024815799668431282 100
0.288632005453109741 0.00250604003667831421 0.0228282995522022247 100
0.314678013324737549 0.00170696002896875143 0.0154392002150416374 100
0.303604006767272949 0.0138966003432869911 0.0172757003456354141 100
0.288592994213104248 0.0112872999161481857 0.0216862000524997711 100
0.28359299898147583 0.00977453030645847321 0.0231593996286392212 100
0.284599989652633667 0.00879477988928556442 0.0228707995265722275 100
0.281601011753082275 0.00753749022260308266 0.0237557999789714813 100
0.2796039879322052 0.00639001000672578812 0.0243468005210161209 100
0.280609995126724243 0.00541978003457188606 0.0240572001785039902 100
0.28061598539352417 0.00439361995086073875 0.0240605995059013367 100
0.281621992588043213 0.00339686009101569653 0.0237703993916511536 100
0.28964000940322876 0.00252487999387085438 0.0214265994727611542 100
0.322697997093200684 0.00179622997529804707 0.0117499995976686478 100
0.315625011920928955 0.0151070002466440201 0.012398100458085537 100
0.292603999376296997 0.0116555998101830482 0.0193658005446195602 100
0.290607988834381104 0.0103553002700209618 0.0199765991419553757 100
0.287609010934829712 0.00901706982403993607 0.02088950015604496 100
0.283609986305236816 0.00766767002642154694 0.0221043005585670471 100
0.280611008405685425 0.00644594011828303337 0.023015899583697319 100
0.28161698579788208 0.00546645978465676308 0.0227173008024692535 100
0.282624006271362305 0.00446926010772585869 0.0224185008555650711 100
0.282629996538162231 0.00342504004947841167 0.0224217008799314499 100
0.293651998043060303 0.00260475999675691128 0.0190986990928649902 100
0.31970098614692688 0.00175960001070052385 0.0112408995628356934 100
0.312629014253616333 0.0148069001734256744 0.0119781997054815292 100
0.29861798882484436 0.0122077995911240578 0.0163486003875732422 100
0.292616009712219238 0.0105219995602965355 0.0182243995368480682 100
0.28861701488494873 0.00909162033349275589 0.0194761008024215698 100
0.284617006778717041 0.00773293012753129005 0.0207270998507738113 100
0.281617999076843262 0.00650192983448505402 0.0216659996658563614 100
0.282624989748001099 0.00551318982616066933 0.0213584993034601212 100
0.284633010625839233 0.00454489979892969131 0.0207391995936632156 100
0.287642985582351685 0.00357029004953801632 0.0198082998394966125 100
0.297664999961853027 0.00268455990590155125 0.0166974999010562897 100
0.31069299578666687 0.00165459001436829567 0.0126528004184365273 100
0.312635987997055054 0.0148090999573469162 0.0106490002945065498 100
0.298624992370605469 0.0122092999517917633 0.0151460999622941017 100
0.294625014066696167 0.0106889000162482262 0.0164349004626274109 100
0.288623005151748657 0.00909234955906867981 0.0183642003685235977 100
0.284622997045516968 0.0077332700602710247 0.0196513999253511429 100
0.28362700343132019 0.00661402987316250801 0.019976399838924408 100
0.283632010221481323 0.00555995013564825058 0.0199804995208978653 100
0.286641985177993774 0.00462055997923016548 0.0190226994454860687 100
0.290654003620147705 0.00365696009248495102 0.0177443996071815491 100
0.300677001476287842 0.00274395989254117012 0.014543299563229084 100
0.313704997301101685 0.00168661994393914938 0.0103810997679829597 100
0.315647989511489868 0.0151137001812458038 0.00832893978804349899 100
0.30363801121711731 0.0126700997352600098 0.012293599545955658 100
0.29663500189781189 0.0108557995408773422 0.0146080004051327705 100
0.290632009506225586 0.00924101006239652634 0.0165918003767728806 100
0.287633001804351807 0.0079286498948931694 0.0175857990980148315 100
0.29366600513458252 0.00374361011199653149 0.015625 100
0.311708986759185791 0.00166165002156049013 0.00970114953815937042 100
0.313652008771896362 0.0149146001785993576 0.00764751015231013298 100
0.302644014358520508 0.0125801004469394684 0.0113821001723408699 100
0.297643005847930908 0.0109401000663638115 0.0130824996158480644 100
0.302650004625320435 0.0125820999965071678 0.0101394997909665108 100
0.302657008171081543 0.0125842001289129257 0.00889552012085914612 100
0.300660997629165649 0.0124025996774435043 0.00838225986808538437 100
